ENVIRONMENT
============================
CUDA_VERSION: 128
============================
NVCC path: /usr/local/cuda/bin/nvcc
GPP path: /usr/bin/g++ VERSION: g++ (Ubuntu 11.4.0-1ubuntu1~22.04) 11.4.0
CUDA_HOME: /usr/local/cuda
CONDA_PREFIX: 
PATH: /home/ubuntu/.local/bin:/home/ubuntu/.local/bin:/home/ubuntu/.local/bin:/usr/mpi/gcc/openmpi-4.1.7rc1/bin:/usr/local/sbin:/usr/local/bin:/usr/sbin:/usr/bin:/sbin:/bin:/usr/games:/usr/local/games:/snap/bin
LD_LIBRARY_PATH: /usr/mpi/gcc/openmpi-4.1.7rc1/lib:/usr/mpi/gcc/openmpi-4.1.7rc1/lib64
============================
/usr/local/cuda/bin/nvcc -gencode arch=compute_75,code=sm_75 -gencode arch=compute_80,code=sm_80 -gencode arch=compute_86,code=sm_86 -gencode arch=compute_89,code=sm_89 -gencode arch=compute_90,code=sm_90 -Xcompiler '-fPIC' --use_fast_math -Xptxas=-v -dc /home/ubuntu/altrux/.cache/bnb-src/csrc/ops.cu /home/ubuntu/altrux/.cache/bnb-src/csrc/kernels.cu -I /usr/local/cuda/include -I /home/ubuntu/altrux/.cache/bnb-src/csrc -I /include -I /home/ubuntu/altrux/.cache/bnb-src/include -L /usr/local/cuda/lib64 -lcudart -lcublas -lcublasLt -lcusparse -L /lib --output-directory /home/ubuntu/altrux/.cache/bnb-src/build
ptxas info    : 42 bytes gmem
ptxas info    : Compiling entry function '_ZN3cub33CUB_200700_750_800_860_890_900_NS11EmptyKernelIvEEvv' for 'sm_75'
ptxas info    : Function properties for _ZN3cub33CUB_200700_750_800_860_890_900_NS11EmptyKernelIvEEvv
    0 bytes stack frame, 0 bytes spill stores, 0 bytes spill loads
ptxas info    : Used 4 registers, used 0 barriers, 352 bytes cmem[0]
ptxas info    : Compile time = 0.704 ms
ptxas info    : 42 bytes gmem
ptxas info    : Compiling entry function '_ZN3cub33CUB_200700_750_800_860_890_900_NS11EmptyKernelIvEEvv' for 'sm_80'
ptxas info    : Function properties for _ZN3cub33CUB_200700_750_800_860_890_900_NS11EmptyKernelIvEEvv
    0 bytes stack frame, 0 bytes spill stores, 0 bytes spill loads
ptxas info    : Used 4 registers, used 0 barriers, 352 bytes cmem[0]
ptxas info    : Compile time = 0.692 ms
ptxas info    : 42 bytes gmem
ptxas info    : Compiling entry function '_ZN3cub33CUB_200700_750_800_860_890_900_NS11EmptyKernelIvEEvv' for 'sm_86'
ptxas info    : Function properties for _ZN3cub33CUB_200700_750_800_860_890_900_NS11EmptyKernelIvEEvv
    0 bytes stack frame, 0 bytes spill stores, 0 bytes spill loads
ptxas info    : Used 4 registers, used 0 barriers, 352 bytes cmem[0]
ptxas info    : Compile time = 0.720 ms
ptxas info    : 42 bytes gmem
ptxas info    : Compiling entry function '_ZN3cub33CUB_200700_750_800_860_890_900_NS11EmptyKernelIvEEvv' for 'sm_89'
ptxas info    : Function properties for _ZN3cub33CUB_200700_750_800_860_890_900_NS11EmptyKernelIvEEvv
    0 bytes stack frame, 0 bytes spill stores, 0 bytes spill loads
ptxas info    : Used 4 registers, used 0 barriers, 352 bytes cmem[0]
ptxas info    : Compile time = 0.700 ms
ptxas info    : 42 bytes gmem
ptxas info    : Compiling entry function '_ZN3cub33CUB_200700_750_800_860_890_900_NS11EmptyKernelIvEEvv' for 'sm_90'
ptxas info    : Function properties for _ZN3cub33CUB_200700_750_800_860_890_900_NS11EmptyKernelIvEEvv
    0 bytes stack frame, 0 bytes spill stores, 0 bytes spill loads
ptxas info    : Used 4 registers, used 0 barriers
ptxas info    : Compile time = 0.835 ms
ptxas warning : Value of threads per SM for entry _Z9kQuantizePfS_Phi is out of range. .minnctapersm will be ignored
ptxas info    : 116 bytes gmem
ptxas info    : Compiling entry function '_ZN3cub33CUB_200700_750_800_860_890_900_NS11EmptyKernelIvEEvv' for 'sm_75'
ptxas info    : Function properties for _ZN3cub33CUB_200700_750_800_860_890_900_NS11EmptyKernelIvEEvv
    0 bytes stack frame, 0 bytes spill stores, 0 bytes spill loads
ptxas info    : Used 4 registers, used 0 barriers, 352 bytes cmem[0]
ptxas info    : Compile time = 2.010 ms
ptxas info    : Compiling entry function '_Z35kOptimizerStatic8bit1StateBlockwiseI6__halfLi4ELi2048ELi8EEvPT_S2_PhfffifPfS4_ffbi' for 'sm_75'
ptxas info    : Function properties for _Z35kOptimizerStatic8bit1StateBlockwiseI6__halfLi4ELi2048ELi8EEvPT_S2_PhfffifPfS4_ffbi
    0 bytes stack frame, 0 bytes spill stores, 0 bytes spill loads
ptxas info    : Used 75 registers, used 1 barriers, 432 bytes cmem[0]
ptxas info    : Compile time = 55.035 ms
ptxas info    : Compiling entry function '_Z35kOptimizerStatic8bit1StateBlockwiseIfLi4ELi2048ELi8EEvPT_S1_PhfffifPfS3_ffbi' for 'sm_75'
ptxas info    : Function properties for _Z35kOptimizerStatic8bit1StateBlockwiseIfLi4ELi2048ELi8EEvPT_S1_PhfffifPfS3_ffbi
    0 bytes stack frame, 0 bytes spill stores, 0 bytes spill loads
ptxas info    : Used 72 registers, used 1 barriers, 432 bytes cmem[0]
ptxas info    : Compile time = 49.503 ms
ptxas info    : Compiling entry function '_Z35kOptimizerStatic8bit1StateBlockwiseI13__nv_bfloat16Li5ELi2048ELi8EEvPT_S2_PhfffifPfS4_ffbi' for 'sm_75'
ptxas info    : Function properties for _Z35kOptimizerStatic8bit1StateBlockwiseI13__nv_bfloat16Li5ELi2048ELi8EEvPT_S2_PhfffifPfS4_ffbi
    0 bytes stack frame, 0 bytes spill stores, 0 bytes spill loads
ptxas info    : Used 72 registers, used 1 barriers, 432 bytes cmem[0]
ptxas info    : Compile time = 74.061 ms
ptxas info    : Compiling entry function '_Z35kOptimizerStatic8bit1StateBlockwiseI6__halfLi5ELi2048ELi8EEvPT_S2_PhfffifPfS4_ffbi' for 'sm_75'
ptxas info    : Function properties for _Z35kOptimizerStatic8bit1StateBlockwiseI6__halfLi5ELi2048ELi8EEvPT_S2_PhfffifPfS4_ffbi
    0 bytes stack frame, 0 bytes spill stores, 0 bytes spill loads
ptxas info    : Used 76 registers, used 1 barriers, 432 bytes cmem[0]
ptxas info    : Compile time = 61.427 ms
ptxas info    : Compiling entry function '_Z35kOptimizerStatic8bit1StateBlockwiseIfLi5ELi2048ELi8EEvPT_S1_PhfffifPfS3_ffbi' for 'sm_75'
ptxas info    : Function properties for _Z35kOptimizerStatic8bit1StateBlockwiseIfLi5ELi2048ELi8EEvPT_S1_PhfffifPfS3_ffbi
    0 bytes stack frame, 0 bytes spill stores, 0 bytes spill loads
ptxas info    : Used 74 registers, used 1 barriers, 432 bytes cmem[0]
ptxas info    : Compile time = 54.491 ms
ptxas info    : Compiling entry function '_Z35kOptimizerStatic8bit1StateBlockwiseI6__halfLi2ELi2048ELi8EEvPT_S2_PhfffifPfS4_ffbi' for 'sm_75'
ptxas info    : Function properties for _Z35kOptimizerStatic8bit1StateBlockwiseI6__halfLi2ELi2048ELi8EEvPT_S2_PhfffifPfS4_ffbi
    0 bytes stack frame, 0 bytes spill stores, 0 bytes spill loads
ptxas info    : Used 75 registers, used 1 barriers, 432 bytes cmem[0]
ptxas info    : Compile time = 55.153 ms
ptxas info    : Compiling entry function '_Z35kOptimizerStatic8bit1StateBlockwiseIfLi2ELi2048ELi8EEvPT_S1_PhfffifPfS3_ffbi' for 'sm_75'
ptxas info    : Function properties for _Z35kOptimizerStatic8bit1StateBlockwiseIfLi2ELi2048ELi8EEvPT_S1_PhfffifPfS3_ffbi
    0 bytes stack frame, 0 bytes spill stores, 0 bytes spill loads
ptxas info    : Used 72 registers, used 1 barriers, 432 bytes cmem[0]
ptxas info    : Compile time = 50.959 ms
ptxas info    : Compiling entry function '_Z35kOptimizerStatic8bit1StateBlockwiseI6__halfLi1ELi2048ELi8EEvPT_S2_PhfffifPfS4_ffbi' for 'sm_75'
ptxas info    : Function properties for _Z35kOptimizerStatic8bit1StateBlockwiseI6__halfLi1ELi2048ELi8EEvPT_S2_PhfffifPfS4_ffbi
    0 bytes stack frame, 0 bytes spill stores, 0 bytes spill loads
ptxas info    : Used 75 registers, used 1 barriers, 432 bytes cmem[0]
ptxas info    : Compile time = 53.323 ms
ptxas info    : Compiling entry function '_Z35kOptimizerStatic8bit1StateBlockwiseIfLi1ELi2048ELi8EEvPT_S1_PhfffifPfS3_ffbi' for 'sm_75'
ptxas info    : Function properties for _Z35kOptimizerStatic8bit1StateBlockwiseIfLi1ELi2048ELi8EEvPT_S1_PhfffifPfS3_ffbi
    0 bytes stack frame, 0 bytes spill stores, 0 bytes spill loads
ptxas info    : Used 72 registers, used 1 barriers, 432 bytes cmem[0]
ptxas info    : Compile time = 49.551 ms
ptxas info    : Compiling entry function '_Z35kOptimizerStatic8bit2StateBlockwiseI13__nv_bfloat16Li0ELi2048ELi8EEvPT_S2_PhS3_fffifPfS4_S4_S4_ffbi' for 'sm_75'
ptxas info    : Function properties for _Z35kOptimizerStatic8bit2StateBlockwiseI13__nv_bfloat16Li0ELi2048ELi8EEvPT_S2_PhS3_fffifPfS4_S4_S4_ffbi
    0 bytes stack frame, 0 bytes spill stores, 0 bytes spill loads
ptxas info    : Used 80 registers, used 1 barriers, 456 bytes cmem[0]
ptxas info    : Compile time = 98.993 ms
ptxas info    : Compiling entry function '_Z35kOptimizerStatic8bit2StateBlockwiseI6__halfLi0ELi2048ELi8EEvPT_S2_PhS3_fffifPfS4_S4_S4_ffbi' for 'sm_75'
ptxas info    : Function properties for _Z35kOptimizerStatic8bit2StateBlockwiseI6__halfLi0ELi2048ELi8EEvPT_S2_PhS3_fffifPfS4_S4_S4_ffbi
    0 bytes stack frame, 0 bytes spill stores, 0 bytes spill loads
ptxas info    : Used 80 registers, used 1 barriers, 456 bytes cmem[0]
ptxas info    : Compile time = 91.676 ms
ptxas info    : Compiling entry function '_Z35kOptimizerStatic8bit2StateBlockwiseIfLi0ELi2048ELi8EEvPT_S1_PhS2_fffifPfS3_S3_S3_ffbi' for 'sm_75'
ptxas info    : Function properties for _Z35kOptimizerStatic8bit2StateBlockwiseIfLi0ELi2048ELi8EEvPT_S1_PhS2_fffifPfS3_S3_S3_ffbi
    0 bytes stack frame, 0 bytes spill stores, 0 bytes spill loads
ptxas info    : Used 80 registers, used 1 barriers, 456 bytes cmem[0]
ptxas info    : Compile time = 85.678 ms
ptxas info    : Compiling entry function '_Z20kDequantizeBlockwiseI13__nv_bfloat16Li512ELi64ELi8ELi2EEvPfPhS1_PT_ii' for 'sm_75'
ptxas info    : Function properties for _Z20kDequantizeBlockwiseI13__nv_bfloat16Li512ELi64ELi8ELi2EEvPfPhS1_PT_ii
    0 bytes stack frame, 0 bytes spill stores, 0 bytes spill loads
ptxas info    : Used 64 registers, used 1 barriers, 392 bytes cmem[0]
ptxas info    : Compile time = 30.648 ms
ptxas info    : Compiling entry function '_Z20kDequantizeBlockwiseI13__nv_bfloat16Li512ELi64ELi8ELi0EEvPfPhS1_PT_ii' for 'sm_75'
ptxas info    : Function properties for _Z20kDequantizeBlockwiseI13__nv_bfloat16Li512ELi64ELi8ELi0EEvPfPhS1_PT_ii
    0 bytes stack frame, 0 bytes spill stores, 0 bytes spill loads
ptxas info    : Used 51 registers, used 1 barriers, 392 bytes cmem[0]
ptxas info    : Compile time = 9.428 ms
ptxas info    : Compiling entry function '_Z20kDequantizeBlockwiseI13__nv_bfloat16Li512ELi64ELi8ELi1EEvPfPhS1_PT_ii' for 'sm_75'
ptxas info    : Function properties for _Z20kDequantizeBlockwiseI13__nv_bfloat16Li512ELi64ELi8ELi1EEvPfPhS1_PT_ii
    0 bytes stack frame, 0 bytes spill stores, 0 bytes spill loads
ptxas info    : Used 64 registers, used 1 barriers, 392 bytes cmem[0]
ptxas info    : Compile time = 21.353 ms
ptxas info    : Compiling entry function '_Z20kDequantizeBlockwiseIfLi512ELi64ELi8ELi2EEvPfPhS0_PT_ii' for 'sm_75'
ptxas info    : Function properties for _Z20kDequantizeBlockwiseIfLi512ELi64ELi8ELi2EEvPfPhS0_PT_ii
    0 bytes stack frame, 0 bytes spill stores, 0 bytes spill loads
ptxas info    : Used 64 registers, used 1 barriers, 392 bytes cmem[0]
ptxas info    : Compile time = 23.923 ms
ptxas info    : Compiling entry function '_Z20kDequantizeBlockwiseIfLi512ELi64ELi8ELi0EEvPfPhS0_PT_ii' for 'sm_75'
ptxas info    : Function properties for _Z20kDequantizeBlockwiseIfLi512ELi64ELi8ELi0EEvPfPhS0_PT_ii
    0 bytes stack frame, 0 bytes spill stores, 0 bytes spill loads
ptxas info    : Used 56 registers, used 1 barriers, 392 bytes cmem[0]
ptxas info    : Compile time = 6.812 ms
ptxas info    : Compiling entry function '_Z20kDequantizeBlockwiseIfLi512ELi64ELi8ELi1EEvPfPhS0_PT_ii' for 'sm_75'
ptxas info    : Function properties for _Z20kDequantizeBlockwiseIfLi512ELi64ELi8ELi1EEvPfPhS0_PT_ii
    0 bytes stack frame, 0 bytes spill stores, 0 bytes spill loads
ptxas info    : Used 64 registers, used 1 barriers, 392 bytes cmem[0]
ptxas info    : Compile time = 16.315 ms
ptxas info    : Compiling entry function '_Z20kDequantizeBlockwiseI6__halfLi512ELi64ELi8ELi2EEvPfPhS1_PT_ii' for 'sm_75'
ptxas info    : Function properties for _Z20kDequantizeBlockwiseI6__halfLi512ELi64ELi8ELi2EEvPfPhS1_PT_ii
    0 bytes stack frame, 0 bytes spill stores, 0 bytes spill loads
ptxas info    : Used 64 registers, used 1 barriers, 392 bytes cmem[0]
ptxas info    : Compile time = 24.979 ms
ptxas info    : Compiling entry function '_Z20kDequantizeBlockwiseI6__halfLi512ELi64ELi8ELi0EEvPfPhS1_PT_ii' for 'sm_75'
ptxas info    : Function properties for _Z20kDequantizeBlockwiseI6__halfLi512ELi64ELi8ELi0EEvPfPhS1_PT_ii
    0 bytes stack frame, 0 bytes spill stores, 0 bytes spill loads
ptxas info    : Used 52 registers, used 1 barriers, 392 bytes cmem[0]
ptxas info    : Compile time = 7.264 ms
ptxas info    : Compiling entry function '_Z20kDequantizeBlockwiseI6__halfLi512ELi64ELi8ELi1EEvPfPhS1_PT_ii' for 'sm_75'
ptxas info    : Function properties for _Z20kDequantizeBlockwiseI6__halfLi512ELi64ELi8ELi1EEvPfPhS1_PT_ii
    0 bytes stack frame, 0 bytes spill stores, 0 bytes spill loads
ptxas info    : Used 64 registers, used 1 barriers, 392 bytes cmem[0]
ptxas info    : Compile time = 16.996 ms
ptxas info    : Compiling entry function '_Z18kQuantizeBlockwiseI13__nv_bfloat16Li64ELi2ELi0ELi2EEvPfPT_S1_PhS1_ii' for 'sm_75'
ptxas info    : Function properties for _Z18kQuantizeBlockwiseI13__nv_bfloat16Li64ELi2ELi0ELi2EEvPfPT_S1_PhS1_ii
    0 bytes stack frame, 0 bytes spill stores, 0 bytes spill loads
ptxas info    : Used 24 registers, used 1 barriers, 400 bytes cmem[0]
ptxas info    : Compile time = 7.251 ms
ptxas info    : Compiling entry function '_Z18kQuantizeBlockwiseI13__nv_bfloat16Li128ELi2ELi0ELi2EEvPfPT_S1_PhS1_ii' for 'sm_75'
ptxas info    : Function properties for _Z18kQuantizeBlockwiseI13__nv_bfloat16Li128ELi2ELi0ELi2EEvPfPT_S1_PhS1_ii
    0 bytes stack frame, 0 bytes spill stores, 0 bytes spill loads
ptxas info    : Used 24 registers, used 1 barriers, 400 bytes cmem[0]
ptxas info    : Compile time = 7.870 ms
ptxas info    : Compiling entry function '_Z18kQuantizeBlockwiseI13__nv_bfloat16Li256ELi2ELi0ELi2EEvPfPT_S1_PhS1_ii' for 'sm_75'
ptxas info    : Function properties for _Z18kQuantizeBlockwiseI13__nv_bfloat16Li256ELi2ELi0ELi2EEvPfPT_S1_PhS1_ii
    0 bytes stack frame, 0 bytes spill stores, 0 bytes spill loads
ptxas info    : Used 24 registers, used 1 barriers, 400 bytes cmem[0]
ptxas info    : Compile time = 8.070 ms
ptxas info    : Compiling entry function '_Z18kQuantizeBlockwiseI13__nv_bfloat16Li512ELi2ELi0ELi2EEvPfPT_S1_PhS1_ii' for 'sm_75'
ptxas info    : Function properties for _Z18kQuantizeBlockwiseI13__nv_bfloat16Li512ELi2ELi0ELi2EEvPfPT_S1_PhS1_ii
    0 bytes stack frame, 0 bytes spill stores, 0 bytes spill loads
ptxas info    : Used 28 registers, used 1 barriers, 400 bytes cmem[0]
ptxas info    : Compile time = 8.495 ms
ptxas info    : Compiling entry function '_Z18kQuantizeBlockwiseI13__nv_bfloat16Li1024ELi4ELi0ELi2EEvPfPT_S1_PhS1_ii' for 'sm_75'
ptxas info    : Function properties for _Z18kQuantizeBlockwiseI13__nv_bfloat16Li1024ELi4ELi0ELi2EEvPfPT_S1_PhS1_ii
    0 bytes stack frame, 0 bytes spill stores, 0 bytes spill loads
ptxas info    : Used 32 registers, used 1 barriers, 400 bytes cmem[0]
ptxas info    : Compile time = 10.787 ms
ptxas info    : Compiling entry function '_Z18kQuantizeBlockwiseI13__nv_bfloat16Li2048ELi4ELi0ELi2EEvPfPT_S1_PhS1_ii' for 'sm_75'
ptxas info    : Function properties for _Z18kQuantizeBlockwiseI13__nv_bfloat16Li2048ELi4ELi0ELi2EEvPfPT_S1_PhS1_ii
    0 bytes stack frame, 0 bytes spill stores, 0 bytes spill loads
ptxas info    : Used 32 registers, used 1 barriers, 400 bytes cmem[0]
ptxas info    : Compile time = 11.688 ms
ptxas info    : Compiling entry function '_Z18kQuantizeBlockwiseI13__nv_bfloat16Li4096ELi4ELi0ELi2EEvPfPT_S1_PhS1_ii' for 'sm_75'
ptxas info    : Function properties for _Z18kQuantizeBlockwiseI13__nv_bfloat16Li4096ELi4ELi0ELi2EEvPfPT_S1_PhS1_ii
    0 bytes stack frame, 0 bytes spill stores, 0 bytes spill loads
ptxas info    : Used 32 registers, used 1 barriers, 400 bytes cmem[0]
ptxas info    : Compile time = 13.530 ms
ptxas info    : Compiling entry function '_Z18kQuantizeBlockwiseI13__nv_bfloat16Li64ELi2ELi0ELi1EEvPfPT_S1_PhS1_ii' for 'sm_75'
ptxas info    : Function properties for _Z18kQuantizeBlockwiseI13__nv_bfloat16Li64ELi2ELi0ELi1EEvPfPT_S1_PhS1_ii
    0 bytes stack frame, 0 bytes spill stores, 0 bytes spill loads
ptxas info    : Used 24 registers, used 1 barriers, 400 bytes cmem[0]
ptxas info    : Compile time = 6.974 ms
ptxas info    : Compiling entry function '_Z18kQuantizeBlockwiseI13__nv_bfloat16Li128ELi2ELi0ELi1EEvPfPT_S1_PhS1_ii' for 'sm_75'
ptxas info    : Function properties for _Z18kQuantizeBlockwiseI13__nv_bfloat16Li128ELi2ELi0ELi1EEvPfPT_S1_PhS1_ii
    0 bytes stack frame, 0 bytes spill stores, 0 bytes spill loads
ptxas info    : Used 24 registers, used 1 barriers, 400 bytes cmem[0]
ptxas info    : Compile time = 7.539 ms
ptxas info    : Compiling entry function '_Z18kQuantizeBlockwiseI13__nv_bfloat16Li256ELi2ELi0ELi1EEvPfPT_S1_PhS1_ii' for 'sm_75'
ptxas info    : Function properties for _Z18kQuantizeBlockwiseI13__nv_bfloat16Li256ELi2ELi0ELi1EEvPfPT_S1_PhS1_ii
    0 bytes stack frame, 0 bytes spill stores, 0 bytes spill loads
ptxas info    : Used 24 registers, used 1 barriers, 400 bytes cmem[0]
ptxas info    : Compile time = 7.755 ms
ptxas info    : Compiling entry function '_Z18kQuantizeBlockwiseI13__nv_bfloat16Li512ELi2ELi0ELi1EEvPfPT_S1_PhS1_ii' for 'sm_75'
ptxas info    : Function properties for _Z18kQuantizeBlockwiseI13__nv_bfloat16Li512ELi2ELi0ELi1EEvPfPT_S1_PhS1_ii
    0 bytes stack frame, 0 bytes spill stores, 0 bytes spill loads
ptxas info    : Used 28 registers, used 1 barriers, 400 bytes cmem[0]
ptxas info    : Compile time = 8.193 ms
ptxas info    : Compiling entry function '_Z18kQuantizeBlockwiseI13__nv_bfloat16Li1024ELi4ELi0ELi1EEvPfPT_S1_PhS1_ii' for 'sm_75'
ptxas info    : Function properties for _Z18kQuantizeBlockwiseI13__nv_bfloat16Li1024ELi4ELi0ELi1EEvPfPT_S1_PhS1_ii
    0 bytes stack frame, 0 bytes spill stores, 0 bytes spill loads
ptxas info    : Used 32 registers, used 1 barriers, 400 bytes cmem[0]
ptxas info    : Compile time = 10.147 ms
ptxas info    : Compiling entry function '_Z18kQuantizeBlockwiseI13__nv_bfloat16Li2048ELi4ELi0ELi1EEvPfPT_S1_PhS1_ii' for 'sm_75'
ptxas info    : Function properties for _Z18kQuantizeBlockwiseI13__nv_bfloat16Li2048ELi4ELi0ELi1EEvPfPT_S1_PhS1_ii
    0 bytes stack frame, 0 bytes spill stores, 0 bytes spill loads
ptxas info    : Used 32 registers, used 1 barriers, 400 bytes cmem[0]
ptxas info    : Compile time = 11.062 ms
ptxas info    : Compiling entry function '_Z18kQuantizeBlockwiseI13__nv_bfloat16Li4096ELi4ELi0ELi1EEvPfPT_S1_PhS1_ii' for 'sm_75'
ptxas info    : Function properties for _Z18kQuantizeBlockwiseI13__nv_bfloat16Li4096ELi4ELi0ELi1EEvPfPT_S1_PhS1_ii
    0 bytes stack frame, 0 bytes spill stores, 0 bytes spill loads
ptxas info    : Used 32 registers, used 1 barriers, 400 bytes cmem[0]
ptxas info    : Compile time = 12.893 ms
ptxas info    : Compiling entry function '_Z18kQuantizeBlockwiseI13__nv_bfloat16Li64ELi2ELi0ELi0EEvPfPT_S1_PhS1_ii' for 'sm_75'
ptxas info    : Function properties for _Z18kQuantizeBlockwiseI13__nv_bfloat16Li64ELi2ELi0ELi0EEvPfPT_S1_PhS1_ii
    0 bytes stack frame, 0 bytes spill stores, 0 bytes spill loads
ptxas info    : Used 40 registers, used 1 barriers, 400 bytes cmem[0]
ptxas info    : Compile time = 10.135 ms
ptxas info    : Compiling entry function '_Z18kQuantizeBlockwiseI13__nv_bfloat16Li128ELi2ELi0ELi0EEvPfPT_S1_PhS1_ii' for 'sm_75'
ptxas info    : Function properties for _Z18kQuantizeBlockwiseI13__nv_bfloat16Li128ELi2ELi0ELi0EEvPfPT_S1_PhS1_ii
    0 bytes stack frame, 0 bytes spill stores, 0 bytes spill loads
ptxas info    : Used 44 registers, used 1 barriers, 400 bytes cmem[0]
ptxas info    : Compile time = 10.866 ms
ptxas info    : Compiling entry function '_Z18kQuantizeBlockwiseI13__nv_bfloat16Li256ELi2ELi0ELi0EEvPfPT_S1_PhS1_ii' for 'sm_75'
ptxas info    : Function properties for _Z18kQuantizeBlockwiseI13__nv_bfloat16Li256ELi2ELi0ELi0EEvPfPT_S1_PhS1_ii
    0 bytes stack frame, 0 bytes spill stores, 0 bytes spill loads
ptxas info    : Used 44 registers, used 1 barriers, 400 bytes cmem[0]
ptxas info    : Compile time = 11.059 ms
ptxas info    : Compiling entry function '_Z18kQuantizeBlockwiseI13__nv_bfloat16Li512ELi2ELi0ELi0EEvPfPT_S1_PhS1_ii' for 'sm_75'
ptxas info    : Function properties for _Z18kQuantizeBlockwiseI13__nv_bfloat16Li512ELi2ELi0ELi0EEvPfPT_S1_PhS1_ii
    0 bytes stack frame, 0 bytes spill stores, 0 bytes spill loads
ptxas info    : Used 44 registers, used 1 barriers, 400 bytes cmem[0]
ptxas info    : Compile time = 11.367 ms
ptxas info    : Compiling entry function '_Z18kQuantizeBlockwiseI13__nv_bfloat16Li1024ELi4ELi0ELi0EEvPfPT_S1_PhS1_ii' for 'sm_75'
ptxas info    : Function properties for _Z18kQuantizeBlockwiseI13__nv_bfloat16Li1024ELi4ELi0ELi0EEvPfPT_S1_PhS1_ii
    0 bytes stack frame, 0 bytes spill stores, 0 bytes spill loads
ptxas info    : Used 56 registers, used 1 barriers, 400 bytes cmem[0]
ptxas info    : Compile time = 16.622 ms
ptxas info    : Compiling entry function '_Z18kQuantizeBlockwiseI13__nv_bfloat16Li2048ELi4ELi0ELi0EEvPfPT_S1_PhS1_ii' for 'sm_75'
ptxas info    : Function properties for _Z18kQuantizeBlockwiseI13__nv_bfloat16Li2048ELi4ELi0ELi0EEvPfPT_S1_PhS1_ii
    0 bytes stack frame, 0 bytes spill stores, 0 bytes spill loads
ptxas info    : Used 50 registers, used 1 barriers, 400 bytes cmem[0]
ptxas info    : Compile time = 18.515 ms
ptxas info    : Compiling entry function '_Z18kQuantizeBlockwiseI13__nv_bfloat16Li4096ELi4ELi1ELi0EEvPfPT_S1_PhS1_ii' for 'sm_75'
ptxas info    : Function properties for _Z18kQuantizeBlockwiseI13__nv_bfloat16Li4096ELi4ELi1ELi0EEvPfPT_S1_PhS1_ii
    0 bytes stack frame, 0 bytes spill stores, 0 bytes spill loads
ptxas info    : Used 60 registers, used 1 barriers, 400 bytes cmem[0]
ptxas info    : Compile time = 21.690 ms
ptxas info    : Compiling entry function '_Z18kQuantizeBlockwiseI13__nv_bfloat16Li4096ELi4ELi0ELi0EEvPfPT_S1_PhS1_ii' for 'sm_75'
ptxas info    : Function properties for _Z18kQuantizeBlockwiseI13__nv_bfloat16Li4096ELi4ELi0ELi0EEvPfPT_S1_PhS1_ii
    0 bytes stack frame, 0 bytes spill stores, 0 bytes spill loads
ptxas info    : Used 50 registers, used 1 barriers, 400 bytes cmem[0]
ptxas info    : Compile time = 20.470 ms
ptxas info    : Compiling entry function '_Z18kQuantizeBlockwiseIfLi64ELi2ELi0ELi2EEvPfPT_S0_PhS0_ii' for 'sm_75'
ptxas info    : Function properties for _Z18kQuantizeBlockwiseIfLi64ELi2ELi0ELi2EEvPfPT_S0_PhS0_ii
    0 bytes stack frame, 0 bytes spill stores, 0 bytes spill loads
ptxas info    : Used 24 registers, used 1 barriers, 400 bytes cmem[0]
ptxas info    : Compile time = 7.195 ms
ptxas info    : Compiling entry function '_Z18kQuantizeBlockwiseIfLi128ELi2ELi0ELi2EEvPfPT_S0_PhS0_ii' for 'sm_75'
ptxas info    : Function properties for _Z18kQuantizeBlockwiseIfLi128ELi2ELi0ELi2EEvPfPT_S0_PhS0_ii
    0 bytes stack frame, 0 bytes spill stores, 0 bytes spill loads
ptxas info    : Used 24 registers, used 1 barriers, 400 bytes cmem[0]
ptxas info    : Compile time = 7.753 ms
ptxas info    : Compiling entry function '_Z18kQuantizeBlockwiseIfLi256ELi2ELi0ELi2EEvPfPT_S0_PhS0_ii' for 'sm_75'
ptxas info    : Function properties for _Z18kQuantizeBlockwiseIfLi256ELi2ELi0ELi2EEvPfPT_S0_PhS0_ii
    0 bytes stack frame, 0 bytes spill stores, 0 bytes spill loads
ptxas info    : Used 24 registers, used 1 barriers, 400 bytes cmem[0]
ptxas info    : Compile time = 7.943 ms
ptxas info    : Compiling entry function '_Z18kQuantizeBlockwiseIfLi512ELi2ELi0ELi2EEvPfPT_S0_PhS0_ii' for 'sm_75'
ptxas info    : Function properties for _Z18kQuantizeBlockwiseIfLi512ELi2ELi0ELi2EEvPfPT_S0_PhS0_ii
    0 bytes stack frame, 0 bytes spill stores, 0 bytes spill loads
ptxas info    : Used 29 registers, used 1 barriers, 400 bytes cmem[0]
ptxas info    : Compile time = 8.428 ms
ptxas info    : Compiling entry function '_Z18kQuantizeBlockwiseIfLi1024ELi4ELi0ELi2EEvPfPT_S0_PhS0_ii' for 'sm_75'
ptxas info    : Function properties for _Z18kQuantizeBlockwiseIfLi1024ELi4ELi0ELi2EEvPfPT_S0_PhS0_ii
    0 bytes stack frame, 0 bytes spill stores, 0 bytes spill loads
ptxas info    : Used 34 registers, used 1 barriers, 400 bytes cmem[0]
ptxas info    : Compile time = 10.574 ms
ptxas info    : Compiling entry function '_Z18kQuantizeBlockwiseIfLi2048ELi4ELi0ELi2EEvPfPT_S0_PhS0_ii' for 'sm_75'
ptxas info    : Function properties for _Z18kQuantizeBlockwiseIfLi2048ELi4ELi0ELi2EEvPfPT_S0_PhS0_ii
    0 bytes stack frame, 0 bytes spill stores, 0 bytes spill loads
ptxas info    : Used 34 registers, used 1 barriers, 400 bytes cmem[0]
ptxas info    : Compile time = 11.551 ms
ptxas info    : Compiling entry function '_Z18kQuantizeBlockwiseIfLi4096ELi4ELi0ELi2EEvPfPT_S0_PhS0_ii' for 'sm_75'
ptxas info    : Function properties for _Z18kQuantizeBlockwiseIfLi4096ELi4ELi0ELi2EEvPfPT_S0_PhS0_ii
    0 bytes stack frame, 0 bytes spill stores, 0 bytes spill loads
ptxas info    : Used 34 registers, used 1 barriers, 400 bytes cmem[0]
ptxas info    : Compile time = 13.363 ms
ptxas info    : Compiling entry function '_Z18kQuantizeBlockwiseIfLi64ELi2ELi0ELi1EEvPfPT_S0_PhS0_ii' for 'sm_75'
ptxas info    : Function properties for _Z18kQuantizeBlockwiseIfLi64ELi2ELi0ELi1EEvPfPT_S0_PhS0_ii
    0 bytes stack frame, 0 bytes spill stores, 0 bytes spill loads
ptxas info    : Used 24 registers, used 1 barriers, 400 bytes cmem[0]
ptxas info    : Compile time = 6.875 ms
ptxas info    : Compiling entry function '_Z18kQuantizeBlockwiseIfLi128ELi2ELi0ELi1EEvPfPT_S0_PhS0_ii' for 'sm_75'
ptxas info    : Function properties for _Z18kQuantizeBlockwiseIfLi128ELi2ELi0ELi1EEvPfPT_S0_PhS0_ii
    0 bytes stack frame, 0 bytes spill stores, 0 bytes spill loads
ptxas info    : Used 24 registers, used 1 barriers, 400 bytes cmem[0]
ptxas info    : Compile time = 7.450 ms
ptxas info    : Compiling entry function '_Z18kQuantizeBlockwiseIfLi256ELi2ELi0ELi1EEvPfPT_S0_PhS0_ii' for 'sm_75'
ptxas info    : Function properties for _Z18kQuantizeBlockwiseIfLi256ELi2ELi0ELi1EEvPfPT_S0_PhS0_ii
    0 bytes stack frame, 0 bytes spill stores, 0 bytes spill loads
ptxas info    : Used 24 registers, used 1 barriers, 400 bytes cmem[0]
ptxas info    : Compile time = 7.623 ms
ptxas info    : Compiling entry function '_Z18kQuantizeBlockwiseIfLi512ELi2ELi0ELi1EEvPfPT_S0_PhS0_ii' for 'sm_75'
ptxas info    : Function properties for _Z18kQuantizeBlockwiseIfLi512ELi2ELi0ELi1EEvPfPT_S0_PhS0_ii
    0 bytes stack frame, 0 bytes spill stores, 0 bytes spill loads
ptxas info    : Used 29 registers, used 1 barriers, 400 bytes cmem[0]
ptxas info    : Compile time = 8.037 ms
ptxas info    : Compiling entry function '_Z18kQuantizeBlockwiseIfLi1024ELi4ELi0ELi1EEvPfPT_S0_PhS0_ii' for 'sm_75'
ptxas info    : Function properties for _Z18kQuantizeBlockwiseIfLi1024ELi4ELi0ELi1EEvPfPT_S0_PhS0_ii
    0 bytes stack frame, 0 bytes spill stores, 0 bytes spill loads
ptxas info    : Used 34 registers, used 1 barriers, 400 bytes cmem[0]
ptxas info    : Compile time = 9.965 ms
ptxas info    : Compiling entry function '_Z18kQuantizeBlockwiseIfLi2048ELi4ELi0ELi1EEvPfPT_S0_PhS0_ii' for 'sm_75'
ptxas info    : Function properties for _Z18kQuantizeBlockwiseIfLi2048ELi4ELi0ELi1EEvPfPT_S0_PhS0_ii
    0 bytes stack frame, 0 bytes spill stores, 0 bytes spill loads
ptxas info    : Used 34 registers, used 1 barriers, 400 bytes cmem[0]
ptxas info    : Compile time = 11.016 ms
ptxas info    : Compiling entry function '_Z18kQuantizeBlockwiseIfLi4096ELi4ELi0ELi1EEvPfPT_S0_PhS0_ii' for 'sm_75'
ptxas info    : Function properties for _Z18kQuantizeBlockwiseIfLi4096ELi4ELi0ELi1EEvPfPT_S0_PhS0_ii
    0 bytes stack frame, 0 bytes spill stores, 0 bytes spill loads
ptxas info    : Used 34 registers, used 1 barriers, 400 bytes cmem[0]
ptxas info    : Compile time = 13.009 ms
ptxas info    : Compiling entry function '_Z18kQuantizeBlockwiseIfLi64ELi2ELi0ELi0EEvPfPT_S0_PhS0_ii' for 'sm_75'
ptxas info    : Function properties for _Z18kQuantizeBlockwiseIfLi64ELi2ELi0ELi0EEvPfPT_S0_PhS0_ii
    0 bytes stack frame, 0 bytes spill stores, 0 bytes spill loads
ptxas info    : Used 38 registers, used 1 barriers, 400 bytes cmem[0]
ptxas info    : Compile time = 10.087 ms
ptxas info    : Compiling entry function '_Z18kQuantizeBlockwiseIfLi128ELi2ELi0ELi0EEvPfPT_S0_PhS0_ii' for 'sm_75'
ptxas info    : Function properties for _Z18kQuantizeBlockwiseIfLi128ELi2ELi0ELi0EEvPfPT_S0_PhS0_ii
    0 bytes stack frame, 0 bytes spill stores, 0 bytes spill loads
ptxas info    : Used 45 registers, used 1 barriers, 400 bytes cmem[0]
ptxas info    : Compile time = 10.803 ms
ptxas info    : Compiling entry function '_Z18kQuantizeBlockwiseIfLi256ELi2ELi0ELi0EEvPfPT_S0_PhS0_ii' for 'sm_75'
ptxas info    : Function properties for _Z18kQuantizeBlockwiseIfLi256ELi2ELi0ELi0EEvPfPT_S0_PhS0_ii
    0 bytes stack frame, 0 bytes spill stores, 0 bytes spill loads
ptxas info    : Used 45 registers, used 1 barriers, 400 bytes cmem[0]
ptxas info    : Compile time = 10.999 ms
ptxas info    : Compiling entry function '_Z18kQuantizeBlockwiseIfLi512ELi2ELi0ELi0EEvPfPT_S0_PhS0_ii' for 'sm_75'
ptxas info    : Function properties for _Z18kQuantizeBlockwiseIfLi512ELi2ELi0ELi0EEvPfPT_S0_PhS0_ii
    0 bytes stack frame, 0 bytes spill stores, 0 bytes spill loads
ptxas info    : Used 45 registers, used 1 barriers, 400 bytes cmem[0]
ptxas info    : Compile time = 11.416 ms
ptxas info    : Compiling entry function '_Z18kQuantizeBlockwiseIfLi1024ELi4ELi0ELi0EEvPfPT_S0_PhS0_ii' for 'sm_75'
ptxas info    : Function properties for _Z18kQuantizeBlockwiseIfLi1024ELi4ELi0ELi0EEvPfPT_S0_PhS0_ii
    0 bytes stack frame, 0 bytes spill stores, 0 bytes spill loads
ptxas info    : Used 53 registers, used 1 barriers, 400 bytes cmem[0]
ptxas info    : Compile time = 16.567 ms
ptxas info    : Compiling entry function '_Z18kQuantizeBlockwiseIfLi2048ELi4ELi0ELi0EEvPfPT_S0_PhS0_ii' for 'sm_75'
ptxas info    : Function properties for _Z18kQuantizeBlockwiseIfLi2048ELi4ELi0ELi0EEvPfPT_S0_PhS0_ii
    0 bytes stack frame, 0 bytes spill stores, 0 bytes spill loads
ptxas info    : Used 51 registers, used 1 barriers, 400 bytes cmem[0]
ptxas info    : Compile time = 17.999 ms
ptxas info    : Compiling entry function '_Z18kQuantizeBlockwiseIfLi4096ELi4ELi1ELi0EEvPfPT_S0_PhS0_ii' for 'sm_75'
ptxas info    : Function properties for _Z18kQuantizeBlockwiseIfLi4096ELi4ELi1ELi0EEvPfPT_S0_PhS0_ii
    0 bytes stack frame, 0 bytes spill stores, 0 bytes spill loads
ptxas info    : Used 57 registers, used 1 barriers, 400 bytes cmem[0]
ptxas info    : Compile time = 21.711 ms
ptxas info    : Compiling entry function '_Z18kQuantizeBlockwiseIfLi4096ELi4ELi0ELi0EEvPfPT_S0_PhS0_ii' for 'sm_75'
ptxas info    : Function properties for _Z18kQuantizeBlockwiseIfLi4096ELi4ELi0ELi0EEvPfPT_S0_PhS0_ii
    0 bytes stack frame, 0 bytes spill stores, 0 bytes spill loads
ptxas info    : Used 51 registers, used 1 barriers, 400 bytes cmem[0]
ptxas info    : Compile time = 20.555 ms
ptxas info    : Compiling entry function '_Z18kQuantizeBlockwiseI6__halfLi64ELi2ELi0ELi2EEvPfPT_S1_PhS1_ii' for 'sm_75'
ptxas info    : Function properties for _Z18kQuantizeBlockwiseI6__halfLi64ELi2ELi0ELi2EEvPfPT_S1_PhS1_ii
    0 bytes stack frame, 0 bytes spill stores, 0 bytes spill loads
ptxas info    : Used 24 registers, used 1 barriers, 400 bytes cmem[0]
ptxas info    : Compile time = 7.347 ms
ptxas info    : Compiling entry function '_Z18kQuantizeBlockwiseI6__halfLi128ELi2ELi0ELi2EEvPfPT_S1_PhS1_ii' for 'sm_75'
ptxas info    : Function properties for _Z18kQuantizeBlockwiseI6__halfLi128ELi2ELi0ELi2EEvPfPT_S1_PhS1_ii
    0 bytes stack frame, 0 bytes spill stores, 0 bytes spill loads
ptxas info    : Used 24 registers, used 1 barriers, 400 bytes cmem[0]
ptxas info    : Compile time = 7.951 ms
ptxas info    : Compiling entry function '_Z18kQuantizeBlockwiseI6__halfLi256ELi2ELi0ELi2EEvPfPT_S1_PhS1_ii' for 'sm_75'
ptxas info    : Function properties for _Z18kQuantizeBlockwiseI6__halfLi256ELi2ELi0ELi2EEvPfPT_S1_PhS1_ii
    0 bytes stack frame, 0 bytes spill stores, 0 bytes spill loads
ptxas info    : Used 24 registers, used 1 barriers, 400 bytes cmem[0]
ptxas info    : Compile time = 8.175 ms
ptxas info    : Compiling entry function '_Z18kQuantizeBlockwiseI6__halfLi512ELi2ELi0ELi2EEvPfPT_S1_PhS1_ii' for 'sm_75'
ptxas info    : Function properties for _Z18kQuantizeBlockwiseI6__halfLi512ELi2ELi0ELi2EEvPfPT_S1_PhS1_ii
    0 bytes stack frame, 0 bytes spill stores, 0 bytes spill loads
ptxas info    : Used 28 registers, used 1 barriers, 400 bytes cmem[0]
ptxas info    : Compile time = 8.612 ms
ptxas info    : Compiling entry function '_Z18kQuantizeBlockwiseI6__halfLi1024ELi4ELi0ELi2EEvPfPT_S1_PhS1_ii' for 'sm_75'
ptxas info    : Function properties for _Z18kQuantizeBlockwiseI6__halfLi1024ELi4ELi0ELi2EEvPfPT_S1_PhS1_ii
    0 bytes stack frame, 0 bytes spill stores, 0 bytes spill loads
ptxas info    : Used 32 registers, used 1 barriers, 400 bytes cmem[0]
ptxas info    : Compile time = 10.849 ms
ptxas info    : Compiling entry function '_Z18kQuantizeBlockwiseI6__halfLi2048ELi4ELi0ELi2EEvPfPT_S1_PhS1_ii' for 'sm_75'
ptxas info    : Function properties for _Z18kQuantizeBlockwiseI6__halfLi2048ELi4ELi0ELi2EEvPfPT_S1_PhS1_ii
    0 bytes stack frame, 0 bytes spill stores, 0 bytes spill loads
ptxas info    : Used 32 registers, used 1 barriers, 400 bytes cmem[0]
ptxas info    : Compile time = 12.022 ms
ptxas info    : Compiling entry function '_Z18kQuantizeBlockwiseI6__halfLi4096ELi4ELi0ELi2EEvPfPT_S1_PhS1_ii' for 'sm_75'
ptxas info    : Function properties for _Z18kQuantizeBlockwiseI6__halfLi4096ELi4ELi0ELi2EEvPfPT_S1_PhS1_ii
    0 bytes stack frame, 0 bytes spill stores, 0 bytes spill loads
ptxas info    : Used 32 registers, used 1 barriers, 400 bytes cmem[0]
ptxas info    : Compile time = 13.844 ms
ptxas info    : Compiling entry function '_Z18kQuantizeBlockwiseI6__halfLi64ELi2ELi0ELi1EEvPfPT_S1_PhS1_ii' for 'sm_75'
ptxas info    : Function properties for _Z18kQuantizeBlockwiseI6__halfLi64ELi2ELi0ELi1EEvPfPT_S1_PhS1_ii
    0 bytes stack frame, 0 bytes spill stores, 0 bytes spill loads
ptxas info    : Used 24 registers, used 1 barriers, 400 bytes cmem[0]
ptxas info    : Compile time = 7.022 ms
ptxas info    : Compiling entry function '_Z18kQuantizeBlockwiseI6__halfLi128ELi2ELi0ELi1EEvPfPT_S1_PhS1_ii' for 'sm_75'
ptxas info    : Function properties for _Z18kQuantizeBlockwiseI6__halfLi128ELi2ELi0ELi1EEvPfPT_S1_PhS1_ii
    0 bytes stack frame, 0 bytes spill stores, 0 bytes spill loads
ptxas info    : Used 24 registers, used 1 barriers, 400 bytes cmem[0]
ptxas info    : Compile time = 7.603 ms
ptxas info    : Compiling entry function '_Z18kQuantizeBlockwiseI6__halfLi256ELi2ELi0ELi1EEvPfPT_S1_PhS1_ii' for 'sm_75'
ptxas info    : Function properties for _Z18kQuantizeBlockwiseI6__halfLi256ELi2ELi0ELi1EEvPfPT_S1_PhS1_ii
    0 bytes stack frame, 0 bytes spill stores, 0 bytes spill loads
ptxas info    : Used 24 registers, used 1 barriers, 400 bytes cmem[0]
ptxas info    : Compile time = 7.812 ms
ptxas info    : Compiling entry function '_Z18kQuantizeBlockwiseI6__halfLi512ELi2ELi0ELi1EEvPfPT_S1_PhS1_ii' for 'sm_75'
ptxas info    : Function properties for _Z18kQuantizeBlockwiseI6__halfLi512ELi2ELi0ELi1EEvPfPT_S1_PhS1_ii
    0 bytes stack frame, 0 bytes spill stores, 0 bytes spill loads
ptxas info    : Used 28 registers, used 1 barriers, 400 bytes cmem[0]
ptxas info    : Compile time = 8.255 ms
ptxas info    : Compiling entry function '_Z18kQuantizeBlockwiseI6__halfLi1024ELi4ELi0ELi1EEvPfPT_S1_PhS1_ii' for 'sm_75'
ptxas info    : Function properties for _Z18kQuantizeBlockwiseI6__halfLi1024ELi4ELi0ELi1EEvPfPT_S1_PhS1_ii
    0 bytes stack frame, 0 bytes spill stores, 0 bytes spill loads
ptxas info    : Used 32 registers, used 1 barriers, 400 bytes cmem[0]
ptxas info    : Compile time = 10.283 ms
ptxas info    : Compiling entry function '_Z18kQuantizeBlockwiseI6__halfLi2048ELi4ELi0ELi1EEvPfPT_S1_PhS1_ii' for 'sm_75'
ptxas info    : Function properties for _Z18kQuantizeBlockwiseI6__halfLi2048ELi4ELi0ELi1EEvPfPT_S1_PhS1_ii
    0 bytes stack frame, 0 bytes spill stores, 0 bytes spill loads
ptxas info    : Used 32 registers, used 1 barriers, 400 bytes cmem[0]
ptxas info    : Compile time = 11.229 ms
ptxas info    : Compiling entry function '_Z18kQuantizeBlockwiseI6__halfLi4096ELi4ELi0ELi1EEvPfPT_S1_PhS1_ii' for 'sm_75'
ptxas info    : Function properties for _Z18kQuantizeBlockwiseI6__halfLi4096ELi4ELi0ELi1EEvPfPT_S1_PhS1_ii
    0 bytes stack frame, 0 bytes spill stores, 0 bytes spill loads
ptxas info    : Used 32 registers, used 1 barriers, 400 bytes cmem[0]
ptxas info    : Compile time = 13.180 ms
ptxas info    : Compiling entry function '_Z18kQuantizeBlockwiseI6__halfLi64ELi2ELi0ELi0EEvPfPT_S1_PhS1_ii' for 'sm_75'
ptxas info    : Function properties for _Z18kQuantizeBlockwiseI6__halfLi64ELi2ELi0ELi0EEvPfPT_S1_PhS1_ii
    0 bytes stack frame, 0 bytes spill stores, 0 bytes spill loads
ptxas info    : Used 40 registers, used 1 barriers, 400 bytes cmem[0]
ptxas info    : Compile time = 10.369 ms
ptxas info    : Compiling entry function '_Z18kQuantizeBlockwiseI6__halfLi128ELi2ELi0ELi0EEvPfPT_S1_PhS1_ii' for 'sm_75'
ptxas info    : Function properties for _Z18kQuantizeBlockwiseI6__halfLi128ELi2ELi0ELi0EEvPfPT_S1_PhS1_ii
    0 bytes stack frame, 0 bytes spill stores, 0 bytes spill loads
ptxas info    : Used 44 registers, used 1 barriers, 400 bytes cmem[0]
ptxas info    : Compile time = 11.017 ms
ptxas info    : Compiling entry function '_Z18kQuantizeBlockwiseI6__halfLi256ELi2ELi0ELi0EEvPfPT_S1_PhS1_ii' for 'sm_75'
ptxas info    : Function properties for _Z18kQuantizeBlockwiseI6__halfLi256ELi2ELi0ELi0EEvPfPT_S1_PhS1_ii
    0 bytes stack frame, 0 bytes spill stores, 0 bytes spill loads
ptxas info    : Used 44 registers, used 1 barriers, 400 bytes cmem[0]
ptxas info    : Compile time = 11.101 ms
ptxas info    : Compiling entry function '_Z18kQuantizeBlockwiseI6__halfLi512ELi2ELi0ELi0EEvPfPT_S1_PhS1_ii' for 'sm_75'
ptxas info    : Function properties for _Z18kQuantizeBlockwiseI6__halfLi512ELi2ELi0ELi0EEvPfPT_S1_PhS1_ii
    0 bytes stack frame, 0 bytes spill stores, 0 bytes spill loads
ptxas info    : Used 44 registers, used 1 barriers, 400 bytes cmem[0]
ptxas info    : Compile time = 11.629 ms
ptxas info    : Compiling entry function '_Z18kQuantizeBlockwiseI6__halfLi1024ELi4ELi0ELi0EEvPfPT_S1_PhS1_ii' for 'sm_75'
ptxas info    : Function properties for _Z18kQuantizeBlockwiseI6__halfLi1024ELi4ELi0ELi0EEvPfPT_S1_PhS1_ii
    0 bytes stack frame, 0 bytes spill stores, 0 bytes spill loads
ptxas info    : Used 56 registers, used 1 barriers, 400 bytes cmem[0]
ptxas info    : Compile time = 16.889 ms
ptxas info    : Compiling entry function '_Z18kQuantizeBlockwiseI6__halfLi2048ELi4ELi0ELi0EEvPfPT_S1_PhS1_ii' for 'sm_75'
ptxas info    : Function properties for _Z18kQuantizeBlockwiseI6__halfLi2048ELi4ELi0ELi0EEvPfPT_S1_PhS1_ii
    0 bytes stack frame, 0 bytes spill stores, 0 bytes spill loads
ptxas info    : Used 50 registers, used 1 barriers, 400 bytes cmem[0]
ptxas info    : Compile time = 18.162 ms
ptxas info    : Compiling entry function '_Z18kQuantizeBlockwiseI6__halfLi4096ELi4ELi1ELi0EEvPfPT_S1_PhS1_ii' for 'sm_75'
ptxas info    : Function properties for _Z18kQuantizeBlockwiseI6__halfLi4096ELi4ELi1ELi0EEvPfPT_S1_PhS1_ii
    0 bytes stack frame, 0 bytes spill stores, 0 bytes spill loads
ptxas info    : Used 60 registers, used 1 barriers, 400 bytes cmem[0]
ptxas info    : Compile time = 22.021 ms
ptxas info    : Compiling entry function '_Z18kQuantizeBlockwiseI6__halfLi4096ELi4ELi0ELi0EEvPfPT_S1_PhS1_ii' for 'sm_75'
ptxas info    : Function properties for _Z18kQuantizeBlockwiseI6__halfLi4096ELi4ELi0ELi0EEvPfPT_S1_PhS1_ii
    0 bytes stack frame, 0 bytes spill stores, 0 bytes spill loads
ptxas info    : Used 50 registers, used 1 barriers, 400 bytes cmem[0]
ptxas info    : Compile time = 20.236 ms
ptxas info    : Compiling entry function '_Z19kPercentileClippingI6__halfLi2048ELi4EEvPT_Pfii' for 'sm_75'
ptxas info    : Function properties for _Z19kPercentileClippingI6__halfLi2048ELi4EEvPT_Pfii
    0 bytes stack frame, 0 bytes spill stores, 0 bytes spill loads
ptxas info    : Used 34 registers, used 1 barriers, 376 bytes cmem[0]
ptxas info    : Compile time = 9.172 ms
ptxas info    : Compiling entry function '_Z19kPercentileClippingIfLi2048ELi4EEvPT_Pfii' for 'sm_75'
ptxas info    : Function properties for _Z19kPercentileClippingIfLi2048ELi4EEvPT_Pfii
    0 bytes stack frame, 0 bytes spill stores, 0 bytes spill loads
ptxas info    : Used 34 registers, used 1 barriers, 376 bytes cmem[0]
ptxas info    : Compile time = 8.927 ms
ptxas info    : Compiling entry function '_Z26kOptimizerStatic8bit2StateIfLi0EEvPT_S1_PhS2_PKffffffifPfS5_S5_S5_S5_S5_ffi' for 'sm_75'
ptxas info    : Function properties for _Z26kOptimizerStatic8bit2StateIfLi0EEvPT_S1_PhS2_PKffffffifPfS5_S5_S5_S5_S5_ffi
    0 bytes stack frame, 0 bytes spill stores, 0 bytes spill loads
ptxas info    : Used 64 registers, used 1 barriers, 484 bytes cmem[0]
ptxas info    : Compile time = 37.340 ms
ptxas info    : Compiling entry function '_Z26kOptimizerStatic8bit2StateI6__halfLi0EEvPT_S2_PhS3_PKffffffifPfS6_S6_S6_S6_S6_ffi' for 'sm_75'
ptxas info    : Function properties for _Z26kOptimizerStatic8bit2StateI6__halfLi0EEvPT_S2_PhS3_PKffffffifPfS6_S6_S6_S6_S6_ffi
    0 bytes stack frame, 0 bytes spill stores, 0 bytes spill loads
ptxas info    : Used 64 registers, used 1 barriers, 484 bytes cmem[0]
ptxas info    : Compile time = 38.747 ms
ptxas info    : Compiling entry function '_Z38kPreconditionOptimizerStatic8bit2StateIfLi0EEvPT_S1_PhS2_PffffiS3_S3_S3_S3_S3_S3_fi' for 'sm_75'
ptxas info    : Function properties for _Z38kPreconditionOptimizerStatic8bit2StateIfLi0EEvPT_S1_PhS2_PffffiS3_S3_S3_S3_S3_S3_fi
    0 bytes stack frame, 0 bytes spill stores, 0 bytes spill loads
ptxas info    : Used 109 registers, used 1 barriers, 464 bytes cmem[0]
ptxas info    : Compile time = 36.104 ms
ptxas info    : Compiling entry function '_Z38kPreconditionOptimizerStatic8bit2StateI6__halfLi0EEvPT_S2_PhS3_PffffiS4_S4_S4_S4_S4_S4_fi' for 'sm_75'
ptxas info    : Function properties for _Z38kPreconditionOptimizerStatic8bit2StateI6__halfLi0EEvPT_S2_PhS3_PffffiS4_S4_S4_S4_S4_S4_fi
    0 bytes stack frame, 0 bytes spill stores, 0 bytes spill loads
ptxas info    : Used 108 registers, used 1 barriers, 464 bytes cmem[0]
ptxas info    : Compile time = 38.827 ms
ptxas info    : Compiling entry function '_Z26kOptimizerStatic8bit1StateIfLi5EEvPT_S1_PhPKffffffifPfS5_S5_ffi' for 'sm_75'
ptxas info    : Function properties for _Z26kOptimizerStatic8bit1StateIfLi5EEvPT_S1_PhPKffffffifPfS5_S5_ffi
    0 bytes stack frame, 0 bytes spill stores, 0 bytes spill loads
ptxas info    : Used 64 registers, used 1 barriers, 452 bytes cmem[0]
ptxas info    : Compile time = 35.648 ms
ptxas info    : Compiling entry function '_Z26kOptimizerStatic8bit1StateI6__halfLi5EEvPT_S2_PhPKffffffifPfS6_S6_ffi' for 'sm_75'
ptxas info    : Function properties for _Z26kOptimizerStatic8bit1StateI6__halfLi5EEvPT_S2_PhPKffffffifPfS6_S6_ffi
    0 bytes stack frame, 0 bytes spill stores, 0 bytes spill loads
ptxas info    : Used 63 registers, used 1 barriers, 452 bytes cmem[0]
ptxas info    : Compile time = 37.168 ms
ptxas info    : Compiling entry function '_Z26kOptimizerStatic8bit1StateIfLi2EEvPT_S1_PhPKffffffifPfS5_S5_ffi' for 'sm_75'
ptxas info    : Function properties for _Z26kOptimizerStatic8bit1StateIfLi2EEvPT_S1_PhPKffffffifPfS5_S5_ffi
    0 bytes stack frame, 0 bytes spill stores, 0 bytes spill loads
ptxas info    : Used 63 registers, used 1 barriers, 452 bytes cmem[0]
ptxas info    : Compile time = 34.260 ms
ptxas info    : Compiling entry function '_Z26kOptimizerStatic8bit1StateI6__halfLi2EEvPT_S2_PhPKffffffifPfS6_S6_ffi' for 'sm_75'
ptxas info    : Function properties for _Z26kOptimizerStatic8bit1StateI6__halfLi2EEvPT_S2_PhPKffffffifPfS6_S6_ffi
    0 bytes stack frame, 0 bytes spill stores, 0 bytes spill loads
ptxas info    : Used 64 registers, used 1 barriers, 452 bytes cmem[0]
ptxas info    : Compile time = 36.259 ms
ptxas info    : Compiling entry function '_Z26kOptimizerStatic8bit1StateIfLi1EEvPT_S1_PhPKffffffifPfS5_S5_ffi' for 'sm_75'
ptxas info    : Function properties for _Z26kOptimizerStatic8bit1StateIfLi1EEvPT_S1_PhPKffffffifPfS5_S5_ffi
    0 bytes stack frame, 0 bytes spill stores, 0 bytes spill loads
ptxas info    : Used 63 registers, used 1 barriers, 452 bytes cmem[0]
ptxas info    : Compile time = 32.356 ms
ptxas info    : Compiling entry function '_Z26kOptimizerStatic8bit1StateI6__halfLi1EEvPT_S2_PhPKffffffifPfS6_S6_ffi' for 'sm_75'
ptxas info    : Function properties for _Z26kOptimizerStatic8bit1StateI6__halfLi1EEvPT_S2_PhPKffffffifPfS6_S6_ffi
    0 bytes stack frame, 0 bytes spill stores, 0 bytes spill loads
ptxas info    : Used 64 registers, used 1 barriers, 452 bytes cmem[0]
ptxas info    : Compile time = 35.313 ms
ptxas info    : Compiling entry function '_Z38kPreconditionOptimizerStatic8bit1StateIfLi5EEvPT_S1_PhPffffiS3_S3_S3_ffi' for 'sm_75'
ptxas info    : Function properties for _Z38kPreconditionOptimizerStatic8bit1StateIfLi5EEvPT_S1_PhPffffiS3_S3_S3_ffi
    0 bytes stack frame, 0 bytes spill stores, 0 bytes spill loads
ptxas info    : Used 78 registers, used 1 barriers, 436 bytes cmem[0]
ptxas info    : Compile time = 20.792 ms
ptxas info    : Compiling entry function '_Z38kPreconditionOptimizerStatic8bit1StateI6__halfLi5EEvPT_S2_PhPffffiS4_S4_S4_ffi' for 'sm_75'
ptxas info    : Function properties for _Z38kPreconditionOptimizerStatic8bit1StateI6__halfLi5EEvPT_S2_PhPffffiS4_S4_S4_ffi
    0 bytes stack frame, 0 bytes spill stores, 0 bytes spill loads
ptxas info    : Used 77 registers, used 1 barriers, 436 bytes cmem[0]
ptxas info    : Compile time = 21.834 ms
ptxas info    : Compiling entry function '_Z38kPreconditionOptimizerStatic8bit1StateIfLi2EEvPT_S1_PhPffffiS3_S3_S3_ffi' for 'sm_75'
ptxas info    : Function properties for _Z38kPreconditionOptimizerStatic8bit1StateIfLi2EEvPT_S1_PhPffffiS3_S3_S3_ffi
    0 bytes stack frame, 0 bytes spill stores, 0 bytes spill loads
ptxas info    : Used 78 registers, used 1 barriers, 436 bytes cmem[0]
ptxas info    : Compile time = 21.046 ms
ptxas info    : Compiling entry function '_Z38kPreconditionOptimizerStatic8bit1StateI6__halfLi2EEvPT_S2_PhPffffiS4_S4_S4_ffi' for 'sm_75'
ptxas info    : Function properties for _Z38kPreconditionOptimizerStatic8bit1StateI6__halfLi2EEvPT_S2_PhPffffiS4_S4_S4_ffi
    0 bytes stack frame, 0 bytes spill stores, 0 bytes spill loads
ptxas info    : Used 77 registers, used 1 barriers, 436 bytes cmem[0]
ptxas info    : Compile time = 22.055 ms
ptxas info    : Compiling entry function '_Z38kPreconditionOptimizerStatic8bit1StateIfLi1EEvPT_S1_PhPffffiS3_S3_S3_ffi' for 'sm_75'
ptxas info    : Function properties for _Z38kPreconditionOptimizerStatic8bit1StateIfLi1EEvPT_S1_PhPffffiS3_S3_S3_ffi
    0 bytes stack frame, 0 bytes spill stores, 0 bytes spill loads
ptxas info    : Used 64 registers, used 1 barriers, 436 bytes cmem[0]
ptxas info    : Compile time = 23.450 ms
ptxas info    : Compiling entry function '_Z38kPreconditionOptimizerStatic8bit1StateI6__halfLi1EEvPT_S2_PhPffffiS4_S4_S4_ffi' for 'sm_75'
ptxas info    : Function properties for _Z38kPreconditionOptimizerStatic8bit1StateI6__halfLi1EEvPT_S2_PhPffffiS4_S4_S4_ffi
    0 bytes stack frame, 0 bytes spill stores, 0 bytes spill loads
ptxas info    : Used 64 registers, used 1 barriers, 436 bytes cmem[0]
ptxas info    : Compile time = 25.233 ms
ptxas info    : Compiling entry function '_Z21kOptimizer32bit2StateI13__nv_bfloat16Li0EEvPT_S2_PfS3_S3_ffffffiffbi' for 'sm_75'
ptxas info    : Function properties for _Z21kOptimizer32bit2StateI13__nv_bfloat16Li0EEvPT_S2_PfS3_S3_ffffffiffbi
    0 bytes stack frame, 0 bytes spill stores, 0 bytes spill loads
ptxas info    : Used 55 registers, used 1 barriers, 436 bytes cmem[0]
ptxas info    : Compile time = 17.486 ms
ptxas info    : Compiling entry function '_Z21kOptimizer32bit2StateI6__halfLi0EEvPT_S2_PfS3_S3_ffffffiffbi' for 'sm_75'
ptxas info    : Function properties for _Z21kOptimizer32bit2StateI6__halfLi0EEvPT_S2_PfS3_S3_ffffffiffbi
    0 bytes stack frame, 0 bytes spill stores, 0 bytes spill loads
ptxas info    : Used 55 registers, used 1 barriers, 436 bytes cmem[0]
ptxas info    : Compile time = 13.309 ms
ptxas info    : Compiling entry function '_Z21kOptimizer32bit2StateIfLi0EEvPT_S1_PfS2_S2_ffffffiffbi' for 'sm_75'
ptxas info    : Function properties for _Z21kOptimizer32bit2StateIfLi0EEvPT_S1_PfS2_S2_ffffffiffbi
    0 bytes stack frame, 0 bytes spill stores, 0 bytes spill loads
ptxas info    : Used 64 registers, used 1 barriers, 436 bytes cmem[0]
ptxas info    : Compile time = 11.593 ms
ptxas info    : Compiling entry function '_Z33kPreconditionOptimizer32bit2StateI13__nv_bfloat16Li0ELi4096ELi8EEvPT_S2_PfS3_S3_ffffiffi' for 'sm_75'
ptxas info    : Function properties for _Z33kPreconditionOptimizer32bit2StateI13__nv_bfloat16Li0ELi4096ELi8EEvPT_S2_PfS3_S3_ffffiffi
    0 bytes stack frame, 0 bytes spill stores, 0 bytes spill loads
ptxas info    : Used 57 registers, used 1 barriers, 424 bytes cmem[0]
ptxas info    : Compile time = 14.541 ms
ptxas info    : Compiling entry function '_Z33kPreconditionOptimizer32bit2StateI6__halfLi0ELi4096ELi8EEvPT_S2_PfS3_S3_ffffiffi' for 'sm_75'
ptxas info    : Function properties for _Z33kPreconditionOptimizer32bit2StateI6__halfLi0ELi4096ELi8EEvPT_S2_PfS3_S3_ffffiffi
    0 bytes stack frame, 0 bytes spill stores, 0 bytes spill loads
ptxas info    : Used 57 registers, used 1 barriers, 424 bytes cmem[0]
ptxas info    : Compile time = 12.148 ms
ptxas info    : Compiling entry function '_Z33kPreconditionOptimizer32bit2StateIfLi0ELi4096ELi8EEvPT_S1_PfS2_S2_ffffiffi' for 'sm_75'
ptxas info    : Function properties for _Z33kPreconditionOptimizer32bit2StateIfLi0ELi4096ELi8EEvPT_S1_PfS2_S2_ffffiffi
    0 bytes stack frame, 0 bytes spill stores, 0 bytes spill loads
ptxas info    : Used 57 registers, used 1 barriers, 424 bytes cmem[0]
ptxas info    : Compile time = 10.884 ms
ptxas info    : Compiling entry function '_Z21kOptimizer32bit1StateIfLi4EEvPT_S1_PfS2_ffffffiffbi' for 'sm_75'
ptxas info    : Function properties for _Z21kOptimizer32bit1StateIfLi4EEvPT_S1_PfS2_ffffffiffbi
    0 bytes stack frame, 0 bytes spill stores, 0 bytes spill loads
ptxas info    : Used 48 registers, used 1 barriers, 428 bytes cmem[0]
ptxas info    : Compile time = 8.022 ms
ptxas info    : Compiling entry function '_Z21kOptimizer32bit1StateI6__halfLi4EEvPT_S2_PfS3_ffffffiffbi' for 'sm_75'
ptxas info    : Function properties for _Z21kOptimizer32bit1StateI6__halfLi4EEvPT_S2_PfS3_ffffffiffbi
    0 bytes stack frame, 0 bytes spill stores, 0 bytes spill loads
ptxas info    : Used 47 registers, used 1 barriers, 428 bytes cmem[0]
ptxas info    : Compile time = 9.313 ms
ptxas info    : Compiling entry function '_Z21kOptimizer32bit1StateI13__nv_bfloat16Li5EEvPT_S2_PfS3_ffffffiffbi' for 'sm_75'
ptxas info    : Function properties for _Z21kOptimizer32bit1StateI13__nv_bfloat16Li5EEvPT_S2_PfS3_ffffffiffbi
    0 bytes stack frame, 0 bytes spill stores, 0 bytes spill loads
ptxas info    : Used 48 registers, used 1 barriers, 428 bytes cmem[0]
ptxas info    : Compile time = 15.039 ms
ptxas info    : Compiling entry function '_Z21kOptimizer32bit1StateIfLi5EEvPT_S1_PfS2_ffffffiffbi' for 'sm_75'
ptxas info    : Function properties for _Z21kOptimizer32bit1StateIfLi5EEvPT_S1_PfS2_ffffffiffbi
    0 bytes stack frame, 0 bytes spill stores, 0 bytes spill loads
ptxas info    : Used 49 registers, used 1 barriers, 428 bytes cmem[0]
ptxas info    : Compile time = 9.433 ms
ptxas info    : Compiling entry function '_Z21kOptimizer32bit1StateI6__halfLi5EEvPT_S2_PfS3_ffffffiffbi' for 'sm_75'
ptxas info    : Function properties for _Z21kOptimizer32bit1StateI6__halfLi5EEvPT_S2_PfS3_ffffffiffbi
    0 bytes stack frame, 0 bytes spill stores, 0 bytes spill loads
ptxas info    : Used 49 registers, used 1 barriers, 428 bytes cmem[0]
ptxas info    : Compile time = 10.792 ms
ptxas info    : Compiling entry function '_Z21kOptimizer32bit1StateIfLi2EEvPT_S1_PfS2_ffffffiffbi' for 'sm_75'
ptxas info    : Function properties for _Z21kOptimizer32bit1StateIfLi2EEvPT_S1_PfS2_ffffffiffbi
    0 bytes stack frame, 0 bytes spill stores, 0 bytes spill loads
ptxas info    : Used 49 registers, used 1 barriers, 428 bytes cmem[0]
ptxas info    : Compile time = 8.916 ms
ptxas info    : Compiling entry function '_Z21kOptimizer32bit1StateI6__halfLi2EEvPT_S2_PfS3_ffffffiffbi' for 'sm_75'
ptxas info    : Function properties for _Z21kOptimizer32bit1StateI6__halfLi2EEvPT_S2_PfS3_ffffffiffbi
    0 bytes stack frame, 0 bytes spill stores, 0 bytes spill loads
ptxas info    : Used 49 registers, used 1 barriers, 428 bytes cmem[0]
ptxas info    : Compile time = 10.135 ms
ptxas info    : Compiling entry function '_Z21kOptimizer32bit1StateIfLi1EEvPT_S1_PfS2_ffffffiffbi' for 'sm_75'
ptxas info    : Function properties for _Z21kOptimizer32bit1StateIfLi1EEvPT_S1_PfS2_ffffffiffbi
    0 bytes stack frame, 0 bytes spill stores, 0 bytes spill loads
ptxas info    : Used 49 registers, used 1 barriers, 428 bytes cmem[0]
ptxas info    : Compile time = 8.337 ms
ptxas info    : Compiling entry function '_Z21kOptimizer32bit1StateI6__halfLi1EEvPT_S2_PfS3_ffffffiffbi' for 'sm_75'
ptxas info    : Function properties for _Z21kOptimizer32bit1StateI6__halfLi1EEvPT_S2_PfS3_ffffffiffbi
    0 bytes stack frame, 0 bytes spill stores, 0 bytes spill loads
ptxas info    : Used 47 registers, used 1 barriers, 428 bytes cmem[0]
ptxas info    : Compile time = 9.897 ms
ptxas info    : Compiling entry function '_Z33kPreconditionOptimizer32bit1StateIfLi4ELi4096ELi8EEvPT_S1_PfS2_ffffiffi' for 'sm_75'
ptxas info    : Function properties for _Z33kPreconditionOptimizer32bit1StateIfLi4ELi4096ELi8EEvPT_S1_PfS2_ffffiffi
    0 bytes stack frame, 0 bytes spill stores, 0 bytes spill loads
ptxas info    : Used 47 registers, used 1 barriers, 416 bytes cmem[0]
ptxas info    : Compile time = 12.176 ms
ptxas info    : Compiling entry function '_Z33kPreconditionOptimizer32bit1StateI6__halfLi4ELi4096ELi8EEvPT_S2_PfS3_ffffiffi' for 'sm_75'
ptxas info    : Function properties for _Z33kPreconditionOptimizer32bit1StateI6__halfLi4ELi4096ELi8EEvPT_S2_PfS3_ffffiffi
    0 bytes stack frame, 0 bytes spill stores, 0 bytes spill loads
ptxas info    : Used 48 registers, used 1 barriers, 416 bytes cmem[0]
ptxas info    : Compile time = 13.156 ms
ptxas info    : Compiling entry function '_Z33kPreconditionOptimizer32bit1StateI13__nv_bfloat16Li5ELi4096ELi8EEvPT_S2_PfS3_ffffiffi' for 'sm_75'
ptxas info    : Function properties for _Z33kPreconditionOptimizer32bit1StateI13__nv_bfloat16Li5ELi4096ELi8EEvPT_S2_PfS3_ffffiffi
    0 bytes stack frame, 0 bytes spill stores, 0 bytes spill loads
ptxas info    : Used 48 registers, used 1 barriers, 416 bytes cmem[0]
ptxas info    : Compile time = 15.035 ms
ptxas info    : Compiling entry function '_Z33kPreconditionOptimizer32bit1StateIfLi5ELi4096ELi8EEvPT_S1_PfS2_ffffiffi' for 'sm_75'
ptxas info    : Function properties for _Z33kPreconditionOptimizer32bit1StateIfLi5ELi4096ELi8EEvPT_S1_PfS2_ffffiffi
    0 bytes stack frame, 0 bytes spill stores, 0 bytes spill loads
ptxas info    : Used 46 registers, used 1 barriers, 416 bytes cmem[0]
ptxas info    : Compile time = 11.754 ms
ptxas info    : Compiling entry function '_Z33kPreconditionOptimizer32bit1StateI6__halfLi5ELi4096ELi8EEvPT_S2_PfS3_ffffiffi' for 'sm_75'
ptxas info    : Function properties for _Z33kPreconditionOptimizer32bit1StateI6__halfLi5ELi4096ELi8EEvPT_S2_PfS3_ffffiffi
    0 bytes stack frame, 0 bytes spill stores, 0 bytes spill loads
ptxas info    : Used 48 registers, used 1 barriers, 416 bytes cmem[0]
ptxas info    : Compile time = 12.732 ms
ptxas info    : Compiling entry function '_Z33kPreconditionOptimizer32bit1StateIfLi2ELi4096ELi8EEvPT_S1_PfS2_ffffiffi' for 'sm_75'
ptxas info    : Function properties for _Z33kPreconditionOptimizer32bit1StateIfLi2ELi4096ELi8EEvPT_S1_PfS2_ffffiffi
    0 bytes stack frame, 0 bytes spill stores, 0 bytes spill loads
ptxas info    : Used 46 registers, used 1 barriers, 416 bytes cmem[0]
ptxas info    : Compile time = 12.425 ms
ptxas info    : Compiling entry function '_Z33kPreconditionOptimizer32bit1StateI6__halfLi2ELi4096ELi8EEvPT_S2_PfS3_ffffiffi' for 'sm_75'
ptxas info    : Function properties for _Z33kPreconditionOptimizer32bit1StateI6__halfLi2ELi4096ELi8EEvPT_S2_PfS3_ffffiffi
    0 bytes stack frame, 0 bytes spill stores, 0 bytes spill loads
ptxas info    : Used 47 registers, used 1 barriers, 416 bytes cmem[0]
ptxas info    : Compile time = 13.462 ms
ptxas info    : Compiling entry function '_Z33kPreconditionOptimizer32bit1StateIfLi1ELi4096ELi8EEvPT_S1_PfS2_ffffiffi' for 'sm_75'
ptxas info    : Function properties for _Z33kPreconditionOptimizer32bit1StateIfLi1ELi4096ELi8EEvPT_S1_PfS2_ffffiffi
    0 bytes stack frame, 0 bytes spill stores, 0 bytes spill loads
ptxas info    : Used 44 registers, used 1 barriers, 416 bytes cmem[0]
ptxas info    : Compile time = 12.379 ms
ptxas info    : Compiling entry function '_Z33kPreconditionOptimizer32bit1StateI6__halfLi1ELi4096ELi8EEvPT_S2_PfS3_ffffiffi' for 'sm_75'
ptxas info    : Function properties for _Z33kPreconditionOptimizer32bit1StateI6__halfLi1ELi4096ELi8EEvPT_S2_PfS3_ffffiffi
    0 bytes stack frame, 0 bytes spill stores, 0 bytes spill loads
ptxas info    : Used 49 registers, used 1 barriers, 416 bytes cmem[0]
ptxas info    : Compile time = 13.099 ms
ptxas info    : Compiling entry function '_Z18kEstimateQuantilesI6__halfEvPT_PffS1_i' for 'sm_75'
ptxas info    : Function properties for _Z18kEstimateQuantilesI6__halfEvPT_PffS1_i
    16 bytes stack frame, 0 bytes spill stores, 0 bytes spill loads
ptxas info    : Used 85 registers, used 1 barriers, 380 bytes cmem[0]
ptxas info    : Compile time = 25.150 ms
ptxas info    : Compiling entry function '_Z18kEstimateQuantilesIfEvPT_PffS0_i' for 'sm_75'
ptxas info    : Function properties for _Z18kEstimateQuantilesIfEvPT_PffS0_i
    32 bytes stack frame, 0 bytes spill stores, 0 bytes spill loads
ptxas info    : Used 84 registers, used 1 barriers, 380 bytes cmem[0]
ptxas info    : Compile time = 23.286 ms
ptxas info    : Compiling entry function '_Z18kDoubleRowColQuantILi64ELi4ELi16ELi256ELi1EEvP6__halfPfS2_PcS3_PiS4_S1_S4_fiii' for 'sm_75'
ptxas info    : Function properties for _Z18kDoubleRowColQuantILi64ELi4ELi16ELi256ELi1EEvP6__halfPfS2_PcS3_PiS4_S1_S4_fiii
    0 bytes stack frame, 0 bytes spill stores, 0 bytes spill loads
ptxas info    : Used 40 registers, used 1 barriers, 440 bytes cmem[0]
ptxas info    : Compile time = 7.089 ms
ptxas info    : Compiling entry function '_Z18kDoubleRowColQuantILi64ELi4ELi16ELi256ELi0EEvP6__halfPfS2_PcS3_PiS4_S1_S4_fiii' for 'sm_75'
ptxas info    : Function properties for _Z18kDoubleRowColQuantILi64ELi4ELi16ELi256ELi0EEvP6__halfPfS2_PcS3_PiS4_S1_S4_fiii
    0 bytes stack frame, 0 bytes spill stores, 0 bytes spill loads
ptxas info    : Used 36 registers, used 1 barriers, 440 bytes cmem[0]
ptxas info    : Compile time = 4.964 ms
ptxas info    : Compiling entry function '_Z22kdequant_mm_int32_fp16ILi4ELi128ELi512EEvPiPfS1_P6__halfS1_S1_S3_iiii' for 'sm_75'
ptxas info    : Function properties for _Z22kdequant_mm_int32_fp16ILi4ELi128ELi512EEvPiPfS1_P6__halfS1_S1_S3_iiii
    0 bytes stack frame, 0 bytes spill stores, 0 bytes spill loads
ptxas info    : Used 42 registers, used 1 barriers, 424 bytes cmem[0]
ptxas info    : Compile time = 6.445 ms
ptxas info    : Compiling entry function '_Z21kTransformRowToFormatILi256ELi8ELi32ELi256ELi1ELi4EEvPcS0_iiiii' for 'sm_75'
ptxas info    : Function properties for _Z21kTransformRowToFormatILi256ELi8ELi32ELi256ELi1ELi4EEvPcS0_iiiii
    0 bytes stack frame, 0 bytes spill stores, 0 bytes spill loads
ptxas info    : Used 31 registers, used 1 barriers, 388 bytes cmem[0]
ptxas info    : Compile time = 6.994 ms
ptxas info    : Compiling entry function '_Z21kTransformRowToFormatILi256ELi8ELi32ELi256ELi0ELi4EEvPcS0_iiiii' for 'sm_75'
ptxas info    : Function properties for _Z21kTransformRowToFormatILi256ELi8ELi32ELi256ELi0ELi4EEvPcS0_iiiii
    0 bytes stack frame, 0 bytes spill stores, 0 bytes spill loads
ptxas info    : Used 42 registers, used 1 barriers, 388 bytes cmem[0]
ptxas info    : Compile time = 6.369 ms
ptxas info    : Compiling entry function '_Z21kTransformRowToFormatILi256ELi8ELi32ELi256ELi1ELi3EEvPcS0_iiiii' for 'sm_75'
ptxas info    : Function properties for _Z21kTransformRowToFormatILi256ELi8ELi32ELi256ELi1ELi3EEvPcS0_iiiii
    0 bytes stack frame, 0 bytes spill stores, 0 bytes spill loads
ptxas info    : Used 30 registers, used 1 barriers, 388 bytes cmem[0]
ptxas info    : Compile time = 6.877 ms
ptxas info    : Compiling entry function '_Z21kTransformRowToFormatILi256ELi8ELi32ELi256ELi0ELi3EEvPcS0_iiiii' for 'sm_75'
ptxas info    : Function properties for _Z21kTransformRowToFormatILi256ELi8ELi32ELi256ELi0ELi3EEvPcS0_iiiii
    0 bytes stack frame, 0 bytes spill stores, 0 bytes spill loads
ptxas info    : Used 43 registers, used 1 barriers, 388 bytes cmem[0]
ptxas info    : Compile time = 7.227 ms
ptxas info    : Compiling entry function '_Z21kTransformRowToFormatILi256ELi8ELi32ELi256ELi1ELi2EEvPcS0_iiiii' for 'sm_75'
ptxas info    : Function properties for _Z21kTransformRowToFormatILi256ELi8ELi32ELi256ELi1ELi2EEvPcS0_iiiii
    0 bytes stack frame, 0 bytes spill stores, 0 bytes spill loads
ptxas info    : Used 35 registers, used 1 barriers, 388 bytes cmem[0]
ptxas info    : Compile time = 5.898 ms
ptxas info    : Compiling entry function '_Z21kTransformRowToFormatILi256ELi8ELi32ELi256ELi0ELi2EEvPcS0_iiiii' for 'sm_75'
ptxas info    : Function properties for _Z21kTransformRowToFormatILi256ELi8ELi32ELi256ELi0ELi2EEvPcS0_iiiii
    0 bytes stack frame, 0 bytes spill stores, 0 bytes spill loads
ptxas info    : Used 40 registers, used 1 barriers, 388 bytes cmem[0]
ptxas info    : Compile time = 5.775 ms
ptxas info    : Compiling entry function '_Z27kspmm_coo_very_sparse_naiveIaLi32ELi8EEvPiS0_S0_S0_S0_P6__halfPT_S2_Pfiiii' for 'sm_75'
ptxas info    : Function properties for _Z27kspmm_coo_very_sparse_naiveIaLi32ELi8EEvPiS0_S0_S0_S0_P6__halfPT_S2_Pfiiii
    192 bytes stack frame, 0 bytes spill stores, 0 bytes spill loads
ptxas info    : Used 63 registers, used 1 barriers, 440 bytes cmem[0]
ptxas info    : Compile time = 65.184 ms
ptxas info    : Compiling entry function '_Z27kspmm_coo_very_sparse_naiveIaLi16ELi8EEvPiS0_S0_S0_S0_P6__halfPT_S2_Pfiiii' for 'sm_75'
ptxas info    : Function properties for _Z27kspmm_coo_very_sparse_naiveIaLi16ELi8EEvPiS0_S0_S0_S0_P6__halfPT_S2_Pfiiii
    192 bytes stack frame, 0 bytes spill stores, 0 bytes spill loads
ptxas info    : Used 63 registers, used 1 barriers, 440 bytes cmem[0]
ptxas info    : Compile time = 37.703 ms
ptxas info    : Compiling entry function '_Z27kspmm_coo_very_sparse_naiveIaLi8ELi8EEvPiS0_S0_S0_S0_P6__halfPT_S2_Pfiiii' for 'sm_75'
ptxas info    : Function properties for _Z27kspmm_coo_very_sparse_naiveIaLi8ELi8EEvPiS0_S0_S0_S0_P6__halfPT_S2_Pfiiii
    192 bytes stack frame, 0 bytes spill stores, 0 bytes spill loads
ptxas info    : Used 63 registers, used 1 barriers, 440 bytes cmem[0]
ptxas info    : Compile time = 24.211 ms
ptxas info    : Compiling entry function '_Z27kspmm_coo_very_sparse_naiveI6__halfLi32ELi16EEvPiS1_S1_S1_S1_PS0_PT_S2_Pfiiii' for 'sm_75'
ptxas info    : Function properties for _Z27kspmm_coo_very_sparse_naiveI6__halfLi32ELi16EEvPiS1_S1_S1_S1_PS0_PT_S2_Pfiiii
    192 bytes stack frame, 0 bytes spill stores, 0 bytes spill loads
ptxas info    : Used 63 registers, used 1 barriers, 440 bytes cmem[0]
ptxas info    : Compile time = 34.748 ms
ptxas info    : Compiling entry function '_Z27kspmm_coo_very_sparse_naiveI6__halfLi16ELi16EEvPiS1_S1_S1_S1_PS0_PT_S2_Pfiiii' for 'sm_75'
ptxas info    : Function properties for _Z27kspmm_coo_very_sparse_naiveI6__halfLi16ELi16EEvPiS1_S1_S1_S1_PS0_PT_S2_Pfiiii
    192 bytes stack frame, 0 bytes spill stores, 0 bytes spill loads
ptxas info    : Used 63 registers, used 1 barriers, 440 bytes cmem[0]
ptxas info    : Compile time = 22.659 ms
ptxas info    : Compiling entry function '_Z27kspmm_coo_very_sparse_naiveI6__halfLi8ELi16EEvPiS1_S1_S1_S1_PS0_PT_S2_Pfiiii' for 'sm_75'
ptxas info    : Function properties for _Z27kspmm_coo_very_sparse_naiveI6__halfLi8ELi16EEvPiS1_S1_S1_S1_PS0_PT_S2_Pfiiii
    192 bytes stack frame, 0 bytes spill stores, 0 bytes spill loads
ptxas info    : Used 63 registers, used 1 barriers, 440 bytes cmem[0]
ptxas info    : Compile time = 16.993 ms
ptxas info    : Compiling entry function '_Z16kExtractOutliersILi4EEvPcPiS0_iiiii' for 'sm_75'
ptxas info    : Function properties for _Z16kExtractOutliersILi4EEvPcPiS0_iiiii
    0 bytes stack frame, 0 bytes spill stores, 0 bytes spill loads
ptxas info    : Used 14 registers, used 0 barriers, 396 bytes cmem[0]
ptxas info    : Compile time = 2.313 ms
ptxas info    : Compiling entry function '_Z16kExtractOutliersILi3EEvPcPiS0_iiiii' for 'sm_75'
ptxas info    : Function properties for _Z16kExtractOutliersILi3EEvPcPiS0_iiiii
    0 bytes stack frame, 0 bytes spill stores, 0 bytes spill loads
ptxas info    : Used 16 registers, used 0 barriers, 396 bytes cmem[0]
ptxas info    : Compile time = 2.306 ms
ptxas info    : Compiling entry function '_Z26kgemm_4bit_inference_naiveIfLi128ELi32EEviiiPT_PhPfPKfS1_iiii' for 'sm_75'
ptxas info    : Function properties for _Z26kgemm_4bit_inference_naiveIfLi128ELi32EEviiiPT_PhPfPKfS1_iiii
    0 bytes stack frame, 0 bytes spill stores, 0 bytes spill loads
ptxas info    : Used 58 registers, used 1 barriers, 424 bytes cmem[0]
ptxas info    : Compile time = 17.655 ms
ptxas info    : Compiling entry function '_Z26kgemm_4bit_inference_naiveI13__nv_bfloat16Li128ELi16EEviiiPT_PhPfPKfS2_iiii' for 'sm_75'
ptxas info    : Function properties for _Z26kgemm_4bit_inference_naiveI13__nv_bfloat16Li128ELi16EEviiiPT_PhPfPKfS2_iiii
    0 bytes stack frame, 0 bytes spill stores, 0 bytes spill loads
ptxas info    : Used 45 registers, used 1 barriers, 424 bytes cmem[0]
ptxas info    : Compile time = 33.646 ms
ptxas info    : Compiling entry function '_Z26kgemm_4bit_inference_naiveI6__halfLi128ELi16EEviiiPT_PhPfPKfS2_iiii' for 'sm_75'
ptxas info    : Function properties for _Z26kgemm_4bit_inference_naiveI6__halfLi128ELi16EEviiiPT_PhPfPKfS2_iiii
    0 bytes stack frame, 0 bytes spill stores, 0 bytes spill loads
ptxas info    : Used 50 registers, used 1 barriers, 424 bytes cmem[0]
ptxas info    : Compile time = 22.045 ms
ptxas info    : Compiling entry function '_Z20kgemm_4bit_inferenceI6__halfLi256EEviiiPT_PhPfS2_iiii' for 'sm_75'
ptxas info    : Function properties for _Z20kgemm_4bit_inferenceI6__halfLi256EEviiiPT_PhPfS2_iiii
    32 bytes stack frame, 0 bytes spill stores, 0 bytes spill loads
ptxas info    : Used 64 registers, used 1 barriers, 416 bytes cmem[0]
ptxas info    : Compile time = 23.080 ms
ptxas info    : Compiling entry function '_Z20kgemm_4bit_inferenceI6__halfLi160EEviiiPT_PhPfS2_iiii' for 'sm_75'
ptxas info    : Function properties for _Z20kgemm_4bit_inferenceI6__halfLi160EEviiiPT_PhPfS2_iiii
    32 bytes stack frame, 0 bytes spill stores, 0 bytes spill loads
ptxas info    : Used 64 registers, used 1 barriers, 416 bytes cmem[0]
ptxas info    : Compile time = 23.168 ms
ptxas info    : Compiling entry function '_Z20kgemm_4bit_inferenceI6__halfLi128EEviiiPT_PhPfS2_iiii' for 'sm_75'
ptxas info    : Function properties for _Z20kgemm_4bit_inferenceI6__halfLi128EEviiiPT_PhPfS2_iiii
    32 bytes stack frame, 0 bytes spill stores, 0 bytes spill loads
ptxas info    : Used 64 registers, used 1 barriers, 416 bytes cmem[0]
ptxas info    : Compile time = 23.077 ms
ptxas info    : Compiling entry function '_Z20kgemm_4bit_inferenceI6__halfLi96EEviiiPT_PhPfS2_iiii' for 'sm_75'
ptxas info    : Function properties for _Z20kgemm_4bit_inferenceI6__halfLi96EEviiiPT_PhPfS2_iiii
    32 bytes stack frame, 0 bytes spill stores, 0 bytes spill loads
ptxas info    : Used 64 registers, used 1 barriers, 416 bytes cmem[0]
ptxas info    : Compile time = 23.381 ms
ptxas info    : Compiling entry function '_Z11gemm_deviceI6__halfLi16ELi96EEviiiPT_S2_S2_iii' for 'sm_75'
ptxas info    : Function properties for _Z11gemm_deviceI6__halfLi16ELi96EEviiiPT_S2_S2_iii
    0 bytes stack frame, 0 bytes spill stores, 0 bytes spill loads
ptxas info    : Used 168 registers, used 1 barriers, 404 bytes cmem[0]
ptxas info    : Compile time = 32.997 ms
ptxas info    : Compiling entry function '_Z11gemm_deviceI6__halfLi16ELi64EEviiiPT_S2_S2_iii' for 'sm_75'
ptxas info    : Function properties for _Z11gemm_deviceI6__halfLi16ELi64EEviiiPT_S2_S2_iii
    0 bytes stack frame, 0 bytes spill stores, 0 bytes spill loads
ptxas info    : Used 168 registers, used 1 barriers, 404 bytes cmem[0]
ptxas info    : Compile time = 32.603 ms
ptxas info    : Compiling entry function '_Z11gemm_deviceI6__halfLi16ELi32EEviiiPT_S2_S2_iii' for 'sm_75'
ptxas info    : Function properties for _Z11gemm_deviceI6__halfLi16ELi32EEviiiPT_S2_S2_iii
    0 bytes stack frame, 0 bytes spill stores, 0 bytes spill loads
ptxas info    : Used 168 registers, used 1 barriers, 404 bytes cmem[0]
ptxas info    : Compile time = 32.826 ms
ptxas info    : Compiling entry function '_Z11gemm_deviceI6__halfLi16ELi128EEviiiPT_S2_S2_iii' for 'sm_75'
ptxas info    : Function properties for _Z11gemm_deviceI6__halfLi16ELi128EEviiiPT_S2_S2_iii
    0 bytes stack frame, 0 bytes spill stores, 0 bytes spill loads
ptxas info    : Used 168 registers, used 1 barriers, 404 bytes cmem[0]
ptxas info    : Compile time = 33.115 ms
ptxas info    : Compiling entry function '_Z11gemm_deviceI6__halfLi16ELi160EEviiiPT_S2_S2_iii' for 'sm_75'
ptxas info    : Function properties for _Z11gemm_deviceI6__halfLi16ELi160EEviiiPT_S2_S2_iii
    0 bytes stack frame, 0 bytes spill stores, 0 bytes spill loads
ptxas info    : Used 168 registers, used 1 barriers, 404 bytes cmem[0]
ptxas info    : Compile time = 32.858 ms
ptxas info    : Compiling entry function '_Z11gemm_deviceI6__halfLi16ELi192EEviiiPT_S2_S2_iii' for 'sm_75'
ptxas info    : Function properties for _Z11gemm_deviceI6__halfLi16ELi192EEviiiPT_S2_S2_iii
    0 bytes stack frame, 0 bytes spill stores, 0 bytes spill loads
ptxas info    : Used 168 registers, used 1 barriers, 404 bytes cmem[0]
ptxas info    : Compile time = 33.197 ms
ptxas info    : Compiling entry function '_Z11gemm_deviceI6__halfLi16ELi256EEviiiPT_S2_S2_iii' for 'sm_75'
ptxas info    : Function properties for _Z11gemm_deviceI6__halfLi16ELi256EEviiiPT_S2_S2_iii
    0 bytes stack frame, 0 bytes spill stores, 0 bytes spill loads
ptxas info    : Used 168 registers, used 1 barriers, 404 bytes cmem[0]
ptxas info    : Compile time = 32.958 ms
ptxas info    : Compiling entry function '_Z11gemm_deviceI6__halfLi32ELi96EEviiiPT_S2_S2_iii' for 'sm_75'
ptxas info    : Function properties for _Z11gemm_deviceI6__halfLi32ELi96EEviiiPT_S2_S2_iii
    0 bytes stack frame, 0 bytes spill stores, 0 bytes spill loads
ptxas info    : Used 168 registers, used 1 barriers, 404 bytes cmem[0]
ptxas info    : Compile time = 32.752 ms
ptxas info    : Compiling entry function '_Z11gemm_deviceI6__halfLi32ELi64EEviiiPT_S2_S2_iii' for 'sm_75'
ptxas info    : Function properties for _Z11gemm_deviceI6__halfLi32ELi64EEviiiPT_S2_S2_iii
    0 bytes stack frame, 0 bytes spill stores, 0 bytes spill loads
ptxas info    : Used 168 registers, used 1 barriers, 404 bytes cmem[0]
ptxas info    : Compile time = 32.623 ms
ptxas info    : Compiling entry function '_Z11gemm_deviceI6__halfLi32ELi32EEviiiPT_S2_S2_iii' for 'sm_75'
ptxas info    : Function properties for _Z11gemm_deviceI6__halfLi32ELi32EEviiiPT_S2_S2_iii
    0 bytes stack frame, 0 bytes spill stores, 0 bytes spill loads
ptxas info    : Used 168 registers, used 1 barriers, 404 bytes cmem[0]
ptxas info    : Compile time = 32.867 ms
ptxas info    : Compiling entry function '_Z11gemm_deviceI6__halfLi32ELi128EEviiiPT_S2_S2_iii' for 'sm_75'
ptxas info    : Function properties for _Z11gemm_deviceI6__halfLi32ELi128EEviiiPT_S2_S2_iii
    0 bytes stack frame, 0 bytes spill stores, 0 bytes spill loads
ptxas info    : Used 168 registers, used 1 barriers, 404 bytes cmem[0]
ptxas info    : Compile time = 33.230 ms
ptxas info    : Compiling entry function '_Z11gemm_deviceI6__halfLi32ELi160EEviiiPT_S2_S2_iii' for 'sm_75'
ptxas info    : Function properties for _Z11gemm_deviceI6__halfLi32ELi160EEviiiPT_S2_S2_iii
    0 bytes stack frame, 0 bytes spill stores, 0 bytes spill loads
ptxas info    : Used 168 registers, used 1 barriers, 404 bytes cmem[0]
ptxas info    : Compile time = 33.125 ms
ptxas info    : Compiling entry function '_Z11gemm_deviceI6__halfLi32ELi192EEviiiPT_S2_S2_iii' for 'sm_75'
ptxas info    : Function properties for _Z11gemm_deviceI6__halfLi32ELi192EEviiiPT_S2_S2_iii
    0 bytes stack frame, 0 bytes spill stores, 0 bytes spill loads
ptxas info    : Used 168 registers, used 1 barriers, 404 bytes cmem[0]
ptxas info    : Compile time = 32.902 ms
ptxas info    : Compiling entry function '_Z11gemm_deviceI6__halfLi32ELi256EEviiiPT_S2_S2_iii' for 'sm_75'
ptxas info    : Function properties for _Z11gemm_deviceI6__halfLi32ELi256EEviiiPT_S2_S2_iii
    0 bytes stack frame, 0 bytes spill stores, 0 bytes spill loads
ptxas info    : Used 168 registers, used 1 barriers, 404 bytes cmem[0]
ptxas info    : Compile time = 33.162 ms
ptxas info    : Compiling entry function '_Z5kfuncIfLi2EEvPT_S1_S0_l' for 'sm_75'
ptxas info    : Function properties for _Z5kfuncIfLi2EEvPT_S1_S0_l
    0 bytes stack frame, 0 bytes spill stores, 0 bytes spill loads
ptxas info    : Used 26 registers, used 0 barriers, 384 bytes cmem[0]
ptxas info    : Compile time = 4.121 ms
ptxas info    : Compiling entry function '_Z5kfuncIfLi1EEvPT_S1_S0_l' for 'sm_75'
ptxas info    : Function properties for _Z5kfuncIfLi1EEvPT_S1_S0_l
    0 bytes stack frame, 0 bytes spill stores, 0 bytes spill loads
ptxas info    : Used 30 registers, used 0 barriers, 384 bytes cmem[0]
ptxas info    : Compile time = 3.434 ms
ptxas info    : Compiling entry function '_Z5kfuncIhLi0EEvPT_S1_S0_l' for 'sm_75'
ptxas info    : Function properties for _Z5kfuncIhLi0EEvPT_S1_S0_l
    0 bytes stack frame, 0 bytes spill stores, 0 bytes spill loads
ptxas info    : Used 24 registers, used 0 barriers, 384 bytes cmem[0]
ptxas info    : Compile time = 3.261 ms
ptxas info    : Compiling entry function '_Z5kfuncIfLi0EEvPT_S1_S0_l' for 'sm_75'
ptxas info    : Function properties for _Z5kfuncIfLi0EEvPT_S1_S0_l
    0 bytes stack frame, 0 bytes spill stores, 0 bytes spill loads
ptxas info    : Used 24 registers, used 0 barriers, 384 bytes cmem[0]
ptxas info    : Compile time = 3.329 ms
ptxas info    : Compiling entry function '_Z15kgetColRowStatsI6__halfLi64ELi4ELi16ELi256ELi1EEvPT_PfS3_Pifiiii' for 'sm_75'
ptxas info    : Function properties for _Z15kgetColRowStatsI6__halfLi64ELi4ELi16ELi256ELi1EEvPT_PfS3_Pifiiii
    0 bytes stack frame, 0 bytes spill stores, 0 bytes spill loads
ptxas info    : Used 28 registers, used 1 barriers, 404 bytes cmem[0]
ptxas info    : Compile time = 11.021 ms
ptxas info    : Compiling entry function '_Z15kgetColRowStatsI6__halfLi64ELi4ELi16ELi256ELi0EEvPT_PfS3_Pifiiii' for 'sm_75'
ptxas info    : Function properties for _Z15kgetColRowStatsI6__halfLi64ELi4ELi16ELi256ELi0EEvPT_PfS3_Pifiiii
    0 bytes stack frame, 0 bytes spill stores, 0 bytes spill loads
ptxas info    : Used 27 registers, used 1 barriers, 404 bytes cmem[0]
ptxas info    : Compile time = 8.969 ms
ptxas info    : Compiling entry function '_Z11kDequantizePfPhS_i' for 'sm_75'
ptxas info    : Function properties for _Z11kDequantizePfPhS_i
    0 bytes stack frame, 0 bytes spill stores, 0 bytes spill loads
ptxas info    : Used 12 registers, used 1 barriers, 1024 bytes smem, 380 bytes cmem[0]
ptxas info    : Compile time = 1.999 ms
ptxas info    : Compiling entry function '_Z9kQuantizePfS_Phi' for 'sm_75'
ptxas info    : Function properties for _Z9kQuantizePfS_Phi
    0 bytes stack frame, 0 bytes spill stores, 0 bytes spill loads
ptxas info    : Used 51 registers, used 1 barriers, 21520 bytes smem, 380 bytes cmem[0]
ptxas info    : Compile time = 11.798 ms
ptxas info    : Compiling entry function '_Z22kHistogramScatterAdd2DPfPiS0_S_ii' for 'sm_75'
ptxas info    : Function properties for _Z22kHistogramScatterAdd2DPfPiS0_S_ii
    0 bytes stack frame, 0 bytes spill stores, 0 bytes spill loads
ptxas info    : Used 14 registers, used 0 barriers, 392 bytes cmem[0]
ptxas info    : Compile time = 1.873 ms
ptxas info    : Function properties for _Z9dQuantizeILi1EEhPfff
    0 bytes stack frame, 0 bytes spill stores, 0 bytes spill loads
ptxas info    : Compile time = 3.014 ms
ptxas info    : Function properties for _Z12printnonzeroI6__halfEvPT_iPKc
    104 bytes stack frame, 76 bytes spill stores, 76 bytes spill loads
ptxas info    : Compile time = 4.762 ms
ptxas info    : Function properties for _Z12printnonzeroIfEvPT_iPKc
    104 bytes stack frame, 76 bytes spill stores, 76 bytes spill loads
ptxas info    : Compile time = 4.599 ms
ptxas info    : Function properties for _Z9dQuantizeILi0EEhPfff
    0 bytes stack frame, 0 bytes spill stores, 0 bytes spill loads
ptxas info    : Compile time = 3.016 ms
ptxas info    : Function properties for _Z12dQuantizeNF4f
    0 bytes stack frame, 0 bytes spill stores, 0 bytes spill loads
ptxas info    : Compile time = 2.006 ms
ptxas info    : Function properties for _Z14dDequantizeNF4h
    0 bytes stack frame, 0 bytes spill stores, 0 bytes spill loads
ptxas info    : Compile time = 1.997 ms
ptxas info    : Function properties for _Z15dhDequantizeNF4h
    0 bytes stack frame, 0 bytes spill stores, 0 bytes spill loads
ptxas info    : Compile time = 2.429 ms
ptxas info    : Function properties for _Z12dQuantizeFP4f
    0 bytes stack frame, 0 bytes spill stores, 0 bytes spill loads
ptxas info    : Compile time = 1.781 ms
ptxas info    : Function properties for _Z18dDequantizeFP4Treehf
    0 bytes stack frame, 0 bytes spill stores, 0 bytes spill loads
ptxas info    : Compile time = 1.881 ms
ptxas info    : Function properties for _Z15d2DequantizeFP4h
    0 bytes stack frame, 0 bytes spill stores, 0 bytes spill loads
ptxas info    : Compile time = 1.698 ms
ptxas info    : Function properties for _Z14dDequantizeFP4hf
    0 bytes stack frame, 0 bytes spill stores, 0 bytes spill loads
ptxas info    : Compile time = 1.773 ms
ptxas info    : Function properties for _Z9atomicMinPff
    0 bytes stack frame, 0 bytes spill stores, 0 bytes spill loads
ptxas info    : Compile time = 1.716 ms
ptxas info    : Function properties for _Z9atomicMaxPff
    0 bytes stack frame, 0 bytes spill stores, 0 bytes spill loads
ptxas info    : Compile time = 1.681 ms
ptxas warning : Value of threads per SM for entry _Z9kQuantizePfS_Phi is out of range. .minnctapersm will be ignored
ptxas info    : 124 bytes gmem
ptxas info    : Compiling entry function '_ZN3cub33CUB_200700_750_800_860_890_900_NS11EmptyKernelIvEEvv' for 'sm_80'
ptxas info    : Function properties for _ZN3cub33CUB_200700_750_800_860_890_900_NS11EmptyKernelIvEEvv
    0 bytes stack frame, 0 bytes spill stores, 0 bytes spill loads
ptxas info    : Used 4 registers, used 0 barriers, 352 bytes cmem[0]
ptxas info    : Compile time = 2.078 ms
ptxas info    : Compiling entry function '_Z35kOptimizerStatic8bit1StateBlockwiseI6__halfLi4ELi2048ELi8EEvPT_S2_PhfffifPfS4_ffbi' for 'sm_80'
ptxas info    : Function properties for _Z35kOptimizerStatic8bit1StateBlockwiseI6__halfLi4ELi2048ELi8EEvPT_S2_PhfffifPfS4_ffbi
    0 bytes stack frame, 0 bytes spill stores, 0 bytes spill loads
ptxas info    : Used 76 registers, used 1 barriers, 432 bytes cmem[0]
ptxas info    : Compile time = 55.553 ms
ptxas info    : Compiling entry function '_Z35kOptimizerStatic8bit1StateBlockwiseIfLi4ELi2048ELi8EEvPT_S1_PhfffifPfS3_ffbi' for 'sm_80'
ptxas info    : Function properties for _Z35kOptimizerStatic8bit1StateBlockwiseIfLi4ELi2048ELi8EEvPT_S1_PhfffifPfS3_ffbi
    0 bytes stack frame, 0 bytes spill stores, 0 bytes spill loads
ptxas info    : Used 72 registers, used 1 barriers, 432 bytes cmem[0]
ptxas info    : Compile time = 49.558 ms
ptxas info    : Compiling entry function '_Z35kOptimizerStatic8bit1StateBlockwiseI13__nv_bfloat16Li5ELi2048ELi8EEvPT_S2_PhfffifPfS4_ffbi' for 'sm_80'
ptxas info    : Function properties for _Z35kOptimizerStatic8bit1StateBlockwiseI13__nv_bfloat16Li5ELi2048ELi8EEvPT_S2_PhfffifPfS4_ffbi
    0 bytes stack frame, 0 bytes spill stores, 0 bytes spill loads
ptxas info    : Used 77 registers, used 1 barriers, 432 bytes cmem[0]
ptxas info    : Compile time = 61.380 ms
ptxas info    : Compiling entry function '_Z35kOptimizerStatic8bit1StateBlockwiseI6__halfLi5ELi2048ELi8EEvPT_S2_PhfffifPfS4_ffbi' for 'sm_80'
ptxas info    : Function properties for _Z35kOptimizerStatic8bit1StateBlockwiseI6__halfLi5ELi2048ELi8EEvPT_S2_PhfffifPfS4_ffbi
    0 bytes stack frame, 0 bytes spill stores, 0 bytes spill loads
ptxas info    : Used 77 registers, used 1 barriers, 432 bytes cmem[0]
ptxas info    : Compile time = 61.388 ms
ptxas info    : Compiling entry function '_Z35kOptimizerStatic8bit1StateBlockwiseIfLi5ELi2048ELi8EEvPT_S1_PhfffifPfS3_ffbi' for 'sm_80'
ptxas info    : Function properties for _Z35kOptimizerStatic8bit1StateBlockwiseIfLi5ELi2048ELi8EEvPT_S1_PhfffifPfS3_ffbi
    0 bytes stack frame, 0 bytes spill stores, 0 bytes spill loads
ptxas info    : Used 74 registers, used 1 barriers, 432 bytes cmem[0]
ptxas info    : Compile time = 55.659 ms
ptxas info    : Compiling entry function '_Z35kOptimizerStatic8bit1StateBlockwiseI6__halfLi2ELi2048ELi8EEvPT_S2_PhfffifPfS4_ffbi' for 'sm_80'
ptxas info    : Function properties for _Z35kOptimizerStatic8bit1StateBlockwiseI6__halfLi2ELi2048ELi8EEvPT_S2_PhfffifPfS4_ffbi
    0 bytes stack frame, 0 bytes spill stores, 0 bytes spill loads
ptxas info    : Used 76 registers, used 1 barriers, 432 bytes cmem[0]
ptxas info    : Compile time = 55.558 ms
ptxas info    : Compiling entry function '_Z35kOptimizerStatic8bit1StateBlockwiseIfLi2ELi2048ELi8EEvPT_S1_PhfffifPfS3_ffbi' for 'sm_80'
ptxas info    : Function properties for _Z35kOptimizerStatic8bit1StateBlockwiseIfLi2ELi2048ELi8EEvPT_S1_PhfffifPfS3_ffbi
    0 bytes stack frame, 0 bytes spill stores, 0 bytes spill loads
ptxas info    : Used 72 registers, used 1 barriers, 432 bytes cmem[0]
ptxas info    : Compile time = 50.853 ms
ptxas info    : Compiling entry function '_Z35kOptimizerStatic8bit1StateBlockwiseI6__halfLi1ELi2048ELi8EEvPT_S2_PhfffifPfS4_ffbi' for 'sm_80'
ptxas info    : Function properties for _Z35kOptimizerStatic8bit1StateBlockwiseI6__halfLi1ELi2048ELi8EEvPT_S2_PhfffifPfS4_ffbi
    0 bytes stack frame, 0 bytes spill stores, 0 bytes spill loads
ptxas info    : Used 76 registers, used 1 barriers, 432 bytes cmem[0]
ptxas info    : Compile time = 53.909 ms
ptxas info    : Compiling entry function '_Z35kOptimizerStatic8bit1StateBlockwiseIfLi1ELi2048ELi8EEvPT_S1_PhfffifPfS3_ffbi' for 'sm_80'
ptxas info    : Function properties for _Z35kOptimizerStatic8bit1StateBlockwiseIfLi1ELi2048ELi8EEvPT_S1_PhfffifPfS3_ffbi
    0 bytes stack frame, 0 bytes spill stores, 0 bytes spill loads
ptxas info    : Used 72 registers, used 1 barriers, 432 bytes cmem[0]
ptxas info    : Compile time = 49.712 ms
ptxas info    : Compiling entry function '_Z35kOptimizerStatic8bit2StateBlockwiseI13__nv_bfloat16Li0ELi2048ELi8EEvPT_S2_PhS3_fffifPfS4_S4_S4_ffbi' for 'sm_80'
ptxas info    : Function properties for _Z35kOptimizerStatic8bit2StateBlockwiseI13__nv_bfloat16Li0ELi2048ELi8EEvPT_S2_PhS3_fffifPfS4_S4_S4_ffbi
    0 bytes stack frame, 0 bytes spill stores, 0 bytes spill loads
ptxas info    : Used 80 registers, used 1 barriers, 456 bytes cmem[0]
ptxas info    : Compile time = 92.919 ms
ptxas info    : Compiling entry function '_Z35kOptimizerStatic8bit2StateBlockwiseI6__halfLi0ELi2048ELi8EEvPT_S2_PhS3_fffifPfS4_S4_S4_ffbi' for 'sm_80'
ptxas info    : Function properties for _Z35kOptimizerStatic8bit2StateBlockwiseI6__halfLi0ELi2048ELi8EEvPT_S2_PhS3_fffifPfS4_S4_S4_ffbi
    0 bytes stack frame, 0 bytes spill stores, 0 bytes spill loads
ptxas info    : Used 80 registers, used 1 barriers, 456 bytes cmem[0]
ptxas info    : Compile time = 93.006 ms
ptxas info    : Compiling entry function '_Z35kOptimizerStatic8bit2StateBlockwiseIfLi0ELi2048ELi8EEvPT_S1_PhS2_fffifPfS3_S3_S3_ffbi' for 'sm_80'
ptxas info    : Function properties for _Z35kOptimizerStatic8bit2StateBlockwiseIfLi0ELi2048ELi8EEvPT_S1_PhS2_fffifPfS3_S3_S3_ffbi
    0 bytes stack frame, 0 bytes spill stores, 0 bytes spill loads
ptxas info    : Used 80 registers, used 1 barriers, 456 bytes cmem[0]
ptxas info    : Compile time = 86.311 ms
ptxas info    : Compiling entry function '_Z20kDequantizeBlockwiseI13__nv_bfloat16Li512ELi64ELi8ELi2EEvPfPhS1_PT_ii' for 'sm_80'
ptxas info    : Function properties for _Z20kDequantizeBlockwiseI13__nv_bfloat16Li512ELi64ELi8ELi2EEvPfPhS1_PT_ii
    0 bytes stack frame, 0 bytes spill stores, 0 bytes spill loads
ptxas info    : Used 56 registers, used 1 barriers, 392 bytes cmem[0]
ptxas info    : Compile time = 25.815 ms
ptxas info    : Compiling entry function '_Z20kDequantizeBlockwiseI13__nv_bfloat16Li512ELi64ELi8ELi0EEvPfPhS1_PT_ii' for 'sm_80'
ptxas info    : Function properties for _Z20kDequantizeBlockwiseI13__nv_bfloat16Li512ELi64ELi8ELi0EEvPfPhS1_PT_ii
    0 bytes stack frame, 0 bytes spill stores, 0 bytes spill loads
ptxas info    : Used 40 registers, used 1 barriers, 392 bytes cmem[0]
ptxas info    : Compile time = 7.353 ms
ptxas info    : Compiling entry function '_Z20kDequantizeBlockwiseI13__nv_bfloat16Li512ELi64ELi8ELi1EEvPfPhS1_PT_ii' for 'sm_80'
ptxas info    : Function properties for _Z20kDequantizeBlockwiseI13__nv_bfloat16Li512ELi64ELi8ELi1EEvPfPhS1_PT_ii
    0 bytes stack frame, 0 bytes spill stores, 0 bytes spill loads
ptxas info    : Used 64 registers, used 1 barriers, 392 bytes cmem[0]
ptxas info    : Compile time = 18.026 ms
ptxas info    : Compiling entry function '_Z20kDequantizeBlockwiseIfLi512ELi64ELi8ELi2EEvPfPhS0_PT_ii' for 'sm_80'
ptxas info    : Function properties for _Z20kDequantizeBlockwiseIfLi512ELi64ELi8ELi2EEvPfPhS0_PT_ii
    0 bytes stack frame, 0 bytes spill stores, 0 bytes spill loads
ptxas info    : Used 56 registers, used 1 barriers, 392 bytes cmem[0]
ptxas info    : Compile time = 25.034 ms
ptxas info    : Compiling entry function '_Z20kDequantizeBlockwiseIfLi512ELi64ELi8ELi0EEvPfPhS0_PT_ii' for 'sm_80'
ptxas info    : Function properties for _Z20kDequantizeBlockwiseIfLi512ELi64ELi8ELi0EEvPfPhS0_PT_ii
    0 bytes stack frame, 0 bytes spill stores, 0 bytes spill loads
ptxas info    : Used 40 registers, used 1 barriers, 392 bytes cmem[0]
ptxas info    : Compile time = 6.861 ms
ptxas info    : Compiling entry function '_Z20kDequantizeBlockwiseIfLi512ELi64ELi8ELi1EEvPfPhS0_PT_ii' for 'sm_80'
ptxas info    : Function properties for _Z20kDequantizeBlockwiseIfLi512ELi64ELi8ELi1EEvPfPhS0_PT_ii
    0 bytes stack frame, 0 bytes spill stores, 0 bytes spill loads
ptxas info    : Used 64 registers, used 1 barriers, 392 bytes cmem[0]
ptxas info    : Compile time = 17.002 ms
ptxas info    : Compiling entry function '_Z20kDequantizeBlockwiseI6__halfLi512ELi64ELi8ELi2EEvPfPhS1_PT_ii' for 'sm_80'
ptxas info    : Function properties for _Z20kDequantizeBlockwiseI6__halfLi512ELi64ELi8ELi2EEvPfPhS1_PT_ii
    0 bytes stack frame, 0 bytes spill stores, 0 bytes spill loads
ptxas info    : Used 56 registers, used 1 barriers, 392 bytes cmem[0]
ptxas info    : Compile time = 25.397 ms
ptxas info    : Compiling entry function '_Z20kDequantizeBlockwiseI6__halfLi512ELi64ELi8ELi0EEvPfPhS1_PT_ii' for 'sm_80'
ptxas info    : Function properties for _Z20kDequantizeBlockwiseI6__halfLi512ELi64ELi8ELi0EEvPfPhS1_PT_ii
    0 bytes stack frame, 0 bytes spill stores, 0 bytes spill loads
ptxas info    : Used 40 registers, used 1 barriers, 392 bytes cmem[0]
ptxas info    : Compile time = 7.317 ms
ptxas info    : Compiling entry function '_Z20kDequantizeBlockwiseI6__halfLi512ELi64ELi8ELi1EEvPfPhS1_PT_ii' for 'sm_80'
ptxas info    : Function properties for _Z20kDequantizeBlockwiseI6__halfLi512ELi64ELi8ELi1EEvPfPhS1_PT_ii
    0 bytes stack frame, 0 bytes spill stores, 0 bytes spill loads
ptxas info    : Used 64 registers, used 1 barriers, 392 bytes cmem[0]
ptxas info    : Compile time = 17.987 ms
ptxas info    : Compiling entry function '_Z18kQuantizeBlockwiseI13__nv_bfloat16Li64ELi2ELi0ELi2EEvPfPT_S1_PhS1_ii' for 'sm_80'
ptxas info    : Function properties for _Z18kQuantizeBlockwiseI13__nv_bfloat16Li64ELi2ELi0ELi2EEvPfPT_S1_PhS1_ii
    0 bytes stack frame, 0 bytes spill stores, 0 bytes spill loads
ptxas info    : Used 24 registers, used 1 barriers, 400 bytes cmem[0]
ptxas info    : Compile time = 7.534 ms
ptxas info    : Compiling entry function '_Z18kQuantizeBlockwiseI13__nv_bfloat16Li128ELi2ELi0ELi2EEvPfPT_S1_PhS1_ii' for 'sm_80'
ptxas info    : Function properties for _Z18kQuantizeBlockwiseI13__nv_bfloat16Li128ELi2ELi0ELi2EEvPfPT_S1_PhS1_ii
    0 bytes stack frame, 0 bytes spill stores, 0 bytes spill loads
ptxas info    : Used 24 registers, used 1 barriers, 400 bytes cmem[0]
ptxas info    : Compile time = 8.180 ms
ptxas info    : Compiling entry function '_Z18kQuantizeBlockwiseI13__nv_bfloat16Li256ELi2ELi0ELi2EEvPfPT_S1_PhS1_ii' for 'sm_80'
ptxas info    : Function properties for _Z18kQuantizeBlockwiseI13__nv_bfloat16Li256ELi2ELi0ELi2EEvPfPT_S1_PhS1_ii
    0 bytes stack frame, 0 bytes spill stores, 0 bytes spill loads
ptxas info    : Used 26 registers, used 1 barriers, 400 bytes cmem[0]
ptxas info    : Compile time = 8.393 ms
ptxas info    : Compiling entry function '_Z18kQuantizeBlockwiseI13__nv_bfloat16Li512ELi2ELi0ELi2EEvPfPT_S1_PhS1_ii' for 'sm_80'
ptxas info    : Function properties for _Z18kQuantizeBlockwiseI13__nv_bfloat16Li512ELi2ELi0ELi2EEvPfPT_S1_PhS1_ii
    0 bytes stack frame, 0 bytes spill stores, 0 bytes spill loads
ptxas info    : Used 30 registers, used 1 barriers, 400 bytes cmem[0]
ptxas info    : Compile time = 8.774 ms
ptxas info    : Compiling entry function '_Z18kQuantizeBlockwiseI13__nv_bfloat16Li1024ELi4ELi0ELi2EEvPfPT_S1_PhS1_ii' for 'sm_80'
ptxas info    : Function properties for _Z18kQuantizeBlockwiseI13__nv_bfloat16Li1024ELi4ELi0ELi2EEvPfPT_S1_PhS1_ii
    0 bytes stack frame, 0 bytes spill stores, 0 bytes spill loads
ptxas info    : Used 31 registers, used 1 barriers, 400 bytes cmem[0]
ptxas info    : Compile time = 11.030 ms
ptxas info    : Compiling entry function '_Z18kQuantizeBlockwiseI13__nv_bfloat16Li2048ELi4ELi0ELi2EEvPfPT_S1_PhS1_ii' for 'sm_80'
ptxas info    : Function properties for _Z18kQuantizeBlockwiseI13__nv_bfloat16Li2048ELi4ELi0ELi2EEvPfPT_S1_PhS1_ii
    0 bytes stack frame, 0 bytes spill stores, 0 bytes spill loads
ptxas info    : Used 30 registers, used 1 barriers, 400 bytes cmem[0]
ptxas info    : Compile time = 12.080 ms
ptxas info    : Compiling entry function '_Z18kQuantizeBlockwiseI13__nv_bfloat16Li4096ELi4ELi0ELi2EEvPfPT_S1_PhS1_ii' for 'sm_80'
ptxas info    : Function properties for _Z18kQuantizeBlockwiseI13__nv_bfloat16Li4096ELi4ELi0ELi2EEvPfPT_S1_PhS1_ii
    0 bytes stack frame, 0 bytes spill stores, 0 bytes spill loads
ptxas info    : Used 30 registers, used 1 barriers, 400 bytes cmem[0]
ptxas info    : Compile time = 14.413 ms
ptxas info    : Compiling entry function '_Z18kQuantizeBlockwiseI13__nv_bfloat16Li64ELi2ELi0ELi1EEvPfPT_S1_PhS1_ii' for 'sm_80'
ptxas info    : Function properties for _Z18kQuantizeBlockwiseI13__nv_bfloat16Li64ELi2ELi0ELi1EEvPfPT_S1_PhS1_ii
    0 bytes stack frame, 0 bytes spill stores, 0 bytes spill loads
ptxas info    : Used 24 registers, used 1 barriers, 400 bytes cmem[0]
ptxas info    : Compile time = 7.198 ms
ptxas info    : Compiling entry function '_Z18kQuantizeBlockwiseI13__nv_bfloat16Li128ELi2ELi0ELi1EEvPfPT_S1_PhS1_ii' for 'sm_80'
ptxas info    : Function properties for _Z18kQuantizeBlockwiseI13__nv_bfloat16Li128ELi2ELi0ELi1EEvPfPT_S1_PhS1_ii
    0 bytes stack frame, 0 bytes spill stores, 0 bytes spill loads
ptxas info    : Used 24 registers, used 1 barriers, 400 bytes cmem[0]
ptxas info    : Compile time = 7.795 ms
ptxas info    : Compiling entry function '_Z18kQuantizeBlockwiseI13__nv_bfloat16Li256ELi2ELi0ELi1EEvPfPT_S1_PhS1_ii' for 'sm_80'
ptxas info    : Function properties for _Z18kQuantizeBlockwiseI13__nv_bfloat16Li256ELi2ELi0ELi1EEvPfPT_S1_PhS1_ii
    0 bytes stack frame, 0 bytes spill stores, 0 bytes spill loads
ptxas info    : Used 26 registers, used 1 barriers, 400 bytes cmem[0]
ptxas info    : Compile time = 7.889 ms
ptxas info    : Compiling entry function '_Z18kQuantizeBlockwiseI13__nv_bfloat16Li512ELi2ELi0ELi1EEvPfPT_S1_PhS1_ii' for 'sm_80'
ptxas info    : Function properties for _Z18kQuantizeBlockwiseI13__nv_bfloat16Li512ELi2ELi0ELi1EEvPfPT_S1_PhS1_ii
    0 bytes stack frame, 0 bytes spill stores, 0 bytes spill loads
ptxas info    : Used 30 registers, used 1 barriers, 400 bytes cmem[0]
ptxas info    : Compile time = 8.386 ms
ptxas info    : Compiling entry function '_Z18kQuantizeBlockwiseI13__nv_bfloat16Li1024ELi4ELi0ELi1EEvPfPT_S1_PhS1_ii' for 'sm_80'
ptxas info    : Function properties for _Z18kQuantizeBlockwiseI13__nv_bfloat16Li1024ELi4ELi0ELi1EEvPfPT_S1_PhS1_ii
    0 bytes stack frame, 0 bytes spill stores, 0 bytes spill loads
ptxas info    : Used 29 registers, used 1 barriers, 400 bytes cmem[0]
ptxas info    : Compile time = 10.284 ms
ptxas info    : Compiling entry function '_Z18kQuantizeBlockwiseI13__nv_bfloat16Li2048ELi4ELi0ELi1EEvPfPT_S1_PhS1_ii' for 'sm_80'
ptxas info    : Function properties for _Z18kQuantizeBlockwiseI13__nv_bfloat16Li2048ELi4ELi0ELi1EEvPfPT_S1_PhS1_ii
    0 bytes stack frame, 0 bytes spill stores, 0 bytes spill loads
ptxas info    : Used 30 registers, used 1 barriers, 400 bytes cmem[0]
ptxas info    : Compile time = 11.310 ms
ptxas info    : Compiling entry function '_Z18kQuantizeBlockwiseI13__nv_bfloat16Li4096ELi4ELi0ELi1EEvPfPT_S1_PhS1_ii' for 'sm_80'
ptxas info    : Function properties for _Z18kQuantizeBlockwiseI13__nv_bfloat16Li4096ELi4ELi0ELi1EEvPfPT_S1_PhS1_ii
    0 bytes stack frame, 0 bytes spill stores, 0 bytes spill loads
ptxas info    : Used 30 registers, used 1 barriers, 400 bytes cmem[0]
ptxas info    : Compile time = 13.874 ms
ptxas info    : Compiling entry function '_Z18kQuantizeBlockwiseI13__nv_bfloat16Li64ELi2ELi0ELi0EEvPfPT_S1_PhS1_ii' for 'sm_80'
ptxas info    : Function properties for _Z18kQuantizeBlockwiseI13__nv_bfloat16Li64ELi2ELi0ELi0EEvPfPT_S1_PhS1_ii
    0 bytes stack frame, 0 bytes spill stores, 0 bytes spill loads
ptxas info    : Used 31 registers, used 1 barriers, 400 bytes cmem[0]
ptxas info    : Compile time = 10.624 ms
ptxas info    : Compiling entry function '_Z18kQuantizeBlockwiseI13__nv_bfloat16Li128ELi2ELi0ELi0EEvPfPT_S1_PhS1_ii' for 'sm_80'
ptxas info    : Function properties for _Z18kQuantizeBlockwiseI13__nv_bfloat16Li128ELi2ELi0ELi0EEvPfPT_S1_PhS1_ii
    0 bytes stack frame, 0 bytes spill stores, 0 bytes spill loads
ptxas info    : Used 31 registers, used 1 barriers, 400 bytes cmem[0]
ptxas info    : Compile time = 11.144 ms
ptxas info    : Compiling entry function '_Z18kQuantizeBlockwiseI13__nv_bfloat16Li256ELi2ELi0ELi0EEvPfPT_S1_PhS1_ii' for 'sm_80'
ptxas info    : Function properties for _Z18kQuantizeBlockwiseI13__nv_bfloat16Li256ELi2ELi0ELi0EEvPfPT_S1_PhS1_ii
    0 bytes stack frame, 0 bytes spill stores, 0 bytes spill loads
ptxas info    : Used 31 registers, used 1 barriers, 400 bytes cmem[0]
ptxas info    : Compile time = 11.305 ms
ptxas info    : Compiling entry function '_Z18kQuantizeBlockwiseI13__nv_bfloat16Li512ELi2ELi0ELi0EEvPfPT_S1_PhS1_ii' for 'sm_80'
ptxas info    : Function properties for _Z18kQuantizeBlockwiseI13__nv_bfloat16Li512ELi2ELi0ELi0EEvPfPT_S1_PhS1_ii
    0 bytes stack frame, 0 bytes spill stores, 0 bytes spill loads
ptxas info    : Used 31 registers, used 1 barriers, 400 bytes cmem[0]
ptxas info    : Compile time = 11.794 ms
ptxas info    : Compiling entry function '_Z18kQuantizeBlockwiseI13__nv_bfloat16Li1024ELi4ELi0ELi0EEvPfPT_S1_PhS1_ii' for 'sm_80'
ptxas info    : Function properties for _Z18kQuantizeBlockwiseI13__nv_bfloat16Li1024ELi4ELi0ELi0EEvPfPT_S1_PhS1_ii
    0 bytes stack frame, 0 bytes spill stores, 0 bytes spill loads
ptxas info    : Used 32 registers, used 1 barriers, 400 bytes cmem[0]
ptxas info    : Compile time = 17.455 ms
ptxas info    : Compiling entry function '_Z18kQuantizeBlockwiseI13__nv_bfloat16Li2048ELi4ELi0ELi0EEvPfPT_S1_PhS1_ii' for 'sm_80'
ptxas info    : Function properties for _Z18kQuantizeBlockwiseI13__nv_bfloat16Li2048ELi4ELi0ELi0EEvPfPT_S1_PhS1_ii
    0 bytes stack frame, 0 bytes spill stores, 0 bytes spill loads
ptxas info    : Used 32 registers, used 1 barriers, 400 bytes cmem[0]
ptxas info    : Compile time = 18.384 ms
ptxas info    : Compiling entry function '_Z18kQuantizeBlockwiseI13__nv_bfloat16Li4096ELi4ELi1ELi0EEvPfPT_S1_PhS1_ii' for 'sm_80'
ptxas info    : Function properties for _Z18kQuantizeBlockwiseI13__nv_bfloat16Li4096ELi4ELi1ELi0EEvPfPT_S1_PhS1_ii
    0 bytes stack frame, 0 bytes spill stores, 0 bytes spill loads
ptxas info    : Used 40 registers, used 1 barriers, 400 bytes cmem[0]
ptxas info    : Compile time = 22.040 ms
ptxas info    : Compiling entry function '_Z18kQuantizeBlockwiseI13__nv_bfloat16Li4096ELi4ELi0ELi0EEvPfPT_S1_PhS1_ii' for 'sm_80'
ptxas info    : Function properties for _Z18kQuantizeBlockwiseI13__nv_bfloat16Li4096ELi4ELi0ELi0EEvPfPT_S1_PhS1_ii
    0 bytes stack frame, 0 bytes spill stores, 0 bytes spill loads
ptxas info    : Used 32 registers, used 1 barriers, 400 bytes cmem[0]
ptxas info    : Compile time = 20.420 ms
ptxas info    : Compiling entry function '_Z18kQuantizeBlockwiseIfLi64ELi2ELi0ELi2EEvPfPT_S0_PhS0_ii' for 'sm_80'
ptxas info    : Function properties for _Z18kQuantizeBlockwiseIfLi64ELi2ELi0ELi2EEvPfPT_S0_PhS0_ii
    0 bytes stack frame, 0 bytes spill stores, 0 bytes spill loads
ptxas info    : Used 24 registers, used 1 barriers, 400 bytes cmem[0]
ptxas info    : Compile time = 7.378 ms
ptxas info    : Compiling entry function '_Z18kQuantizeBlockwiseIfLi128ELi2ELi0ELi2EEvPfPT_S0_PhS0_ii' for 'sm_80'
ptxas info    : Function properties for _Z18kQuantizeBlockwiseIfLi128ELi2ELi0ELi2EEvPfPT_S0_PhS0_ii
    0 bytes stack frame, 0 bytes spill stores, 0 bytes spill loads
ptxas info    : Used 25 registers, used 1 barriers, 400 bytes cmem[0]
ptxas info    : Compile time = 7.957 ms
ptxas info    : Compiling entry function '_Z18kQuantizeBlockwiseIfLi256ELi2ELi0ELi2EEvPfPT_S0_PhS0_ii' for 'sm_80'
ptxas info    : Function properties for _Z18kQuantizeBlockwiseIfLi256ELi2ELi0ELi2EEvPfPT_S0_PhS0_ii
    0 bytes stack frame, 0 bytes spill stores, 0 bytes spill loads
ptxas info    : Used 25 registers, used 1 barriers, 400 bytes cmem[0]
ptxas info    : Compile time = 8.131 ms
ptxas info    : Compiling entry function '_Z18kQuantizeBlockwiseIfLi512ELi2ELi0ELi2EEvPfPT_S0_PhS0_ii' for 'sm_80'
ptxas info    : Function properties for _Z18kQuantizeBlockwiseIfLi512ELi2ELi0ELi2EEvPfPT_S0_PhS0_ii
    0 bytes stack frame, 0 bytes spill stores, 0 bytes spill loads
ptxas info    : Used 28 registers, used 1 barriers, 400 bytes cmem[0]
ptxas info    : Compile time = 8.513 ms
ptxas info    : Compiling entry function '_Z18kQuantizeBlockwiseIfLi1024ELi4ELi0ELi2EEvPfPT_S0_PhS0_ii' for 'sm_80'
ptxas info    : Function properties for _Z18kQuantizeBlockwiseIfLi1024ELi4ELi0ELi2EEvPfPT_S0_PhS0_ii
    0 bytes stack frame, 0 bytes spill stores, 0 bytes spill loads
ptxas info    : Used 32 registers, used 1 barriers, 400 bytes cmem[0]
ptxas info    : Compile time = 10.682 ms
ptxas info    : Compiling entry function '_Z18kQuantizeBlockwiseIfLi2048ELi4ELi0ELi2EEvPfPT_S0_PhS0_ii' for 'sm_80'
ptxas info    : Function properties for _Z18kQuantizeBlockwiseIfLi2048ELi4ELi0ELi2EEvPfPT_S0_PhS0_ii
    0 bytes stack frame, 0 bytes spill stores, 0 bytes spill loads
ptxas info    : Used 31 registers, used 1 barriers, 400 bytes cmem[0]
ptxas info    : Compile time = 11.845 ms
ptxas info    : Compiling entry function '_Z18kQuantizeBlockwiseIfLi4096ELi4ELi0ELi2EEvPfPT_S0_PhS0_ii' for 'sm_80'
ptxas info    : Function properties for _Z18kQuantizeBlockwiseIfLi4096ELi4ELi0ELi2EEvPfPT_S0_PhS0_ii
    0 bytes stack frame, 0 bytes spill stores, 0 bytes spill loads
ptxas info    : Used 31 registers, used 1 barriers, 400 bytes cmem[0]
ptxas info    : Compile time = 13.800 ms
ptxas info    : Compiling entry function '_Z18kQuantizeBlockwiseIfLi64ELi2ELi0ELi1EEvPfPT_S0_PhS0_ii' for 'sm_80'
ptxas info    : Function properties for _Z18kQuantizeBlockwiseIfLi64ELi2ELi0ELi1EEvPfPT_S0_PhS0_ii
    0 bytes stack frame, 0 bytes spill stores, 0 bytes spill loads
ptxas info    : Used 24 registers, used 1 barriers, 400 bytes cmem[0]
ptxas info    : Compile time = 7.005 ms
ptxas info    : Compiling entry function '_Z18kQuantizeBlockwiseIfLi128ELi2ELi0ELi1EEvPfPT_S0_PhS0_ii' for 'sm_80'
ptxas info    : Function properties for _Z18kQuantizeBlockwiseIfLi128ELi2ELi0ELi1EEvPfPT_S0_PhS0_ii
    0 bytes stack frame, 0 bytes spill stores, 0 bytes spill loads
ptxas info    : Used 24 registers, used 1 barriers, 400 bytes cmem[0]
ptxas info    : Compile time = 7.621 ms
ptxas info    : Compiling entry function '_Z18kQuantizeBlockwiseIfLi256ELi2ELi0ELi1EEvPfPT_S0_PhS0_ii' for 'sm_80'
ptxas info    : Function properties for _Z18kQuantizeBlockwiseIfLi256ELi2ELi0ELi1EEvPfPT_S0_PhS0_ii
    0 bytes stack frame, 0 bytes spill stores, 0 bytes spill loads
ptxas info    : Used 24 registers, used 1 barriers, 400 bytes cmem[0]
ptxas info    : Compile time = 7.778 ms
ptxas info    : Compiling entry function '_Z18kQuantizeBlockwiseIfLi512ELi2ELi0ELi1EEvPfPT_S0_PhS0_ii' for 'sm_80'
ptxas info    : Function properties for _Z18kQuantizeBlockwiseIfLi512ELi2ELi0ELi1EEvPfPT_S0_PhS0_ii
    0 bytes stack frame, 0 bytes spill stores, 0 bytes spill loads
ptxas info    : Used 28 registers, used 1 barriers, 400 bytes cmem[0]
ptxas info    : Compile time = 8.236 ms
ptxas info    : Compiling entry function '_Z18kQuantizeBlockwiseIfLi1024ELi4ELi0ELi1EEvPfPT_S0_PhS0_ii' for 'sm_80'
ptxas info    : Function properties for _Z18kQuantizeBlockwiseIfLi1024ELi4ELi0ELi1EEvPfPT_S0_PhS0_ii
    0 bytes stack frame, 0 bytes spill stores, 0 bytes spill loads
ptxas info    : Used 32 registers, used 1 barriers, 400 bytes cmem[0]
ptxas info    : Compile time = 10.104 ms
ptxas info    : Compiling entry function '_Z18kQuantizeBlockwiseIfLi2048ELi4ELi0ELi1EEvPfPT_S0_PhS0_ii' for 'sm_80'
ptxas info    : Function properties for _Z18kQuantizeBlockwiseIfLi2048ELi4ELi0ELi1EEvPfPT_S0_PhS0_ii
    0 bytes stack frame, 0 bytes spill stores, 0 bytes spill loads
ptxas info    : Used 31 registers, used 1 barriers, 400 bytes cmem[0]
ptxas info    : Compile time = 11.034 ms
ptxas info    : Compiling entry function '_Z18kQuantizeBlockwiseIfLi4096ELi4ELi0ELi1EEvPfPT_S0_PhS0_ii' for 'sm_80'
ptxas info    : Function properties for _Z18kQuantizeBlockwiseIfLi4096ELi4ELi0ELi1EEvPfPT_S0_PhS0_ii
    0 bytes stack frame, 0 bytes spill stores, 0 bytes spill loads
ptxas info    : Used 31 registers, used 1 barriers, 400 bytes cmem[0]
ptxas info    : Compile time = 13.140 ms
ptxas info    : Compiling entry function '_Z18kQuantizeBlockwiseIfLi64ELi2ELi0ELi0EEvPfPT_S0_PhS0_ii' for 'sm_80'
ptxas info    : Function properties for _Z18kQuantizeBlockwiseIfLi64ELi2ELi0ELi0EEvPfPT_S0_PhS0_ii
    0 bytes stack frame, 0 bytes spill stores, 0 bytes spill loads
ptxas info    : Used 31 registers, used 1 barriers, 400 bytes cmem[0]
ptxas info    : Compile time = 10.399 ms
ptxas info    : Compiling entry function '_Z18kQuantizeBlockwiseIfLi128ELi2ELi0ELi0EEvPfPT_S0_PhS0_ii' for 'sm_80'
ptxas info    : Function properties for _Z18kQuantizeBlockwiseIfLi128ELi2ELi0ELi0EEvPfPT_S0_PhS0_ii
    0 bytes stack frame, 0 bytes spill stores, 0 bytes spill loads
ptxas info    : Used 31 registers, used 1 barriers, 400 bytes cmem[0]
ptxas info    : Compile time = 11.014 ms
ptxas info    : Compiling entry function '_Z18kQuantizeBlockwiseIfLi256ELi2ELi0ELi0EEvPfPT_S0_PhS0_ii' for 'sm_80'
ptxas info    : Function properties for _Z18kQuantizeBlockwiseIfLi256ELi2ELi0ELi0EEvPfPT_S0_PhS0_ii
    0 bytes stack frame, 0 bytes spill stores, 0 bytes spill loads
ptxas info    : Used 31 registers, used 1 barriers, 400 bytes cmem[0]
ptxas info    : Compile time = 11.153 ms
ptxas info    : Compiling entry function '_Z18kQuantizeBlockwiseIfLi512ELi2ELi0ELi0EEvPfPT_S0_PhS0_ii' for 'sm_80'
ptxas info    : Function properties for _Z18kQuantizeBlockwiseIfLi512ELi2ELi0ELi0EEvPfPT_S0_PhS0_ii
    0 bytes stack frame, 0 bytes spill stores, 0 bytes spill loads
ptxas info    : Used 32 registers, used 1 barriers, 400 bytes cmem[0]
ptxas info    : Compile time = 11.749 ms
ptxas info    : Compiling entry function '_Z18kQuantizeBlockwiseIfLi1024ELi4ELi0ELi0EEvPfPT_S0_PhS0_ii' for 'sm_80'
ptxas info    : Function properties for _Z18kQuantizeBlockwiseIfLi1024ELi4ELi0ELi0EEvPfPT_S0_PhS0_ii
    0 bytes stack frame, 0 bytes spill stores, 0 bytes spill loads
ptxas info    : Used 32 registers, used 1 barriers, 400 bytes cmem[0]
ptxas info    : Compile time = 16.923 ms
ptxas info    : Compiling entry function '_Z18kQuantizeBlockwiseIfLi2048ELi4ELi0ELi0EEvPfPT_S0_PhS0_ii' for 'sm_80'
ptxas info    : Function properties for _Z18kQuantizeBlockwiseIfLi2048ELi4ELi0ELi0EEvPfPT_S0_PhS0_ii
    0 bytes stack frame, 0 bytes spill stores, 0 bytes spill loads
ptxas info    : Used 32 registers, used 1 barriers, 400 bytes cmem[0]
ptxas info    : Compile time = 18.479 ms
ptxas info    : Compiling entry function '_Z18kQuantizeBlockwiseIfLi4096ELi4ELi1ELi0EEvPfPT_S0_PhS0_ii' for 'sm_80'
ptxas info    : Function properties for _Z18kQuantizeBlockwiseIfLi4096ELi4ELi1ELi0EEvPfPT_S0_PhS0_ii
    0 bytes stack frame, 0 bytes spill stores, 0 bytes spill loads
ptxas info    : Used 48 registers, used 1 barriers, 400 bytes cmem[0]
ptxas info    : Compile time = 22.937 ms
ptxas info    : Compiling entry function '_Z18kQuantizeBlockwiseIfLi4096ELi4ELi0ELi0EEvPfPT_S0_PhS0_ii' for 'sm_80'
ptxas info    : Function properties for _Z18kQuantizeBlockwiseIfLi4096ELi4ELi0ELi0EEvPfPT_S0_PhS0_ii
    0 bytes stack frame, 0 bytes spill stores, 0 bytes spill loads
ptxas info    : Used 32 registers, used 1 barriers, 400 bytes cmem[0]
ptxas info    : Compile time = 21.342 ms
ptxas info    : Compiling entry function '_Z18kQuantizeBlockwiseI6__halfLi64ELi2ELi0ELi2EEvPfPT_S1_PhS1_ii' for 'sm_80'
ptxas info    : Function properties for _Z18kQuantizeBlockwiseI6__halfLi64ELi2ELi0ELi2EEvPfPT_S1_PhS1_ii
    0 bytes stack frame, 0 bytes spill stores, 0 bytes spill loads
ptxas info    : Used 24 registers, used 1 barriers, 400 bytes cmem[0]
ptxas info    : Compile time = 7.523 ms
ptxas info    : Compiling entry function '_Z18kQuantizeBlockwiseI6__halfLi128ELi2ELi0ELi2EEvPfPT_S1_PhS1_ii' for 'sm_80'
ptxas info    : Function properties for _Z18kQuantizeBlockwiseI6__halfLi128ELi2ELi0ELi2EEvPfPT_S1_PhS1_ii
    0 bytes stack frame, 0 bytes spill stores, 0 bytes spill loads
ptxas info    : Used 26 registers, used 1 barriers, 400 bytes cmem[0]
ptxas info    : Compile time = 8.209 ms
ptxas info    : Compiling entry function '_Z18kQuantizeBlockwiseI6__halfLi256ELi2ELi0ELi2EEvPfPT_S1_PhS1_ii' for 'sm_80'
ptxas info    : Function properties for _Z18kQuantizeBlockwiseI6__halfLi256ELi2ELi0ELi2EEvPfPT_S1_PhS1_ii
    0 bytes stack frame, 0 bytes spill stores, 0 bytes spill loads
ptxas info    : Used 26 registers, used 1 barriers, 400 bytes cmem[0]
ptxas info    : Compile time = 8.279 ms
ptxas info    : Compiling entry function '_Z18kQuantizeBlockwiseI6__halfLi512ELi2ELi0ELi2EEvPfPT_S1_PhS1_ii' for 'sm_80'
ptxas info    : Function properties for _Z18kQuantizeBlockwiseI6__halfLi512ELi2ELi0ELi2EEvPfPT_S1_PhS1_ii
    0 bytes stack frame, 0 bytes spill stores, 0 bytes spill loads
ptxas info    : Used 30 registers, used 1 barriers, 400 bytes cmem[0]
ptxas info    : Compile time = 8.791 ms
ptxas info    : Compiling entry function '_Z18kQuantizeBlockwiseI6__halfLi1024ELi4ELi0ELi2EEvPfPT_S1_PhS1_ii' for 'sm_80'
ptxas info    : Function properties for _Z18kQuantizeBlockwiseI6__halfLi1024ELi4ELi0ELi2EEvPfPT_S1_PhS1_ii
    0 bytes stack frame, 0 bytes spill stores, 0 bytes spill loads
ptxas info    : Used 31 registers, used 1 barriers, 400 bytes cmem[0]
ptxas info    : Compile time = 11.224 ms
ptxas info    : Compiling entry function '_Z18kQuantizeBlockwiseI6__halfLi2048ELi4ELi0ELi2EEvPfPT_S1_PhS1_ii' for 'sm_80'
ptxas info    : Function properties for _Z18kQuantizeBlockwiseI6__halfLi2048ELi4ELi0ELi2EEvPfPT_S1_PhS1_ii
    0 bytes stack frame, 0 bytes spill stores, 0 bytes spill loads
ptxas info    : Used 30 registers, used 1 barriers, 400 bytes cmem[0]
ptxas info    : Compile time = 12.690 ms
ptxas info    : Compiling entry function '_Z18kQuantizeBlockwiseI6__halfLi4096ELi4ELi0ELi2EEvPfPT_S1_PhS1_ii' for 'sm_80'
ptxas info    : Function properties for _Z18kQuantizeBlockwiseI6__halfLi4096ELi4ELi0ELi2EEvPfPT_S1_PhS1_ii
    0 bytes stack frame, 0 bytes spill stores, 0 bytes spill loads
ptxas info    : Used 30 registers, used 1 barriers, 400 bytes cmem[0]
ptxas info    : Compile time = 15.187 ms
ptxas info    : Compiling entry function '_Z18kQuantizeBlockwiseI6__halfLi64ELi2ELi0ELi1EEvPfPT_S1_PhS1_ii' for 'sm_80'
ptxas info    : Function properties for _Z18kQuantizeBlockwiseI6__halfLi64ELi2ELi0ELi1EEvPfPT_S1_PhS1_ii
    0 bytes stack frame, 0 bytes spill stores, 0 bytes spill loads
ptxas info    : Used 24 registers, used 1 barriers, 400 bytes cmem[0]
ptxas info    : Compile time = 7.211 ms
ptxas info    : Compiling entry function '_Z18kQuantizeBlockwiseI6__halfLi128ELi2ELi0ELi1EEvPfPT_S1_PhS1_ii' for 'sm_80'
ptxas info    : Function properties for _Z18kQuantizeBlockwiseI6__halfLi128ELi2ELi0ELi1EEvPfPT_S1_PhS1_ii
    0 bytes stack frame, 0 bytes spill stores, 0 bytes spill loads
ptxas info    : Used 25 registers, used 1 barriers, 400 bytes cmem[0]
ptxas info    : Compile time = 7.804 ms
ptxas info    : Compiling entry function '_Z18kQuantizeBlockwiseI6__halfLi256ELi2ELi0ELi1EEvPfPT_S1_PhS1_ii' for 'sm_80'
ptxas info    : Function properties for _Z18kQuantizeBlockwiseI6__halfLi256ELi2ELi0ELi1EEvPfPT_S1_PhS1_ii
    0 bytes stack frame, 0 bytes spill stores, 0 bytes spill loads
ptxas info    : Used 24 registers, used 1 barriers, 400 bytes cmem[0]
ptxas info    : Compile time = 7.977 ms
ptxas info    : Compiling entry function '_Z18kQuantizeBlockwiseI6__halfLi512ELi2ELi0ELi1EEvPfPT_S1_PhS1_ii' for 'sm_80'
ptxas info    : Function properties for _Z18kQuantizeBlockwiseI6__halfLi512ELi2ELi0ELi1EEvPfPT_S1_PhS1_ii
    0 bytes stack frame, 0 bytes spill stores, 0 bytes spill loads
ptxas info    : Used 30 registers, used 1 barriers, 400 bytes cmem[0]
ptxas info    : Compile time = 8.518 ms
ptxas info    : Compiling entry function '_Z18kQuantizeBlockwiseI6__halfLi1024ELi4ELi0ELi1EEvPfPT_S1_PhS1_ii' for 'sm_80'
ptxas info    : Function properties for _Z18kQuantizeBlockwiseI6__halfLi1024ELi4ELi0ELi1EEvPfPT_S1_PhS1_ii
    0 bytes stack frame, 0 bytes spill stores, 0 bytes spill loads
ptxas info    : Used 29 registers, used 1 barriers, 400 bytes cmem[0]
ptxas info    : Compile time = 10.430 ms
ptxas info    : Compiling entry function '_Z18kQuantizeBlockwiseI6__halfLi2048ELi4ELi0ELi1EEvPfPT_S1_PhS1_ii' for 'sm_80'
ptxas info    : Function properties for _Z18kQuantizeBlockwiseI6__halfLi2048ELi4ELi0ELi1EEvPfPT_S1_PhS1_ii
    0 bytes stack frame, 0 bytes spill stores, 0 bytes spill loads
ptxas info    : Used 30 registers, used 1 barriers, 400 bytes cmem[0]
ptxas info    : Compile time = 11.396 ms
ptxas info    : Compiling entry function '_Z18kQuantizeBlockwiseI6__halfLi4096ELi4ELi0ELi1EEvPfPT_S1_PhS1_ii' for 'sm_80'
ptxas info    : Function properties for _Z18kQuantizeBlockwiseI6__halfLi4096ELi4ELi0ELi1EEvPfPT_S1_PhS1_ii
    0 bytes stack frame, 0 bytes spill stores, 0 bytes spill loads
ptxas info    : Used 30 registers, used 1 barriers, 400 bytes cmem[0]
ptxas info    : Compile time = 13.310 ms
ptxas info    : Compiling entry function '_Z18kQuantizeBlockwiseI6__halfLi64ELi2ELi0ELi0EEvPfPT_S1_PhS1_ii' for 'sm_80'
ptxas info    : Function properties for _Z18kQuantizeBlockwiseI6__halfLi64ELi2ELi0ELi0EEvPfPT_S1_PhS1_ii
    0 bytes stack frame, 0 bytes spill stores, 0 bytes spill loads
ptxas info    : Used 31 registers, used 1 barriers, 400 bytes cmem[0]
ptxas info    : Compile time = 10.648 ms
ptxas info    : Compiling entry function '_Z18kQuantizeBlockwiseI6__halfLi128ELi2ELi0ELi0EEvPfPT_S1_PhS1_ii' for 'sm_80'
ptxas info    : Function properties for _Z18kQuantizeBlockwiseI6__halfLi128ELi2ELi0ELi0EEvPfPT_S1_PhS1_ii
    0 bytes stack frame, 0 bytes spill stores, 0 bytes spill loads
ptxas info    : Used 31 registers, used 1 barriers, 400 bytes cmem[0]
ptxas info    : Compile time = 11.277 ms
ptxas info    : Compiling entry function '_Z18kQuantizeBlockwiseI6__halfLi256ELi2ELi0ELi0EEvPfPT_S1_PhS1_ii' for 'sm_80'
ptxas info    : Function properties for _Z18kQuantizeBlockwiseI6__halfLi256ELi2ELi0ELi0EEvPfPT_S1_PhS1_ii
    0 bytes stack frame, 0 bytes spill stores, 0 bytes spill loads
ptxas info    : Used 31 registers, used 1 barriers, 400 bytes cmem[0]
ptxas info    : Compile time = 11.378 ms
ptxas info    : Compiling entry function '_Z18kQuantizeBlockwiseI6__halfLi512ELi2ELi0ELi0EEvPfPT_S1_PhS1_ii' for 'sm_80'
ptxas info    : Function properties for _Z18kQuantizeBlockwiseI6__halfLi512ELi2ELi0ELi0EEvPfPT_S1_PhS1_ii
    0 bytes stack frame, 0 bytes spill stores, 0 bytes spill loads
ptxas info    : Used 31 registers, used 1 barriers, 400 bytes cmem[0]
ptxas info    : Compile time = 11.832 ms
ptxas info    : Compiling entry function '_Z18kQuantizeBlockwiseI6__halfLi1024ELi4ELi0ELi0EEvPfPT_S1_PhS1_ii' for 'sm_80'
ptxas info    : Function properties for _Z18kQuantizeBlockwiseI6__halfLi1024ELi4ELi0ELi0EEvPfPT_S1_PhS1_ii
    0 bytes stack frame, 0 bytes spill stores, 0 bytes spill loads
ptxas info    : Used 32 registers, used 1 barriers, 400 bytes cmem[0]
ptxas info    : Compile time = 17.165 ms
ptxas info    : Compiling entry function '_Z18kQuantizeBlockwiseI6__halfLi2048ELi4ELi0ELi0EEvPfPT_S1_PhS1_ii' for 'sm_80'
ptxas info    : Function properties for _Z18kQuantizeBlockwiseI6__halfLi2048ELi4ELi0ELi0EEvPfPT_S1_PhS1_ii
    0 bytes stack frame, 0 bytes spill stores, 0 bytes spill loads
ptxas info    : Used 32 registers, used 1 barriers, 400 bytes cmem[0]
ptxas info    : Compile time = 18.344 ms
ptxas info    : Compiling entry function '_Z18kQuantizeBlockwiseI6__halfLi4096ELi4ELi1ELi0EEvPfPT_S1_PhS1_ii' for 'sm_80'
ptxas info    : Function properties for _Z18kQuantizeBlockwiseI6__halfLi4096ELi4ELi1ELi0EEvPfPT_S1_PhS1_ii
    0 bytes stack frame, 0 bytes spill stores, 0 bytes spill loads
ptxas info    : Used 40 registers, used 1 barriers, 400 bytes cmem[0]
ptxas info    : Compile time = 22.496 ms
ptxas info    : Compiling entry function '_Z18kQuantizeBlockwiseI6__halfLi4096ELi4ELi0ELi0EEvPfPT_S1_PhS1_ii' for 'sm_80'
ptxas info    : Function properties for _Z18kQuantizeBlockwiseI6__halfLi4096ELi4ELi0ELi0EEvPfPT_S1_PhS1_ii
    0 bytes stack frame, 0 bytes spill stores, 0 bytes spill loads
ptxas info    : Used 32 registers, used 1 barriers, 400 bytes cmem[0]
ptxas info    : Compile time = 20.807 ms
ptxas info    : Compiling entry function '_Z19kPercentileClippingI6__halfLi2048ELi4EEvPT_Pfii' for 'sm_80'
ptxas info    : Function properties for _Z19kPercentileClippingI6__halfLi2048ELi4EEvPT_Pfii
    0 bytes stack frame, 0 bytes spill stores, 0 bytes spill loads
ptxas info    : Used 31 registers, used 1 barriers, 376 bytes cmem[0]
ptxas info    : Compile time = 9.578 ms
ptxas info    : Compiling entry function '_Z19kPercentileClippingIfLi2048ELi4EEvPT_Pfii' for 'sm_80'
ptxas info    : Function properties for _Z19kPercentileClippingIfLi2048ELi4EEvPT_Pfii
    0 bytes stack frame, 0 bytes spill stores, 0 bytes spill loads
ptxas info    : Used 31 registers, used 1 barriers, 376 bytes cmem[0]
ptxas info    : Compile time = 9.342 ms
ptxas info    : Compiling entry function '_Z26kOptimizerStatic8bit2StateIfLi0EEvPT_S1_PhS2_PKffffffifPfS5_S5_S5_S5_S5_ffi' for 'sm_80'
ptxas info    : Function properties for _Z26kOptimizerStatic8bit2StateIfLi0EEvPT_S1_PhS2_PKffffffifPfS5_S5_S5_S5_S5_ffi
    0 bytes stack frame, 0 bytes spill stores, 0 bytes spill loads
ptxas info    : Used 64 registers, used 1 barriers, 484 bytes cmem[0]
ptxas info    : Compile time = 37.748 ms
ptxas info    : Compiling entry function '_Z26kOptimizerStatic8bit2StateI6__halfLi0EEvPT_S2_PhS3_PKffffffifPfS6_S6_S6_S6_S6_ffi' for 'sm_80'
ptxas info    : Function properties for _Z26kOptimizerStatic8bit2StateI6__halfLi0EEvPT_S2_PhS3_PKffffffifPfS6_S6_S6_S6_S6_ffi
    0 bytes stack frame, 0 bytes spill stores, 0 bytes spill loads
ptxas info    : Used 64 registers, used 1 barriers, 484 bytes cmem[0]
ptxas info    : Compile time = 39.340 ms
ptxas info    : Compiling entry function '_Z38kPreconditionOptimizerStatic8bit2StateIfLi0EEvPT_S1_PhS2_PffffiS3_S3_S3_S3_S3_S3_fi' for 'sm_80'
ptxas info    : Function properties for _Z38kPreconditionOptimizerStatic8bit2StateIfLi0EEvPT_S1_PhS2_PffffiS3_S3_S3_S3_S3_S3_fi
    0 bytes stack frame, 0 bytes spill stores, 0 bytes spill loads
ptxas info    : Used 109 registers, used 1 barriers, 464 bytes cmem[0]
ptxas info    : Compile time = 36.293 ms
ptxas info    : Compiling entry function '_Z38kPreconditionOptimizerStatic8bit2StateI6__halfLi0EEvPT_S2_PhS3_PffffiS4_S4_S4_S4_S4_S4_fi' for 'sm_80'
ptxas info    : Function properties for _Z38kPreconditionOptimizerStatic8bit2StateI6__halfLi0EEvPT_S2_PhS3_PffffiS4_S4_S4_S4_S4_S4_fi
    0 bytes stack frame, 0 bytes spill stores, 0 bytes spill loads
ptxas info    : Used 110 registers, used 1 barriers, 464 bytes cmem[0]
ptxas info    : Compile time = 38.398 ms
ptxas info    : Compiling entry function '_Z26kOptimizerStatic8bit1StateIfLi5EEvPT_S1_PhPKffffffifPfS5_S5_ffi' for 'sm_80'
ptxas info    : Function properties for _Z26kOptimizerStatic8bit1StateIfLi5EEvPT_S1_PhPKffffffifPfS5_S5_ffi
    0 bytes stack frame, 0 bytes spill stores, 0 bytes spill loads
ptxas info    : Used 63 registers, used 1 barriers, 452 bytes cmem[0]
ptxas info    : Compile time = 35.849 ms
ptxas info    : Compiling entry function '_Z26kOptimizerStatic8bit1StateI6__halfLi5EEvPT_S2_PhPKffffffifPfS6_S6_ffi' for 'sm_80'
ptxas info    : Function properties for _Z26kOptimizerStatic8bit1StateI6__halfLi5EEvPT_S2_PhPKffffffifPfS6_S6_ffi
    0 bytes stack frame, 0 bytes spill stores, 0 bytes spill loads
ptxas info    : Used 63 registers, used 1 barriers, 452 bytes cmem[0]
ptxas info    : Compile time = 37.474 ms
ptxas info    : Compiling entry function '_Z26kOptimizerStatic8bit1StateIfLi2EEvPT_S1_PhPKffffffifPfS5_S5_ffi' for 'sm_80'
ptxas info    : Function properties for _Z26kOptimizerStatic8bit1StateIfLi2EEvPT_S1_PhPKffffffifPfS5_S5_ffi
    0 bytes stack frame, 0 bytes spill stores, 0 bytes spill loads
ptxas info    : Used 62 registers, used 1 barriers, 452 bytes cmem[0]
ptxas info    : Compile time = 34.690 ms
ptxas info    : Compiling entry function '_Z26kOptimizerStatic8bit1StateI6__halfLi2EEvPT_S2_PhPKffffffifPfS6_S6_ffi' for 'sm_80'
ptxas info    : Function properties for _Z26kOptimizerStatic8bit1StateI6__halfLi2EEvPT_S2_PhPKffffffifPfS6_S6_ffi
    0 bytes stack frame, 0 bytes spill stores, 0 bytes spill loads
ptxas info    : Used 63 registers, used 1 barriers, 452 bytes cmem[0]
ptxas info    : Compile time = 35.792 ms
ptxas info    : Compiling entry function '_Z26kOptimizerStatic8bit1StateIfLi1EEvPT_S1_PhPKffffffifPfS5_S5_ffi' for 'sm_80'
ptxas info    : Function properties for _Z26kOptimizerStatic8bit1StateIfLi1EEvPT_S1_PhPKffffffifPfS5_S5_ffi
    0 bytes stack frame, 0 bytes spill stores, 0 bytes spill loads
ptxas info    : Used 63 registers, used 1 barriers, 452 bytes cmem[0]
ptxas info    : Compile time = 32.447 ms
ptxas info    : Compiling entry function '_Z26kOptimizerStatic8bit1StateI6__halfLi1EEvPT_S2_PhPKffffffifPfS6_S6_ffi' for 'sm_80'
ptxas info    : Function properties for _Z26kOptimizerStatic8bit1StateI6__halfLi1EEvPT_S2_PhPKffffffifPfS6_S6_ffi
    0 bytes stack frame, 0 bytes spill stores, 0 bytes spill loads
ptxas info    : Used 64 registers, used 1 barriers, 452 bytes cmem[0]
ptxas info    : Compile time = 35.173 ms
ptxas info    : Compiling entry function '_Z38kPreconditionOptimizerStatic8bit1StateIfLi5EEvPT_S1_PhPffffiS3_S3_S3_ffi' for 'sm_80'
ptxas info    : Function properties for _Z38kPreconditionOptimizerStatic8bit1StateIfLi5EEvPT_S1_PhPffffiS3_S3_S3_ffi
    0 bytes stack frame, 0 bytes spill stores, 0 bytes spill loads
ptxas info    : Used 80 registers, used 1 barriers, 436 bytes cmem[0]
ptxas info    : Compile time = 21.569 ms
ptxas info    : Compiling entry function '_Z38kPreconditionOptimizerStatic8bit1StateI6__halfLi5EEvPT_S2_PhPffffiS4_S4_S4_ffi' for 'sm_80'
ptxas info    : Function properties for _Z38kPreconditionOptimizerStatic8bit1StateI6__halfLi5EEvPT_S2_PhPffffiS4_S4_S4_ffi
    0 bytes stack frame, 0 bytes spill stores, 0 bytes spill loads
ptxas info    : Used 77 registers, used 1 barriers, 436 bytes cmem[0]
ptxas info    : Compile time = 22.533 ms
ptxas info    : Compiling entry function '_Z38kPreconditionOptimizerStatic8bit1StateIfLi2EEvPT_S1_PhPffffiS3_S3_S3_ffi' for 'sm_80'
ptxas info    : Function properties for _Z38kPreconditionOptimizerStatic8bit1StateIfLi2EEvPT_S1_PhPffffiS3_S3_S3_ffi
    0 bytes stack frame, 0 bytes spill stores, 0 bytes spill loads
ptxas info    : Used 80 registers, used 1 barriers, 436 bytes cmem[0]
ptxas info    : Compile time = 21.753 ms
ptxas info    : Compiling entry function '_Z38kPreconditionOptimizerStatic8bit1StateI6__halfLi2EEvPT_S2_PhPffffiS4_S4_S4_ffi' for 'sm_80'
ptxas info    : Function properties for _Z38kPreconditionOptimizerStatic8bit1StateI6__halfLi2EEvPT_S2_PhPffffiS4_S4_S4_ffi
    0 bytes stack frame, 0 bytes spill stores, 0 bytes spill loads
ptxas info    : Used 77 registers, used 1 barriers, 436 bytes cmem[0]
ptxas info    : Compile time = 22.677 ms
ptxas info    : Compiling entry function '_Z38kPreconditionOptimizerStatic8bit1StateIfLi1EEvPT_S1_PhPffffiS3_S3_S3_ffi' for 'sm_80'
ptxas info    : Function properties for _Z38kPreconditionOptimizerStatic8bit1StateIfLi1EEvPT_S1_PhPffffiS3_S3_S3_ffi
    0 bytes stack frame, 0 bytes spill stores, 0 bytes spill loads
ptxas info    : Used 64 registers, used 1 barriers, 436 bytes cmem[0]
ptxas info    : Compile time = 23.916 ms
ptxas info    : Compiling entry function '_Z38kPreconditionOptimizerStatic8bit1StateI6__halfLi1EEvPT_S2_PhPffffiS4_S4_S4_ffi' for 'sm_80'
ptxas info    : Function properties for _Z38kPreconditionOptimizerStatic8bit1StateI6__halfLi1EEvPT_S2_PhPffffiS4_S4_S4_ffi
    0 bytes stack frame, 0 bytes spill stores, 0 bytes spill loads
ptxas info    : Used 64 registers, used 1 barriers, 436 bytes cmem[0]
ptxas info    : Compile time = 25.905 ms
ptxas info    : Compiling entry function '_Z21kOptimizer32bit2StateI13__nv_bfloat16Li0EEvPT_S2_PfS3_S3_ffffffiffbi' for 'sm_80'
ptxas info    : Function properties for _Z21kOptimizer32bit2StateI13__nv_bfloat16Li0EEvPT_S2_PfS3_S3_ffffffiffbi
    0 bytes stack frame, 0 bytes spill stores, 0 bytes spill loads
ptxas info    : Used 48 registers, used 1 barriers, 436 bytes cmem[0]
ptxas info    : Compile time = 13.620 ms
ptxas info    : Compiling entry function '_Z21kOptimizer32bit2StateI6__halfLi0EEvPT_S2_PfS3_S3_ffffffiffbi' for 'sm_80'
ptxas info    : Function properties for _Z21kOptimizer32bit2StateI6__halfLi0EEvPT_S2_PfS3_S3_ffffffiffbi
    0 bytes stack frame, 0 bytes spill stores, 0 bytes spill loads
ptxas info    : Used 48 registers, used 1 barriers, 436 bytes cmem[0]
ptxas info    : Compile time = 13.694 ms
ptxas info    : Compiling entry function '_Z21kOptimizer32bit2StateIfLi0EEvPT_S1_PfS2_S2_ffffffiffbi' for 'sm_80'
ptxas info    : Function properties for _Z21kOptimizer32bit2StateIfLi0EEvPT_S1_PfS2_S2_ffffffiffbi
    0 bytes stack frame, 0 bytes spill stores, 0 bytes spill loads
ptxas info    : Used 48 registers, used 1 barriers, 436 bytes cmem[0]
ptxas info    : Compile time = 12.002 ms
ptxas info    : Compiling entry function '_Z33kPreconditionOptimizer32bit2StateI13__nv_bfloat16Li0ELi4096ELi8EEvPT_S2_PfS3_S3_ffffiffi' for 'sm_80'
ptxas info    : Function properties for _Z33kPreconditionOptimizer32bit2StateI13__nv_bfloat16Li0ELi4096ELi8EEvPT_S2_PfS3_S3_ffffiffi
    0 bytes stack frame, 0 bytes spill stores, 0 bytes spill loads
ptxas info    : Used 56 registers, used 1 barriers, 424 bytes cmem[0]
ptxas info    : Compile time = 12.133 ms
ptxas info    : Compiling entry function '_Z33kPreconditionOptimizer32bit2StateI6__halfLi0ELi4096ELi8EEvPT_S2_PfS3_S3_ffffiffi' for 'sm_80'
ptxas info    : Function properties for _Z33kPreconditionOptimizer32bit2StateI6__halfLi0ELi4096ELi8EEvPT_S2_PfS3_S3_ffffiffi
    0 bytes stack frame, 0 bytes spill stores, 0 bytes spill loads
ptxas info    : Used 56 registers, used 1 barriers, 424 bytes cmem[0]
ptxas info    : Compile time = 12.108 ms
ptxas info    : Compiling entry function '_Z33kPreconditionOptimizer32bit2StateIfLi0ELi4096ELi8EEvPT_S1_PfS2_S2_ffffiffi' for 'sm_80'
ptxas info    : Function properties for _Z33kPreconditionOptimizer32bit2StateIfLi0ELi4096ELi8EEvPT_S1_PfS2_S2_ffffiffi
    0 bytes stack frame, 0 bytes spill stores, 0 bytes spill loads
ptxas info    : Used 56 registers, used 1 barriers, 424 bytes cmem[0]
ptxas info    : Compile time = 11.041 ms
ptxas info    : Compiling entry function '_Z21kOptimizer32bit1StateIfLi4EEvPT_S1_PfS2_ffffffiffbi' for 'sm_80'
ptxas info    : Function properties for _Z21kOptimizer32bit1StateIfLi4EEvPT_S1_PfS2_ffffffiffbi
    0 bytes stack frame, 0 bytes spill stores, 0 bytes spill loads
ptxas info    : Used 40 registers, used 1 barriers, 428 bytes cmem[0]
ptxas info    : Compile time = 8.197 ms
ptxas info    : Compiling entry function '_Z21kOptimizer32bit1StateI6__halfLi4EEvPT_S2_PfS3_ffffffiffbi' for 'sm_80'
ptxas info    : Function properties for _Z21kOptimizer32bit1StateI6__halfLi4EEvPT_S2_PfS3_ffffffiffbi
    0 bytes stack frame, 0 bytes spill stores, 0 bytes spill loads
ptxas info    : Used 40 registers, used 1 barriers, 428 bytes cmem[0]
ptxas info    : Compile time = 9.564 ms
ptxas info    : Compiling entry function '_Z21kOptimizer32bit1StateI13__nv_bfloat16Li5EEvPT_S2_PfS3_ffffffiffbi' for 'sm_80'
ptxas info    : Function properties for _Z21kOptimizer32bit1StateI13__nv_bfloat16Li5EEvPT_S2_PfS3_ffffffiffbi
    0 bytes stack frame, 0 bytes spill stores, 0 bytes spill loads
ptxas info    : Used 40 registers, used 1 barriers, 428 bytes cmem[0]
ptxas info    : Compile time = 10.935 ms
ptxas info    : Compiling entry function '_Z21kOptimizer32bit1StateIfLi5EEvPT_S1_PfS2_ffffffiffbi' for 'sm_80'
ptxas info    : Function properties for _Z21kOptimizer32bit1StateIfLi5EEvPT_S1_PfS2_ffffffiffbi
    0 bytes stack frame, 0 bytes spill stores, 0 bytes spill loads
ptxas info    : Used 40 registers, used 1 barriers, 428 bytes cmem[0]
ptxas info    : Compile time = 9.633 ms
ptxas info    : Compiling entry function '_Z21kOptimizer32bit1StateI6__halfLi5EEvPT_S2_PfS3_ffffffiffbi' for 'sm_80'
ptxas info    : Function properties for _Z21kOptimizer32bit1StateI6__halfLi5EEvPT_S2_PfS3_ffffffiffbi
    0 bytes stack frame, 0 bytes spill stores, 0 bytes spill loads
ptxas info    : Used 40 registers, used 1 barriers, 428 bytes cmem[0]
ptxas info    : Compile time = 10.941 ms
ptxas info    : Compiling entry function '_Z21kOptimizer32bit1StateIfLi2EEvPT_S1_PfS2_ffffffiffbi' for 'sm_80'
ptxas info    : Function properties for _Z21kOptimizer32bit1StateIfLi2EEvPT_S1_PfS2_ffffffiffbi
    0 bytes stack frame, 0 bytes spill stores, 0 bytes spill loads
ptxas info    : Used 40 registers, used 1 barriers, 428 bytes cmem[0]
ptxas info    : Compile time = 9.036 ms
ptxas info    : Compiling entry function '_Z21kOptimizer32bit1StateI6__halfLi2EEvPT_S2_PfS3_ffffffiffbi' for 'sm_80'
ptxas info    : Function properties for _Z21kOptimizer32bit1StateI6__halfLi2EEvPT_S2_PfS3_ffffffiffbi
    0 bytes stack frame, 0 bytes spill stores, 0 bytes spill loads
ptxas info    : Used 40 registers, used 1 barriers, 428 bytes cmem[0]
ptxas info    : Compile time = 10.387 ms
ptxas info    : Compiling entry function '_Z21kOptimizer32bit1StateIfLi1EEvPT_S1_PfS2_ffffffiffbi' for 'sm_80'
ptxas info    : Function properties for _Z21kOptimizer32bit1StateIfLi1EEvPT_S1_PfS2_ffffffiffbi
    0 bytes stack frame, 0 bytes spill stores, 0 bytes spill loads
ptxas info    : Used 40 registers, used 1 barriers, 428 bytes cmem[0]
ptxas info    : Compile time = 8.538 ms
ptxas info    : Compiling entry function '_Z21kOptimizer32bit1StateI6__halfLi1EEvPT_S2_PfS3_ffffffiffbi' for 'sm_80'
ptxas info    : Function properties for _Z21kOptimizer32bit1StateI6__halfLi1EEvPT_S2_PfS3_ffffffiffbi
    0 bytes stack frame, 0 bytes spill stores, 0 bytes spill loads
ptxas info    : Used 40 registers, used 1 barriers, 428 bytes cmem[0]
ptxas info    : Compile time = 10.071 ms
ptxas info    : Compiling entry function '_Z33kPreconditionOptimizer32bit1StateIfLi4ELi4096ELi8EEvPT_S1_PfS2_ffffiffi' for 'sm_80'
ptxas info    : Function properties for _Z33kPreconditionOptimizer32bit1StateIfLi4ELi4096ELi8EEvPT_S1_PfS2_ffffiffi
    0 bytes stack frame, 0 bytes spill stores, 0 bytes spill loads
ptxas info    : Used 42 registers, used 1 barriers, 416 bytes cmem[0]
ptxas info    : Compile time = 12.425 ms
ptxas info    : Compiling entry function '_Z33kPreconditionOptimizer32bit1StateI6__halfLi4ELi4096ELi8EEvPT_S2_PfS3_ffffiffi' for 'sm_80'
ptxas info    : Function properties for _Z33kPreconditionOptimizer32bit1StateI6__halfLi4ELi4096ELi8EEvPT_S2_PfS3_ffffiffi
    0 bytes stack frame, 0 bytes spill stores, 0 bytes spill loads
ptxas info    : Used 44 registers, used 1 barriers, 416 bytes cmem[0]
ptxas info    : Compile time = 13.514 ms
ptxas info    : Compiling entry function '_Z33kPreconditionOptimizer32bit1StateI13__nv_bfloat16Li5ELi4096ELi8EEvPT_S2_PfS3_ffffiffi' for 'sm_80'
ptxas info    : Function properties for _Z33kPreconditionOptimizer32bit1StateI13__nv_bfloat16Li5ELi4096ELi8EEvPT_S2_PfS3_ffffiffi
    0 bytes stack frame, 0 bytes spill stores, 0 bytes spill loads
ptxas info    : Used 44 registers, used 1 barriers, 416 bytes cmem[0]
ptxas info    : Compile time = 13.031 ms
ptxas info    : Compiling entry function '_Z33kPreconditionOptimizer32bit1StateIfLi5ELi4096ELi8EEvPT_S1_PfS2_ffffiffi' for 'sm_80'
ptxas info    : Function properties for _Z33kPreconditionOptimizer32bit1StateIfLi5ELi4096ELi8EEvPT_S1_PfS2_ffffiffi
    0 bytes stack frame, 0 bytes spill stores, 0 bytes spill loads
ptxas info    : Used 42 registers, used 1 barriers, 416 bytes cmem[0]
ptxas info    : Compile time = 12.054 ms
ptxas info    : Compiling entry function '_Z33kPreconditionOptimizer32bit1StateI6__halfLi5ELi4096ELi8EEvPT_S2_PfS3_ffffiffi' for 'sm_80'
ptxas info    : Function properties for _Z33kPreconditionOptimizer32bit1StateI6__halfLi5ELi4096ELi8EEvPT_S2_PfS3_ffffiffi
    0 bytes stack frame, 0 bytes spill stores, 0 bytes spill loads
ptxas info    : Used 44 registers, used 1 barriers, 416 bytes cmem[0]
ptxas info    : Compile time = 13.018 ms
ptxas info    : Compiling entry function '_Z33kPreconditionOptimizer32bit1StateIfLi2ELi4096ELi8EEvPT_S1_PfS2_ffffiffi' for 'sm_80'
ptxas info    : Function properties for _Z33kPreconditionOptimizer32bit1StateIfLi2ELi4096ELi8EEvPT_S1_PfS2_ffffiffi
    0 bytes stack frame, 0 bytes spill stores, 0 bytes spill loads
ptxas info    : Used 44 registers, used 1 barriers, 416 bytes cmem[0]
ptxas info    : Compile time = 12.808 ms
ptxas info    : Compiling entry function '_Z33kPreconditionOptimizer32bit1StateI6__halfLi2ELi4096ELi8EEvPT_S2_PfS3_ffffiffi' for 'sm_80'
ptxas info    : Function properties for _Z33kPreconditionOptimizer32bit1StateI6__halfLi2ELi4096ELi8EEvPT_S2_PfS3_ffffiffi
    0 bytes stack frame, 0 bytes spill stores, 0 bytes spill loads
ptxas info    : Used 44 registers, used 1 barriers, 416 bytes cmem[0]
ptxas info    : Compile time = 13.909 ms
ptxas info    : Compiling entry function '_Z33kPreconditionOptimizer32bit1StateIfLi1ELi4096ELi8EEvPT_S1_PfS2_ffffiffi' for 'sm_80'
ptxas info    : Function properties for _Z33kPreconditionOptimizer32bit1StateIfLi1ELi4096ELi8EEvPT_S1_PfS2_ffffiffi
    0 bytes stack frame, 0 bytes spill stores, 0 bytes spill loads
ptxas info    : Used 46 registers, used 1 barriers, 416 bytes cmem[0]
ptxas info    : Compile time = 12.661 ms
ptxas info    : Compiling entry function '_Z33kPreconditionOptimizer32bit1StateI6__halfLi1ELi4096ELi8EEvPT_S2_PfS3_ffffiffi' for 'sm_80'
ptxas info    : Function properties for _Z33kPreconditionOptimizer32bit1StateI6__halfLi1ELi4096ELi8EEvPT_S2_PfS3_ffffiffi
    0 bytes stack frame, 0 bytes spill stores, 0 bytes spill loads
ptxas info    : Used 45 registers, used 1 barriers, 416 bytes cmem[0]
ptxas info    : Compile time = 13.455 ms
ptxas info    : Compiling entry function '_Z18kEstimateQuantilesI6__halfEvPT_PffS1_i' for 'sm_80'
ptxas info    : Function properties for _Z18kEstimateQuantilesI6__halfEvPT_PffS1_i
    16 bytes stack frame, 0 bytes spill stores, 0 bytes spill loads
ptxas info    : Used 81 registers, used 1 barriers, 380 bytes cmem[0]
ptxas info    : Compile time = 25.219 ms
ptxas info    : Compiling entry function '_Z18kEstimateQuantilesIfEvPT_PffS0_i' for 'sm_80'
ptxas info    : Function properties for _Z18kEstimateQuantilesIfEvPT_PffS0_i
    32 bytes stack frame, 0 bytes spill stores, 0 bytes spill loads
ptxas info    : Used 83 registers, used 1 barriers, 380 bytes cmem[0]
ptxas info    : Compile time = 22.960 ms
ptxas info    : Compiling entry function '_Z18kDoubleRowColQuantILi64ELi4ELi16ELi256ELi1EEvP6__halfPfS2_PcS3_PiS4_S1_S4_fiii' for 'sm_80'
ptxas info    : Function properties for _Z18kDoubleRowColQuantILi64ELi4ELi16ELi256ELi1EEvP6__halfPfS2_PcS3_PiS4_S1_S4_fiii
    0 bytes stack frame, 0 bytes spill stores, 0 bytes spill loads
ptxas info    : Used 32 registers, used 1 barriers, 440 bytes cmem[0]
ptxas info    : Compile time = 7.508 ms
ptxas info    : Compiling entry function '_Z18kDoubleRowColQuantILi64ELi4ELi16ELi256ELi0EEvP6__halfPfS2_PcS3_PiS4_S1_S4_fiii' for 'sm_80'
ptxas info    : Function properties for _Z18kDoubleRowColQuantILi64ELi4ELi16ELi256ELi0EEvP6__halfPfS2_PcS3_PiS4_S1_S4_fiii
    0 bytes stack frame, 0 bytes spill stores, 0 bytes spill loads
ptxas info    : Used 32 registers, used 1 barriers, 440 bytes cmem[0]
ptxas info    : Compile time = 5.130 ms
ptxas info    : Compiling entry function '_Z22kdequant_mm_int32_fp16ILi4ELi128ELi512EEvPiPfS1_P6__halfS1_S1_S3_iiii' for 'sm_80'
ptxas info    : Function properties for _Z22kdequant_mm_int32_fp16ILi4ELi128ELi512EEvPiPfS1_P6__halfS1_S1_S3_iiii
    0 bytes stack frame, 0 bytes spill stores, 0 bytes spill loads
ptxas info    : Used 36 registers, used 1 barriers, 424 bytes cmem[0]
ptxas info    : Compile time = 6.775 ms
ptxas info    : Compiling entry function '_Z21kTransformRowToFormatILi256ELi8ELi32ELi256ELi1ELi4EEvPcS0_iiiii' for 'sm_80'
ptxas info    : Function properties for _Z21kTransformRowToFormatILi256ELi8ELi32ELi256ELi1ELi4EEvPcS0_iiiii
    0 bytes stack frame, 0 bytes spill stores, 0 bytes spill loads
ptxas info    : Used 30 registers, used 1 barriers, 388 bytes cmem[0]
ptxas info    : Compile time = 7.154 ms
ptxas info    : Compiling entry function '_Z21kTransformRowToFormatILi256ELi8ELi32ELi256ELi0ELi4EEvPcS0_iiiii' for 'sm_80'
ptxas info    : Function properties for _Z21kTransformRowToFormatILi256ELi8ELi32ELi256ELi0ELi4EEvPcS0_iiiii
    0 bytes stack frame, 0 bytes spill stores, 0 bytes spill loads
ptxas info    : Used 32 registers, used 1 barriers, 388 bytes cmem[0]
ptxas info    : Compile time = 6.806 ms
ptxas info    : Compiling entry function '_Z21kTransformRowToFormatILi256ELi8ELi32ELi256ELi1ELi3EEvPcS0_iiiii' for 'sm_80'
ptxas info    : Function properties for _Z21kTransformRowToFormatILi256ELi8ELi32ELi256ELi1ELi3EEvPcS0_iiiii
    0 bytes stack frame, 0 bytes spill stores, 0 bytes spill loads
ptxas info    : Used 30 registers, used 1 barriers, 388 bytes cmem[0]
ptxas info    : Compile time = 7.031 ms
ptxas info    : Compiling entry function '_Z21kTransformRowToFormatILi256ELi8ELi32ELi256ELi0ELi3EEvPcS0_iiiii' for 'sm_80'
ptxas info    : Function properties for _Z21kTransformRowToFormatILi256ELi8ELi32ELi256ELi0ELi3EEvPcS0_iiiii
    0 bytes stack frame, 0 bytes spill stores, 0 bytes spill loads
ptxas info    : Used 32 registers, used 1 barriers, 388 bytes cmem[0]
ptxas info    : Compile time = 7.484 ms
ptxas info    : Compiling entry function '_Z21kTransformRowToFormatILi256ELi8ELi32ELi256ELi1ELi2EEvPcS0_iiiii' for 'sm_80'
ptxas info    : Function properties for _Z21kTransformRowToFormatILi256ELi8ELi32ELi256ELi1ELi2EEvPcS0_iiiii
    0 bytes stack frame, 0 bytes spill stores, 0 bytes spill loads
ptxas info    : Used 32 registers, used 1 barriers, 388 bytes cmem[0]
ptxas info    : Compile time = 6.449 ms
ptxas info    : Compiling entry function '_Z21kTransformRowToFormatILi256ELi8ELi32ELi256ELi0ELi2EEvPcS0_iiiii' for 'sm_80'
ptxas info    : Function properties for _Z21kTransformRowToFormatILi256ELi8ELi32ELi256ELi0ELi2EEvPcS0_iiiii
    0 bytes stack frame, 0 bytes spill stores, 0 bytes spill loads
ptxas info    : Used 32 registers, used 1 barriers, 388 bytes cmem[0]
ptxas info    : Compile time = 6.192 ms
ptxas info    : Compiling entry function '_Z27kspmm_coo_very_sparse_naiveIaLi32ELi8EEvPiS0_S0_S0_S0_P6__halfPT_S2_Pfiiii' for 'sm_80'
ptxas info    : Function properties for _Z27kspmm_coo_very_sparse_naiveIaLi32ELi8EEvPiS0_S0_S0_S0_P6__halfPT_S2_Pfiiii
    192 bytes stack frame, 0 bytes spill stores, 0 bytes spill loads
ptxas info    : Used 48 registers, used 1 barriers, 440 bytes cmem[0]
ptxas info    : Compile time = 65.444 ms
ptxas info    : Compiling entry function '_Z27kspmm_coo_very_sparse_naiveIaLi16ELi8EEvPiS0_S0_S0_S0_P6__halfPT_S2_Pfiiii' for 'sm_80'
ptxas info    : Function properties for _Z27kspmm_coo_very_sparse_naiveIaLi16ELi8EEvPiS0_S0_S0_S0_P6__halfPT_S2_Pfiiii
    192 bytes stack frame, 0 bytes spill stores, 0 bytes spill loads
ptxas info    : Used 39 registers, used 1 barriers, 440 bytes cmem[0]
ptxas info    : Compile time = 37.803 ms
ptxas info    : Compiling entry function '_Z27kspmm_coo_very_sparse_naiveIaLi8ELi8EEvPiS0_S0_S0_S0_P6__halfPT_S2_Pfiiii' for 'sm_80'
ptxas info    : Function properties for _Z27kspmm_coo_very_sparse_naiveIaLi8ELi8EEvPiS0_S0_S0_S0_P6__halfPT_S2_Pfiiii
    192 bytes stack frame, 0 bytes spill stores, 0 bytes spill loads
ptxas info    : Used 32 registers, used 1 barriers, 440 bytes cmem[0]
ptxas info    : Compile time = 24.809 ms
ptxas info    : Compiling entry function '_Z27kspmm_coo_very_sparse_naiveI6__halfLi32ELi16EEvPiS1_S1_S1_S1_PS0_PT_S2_Pfiiii' for 'sm_80'
ptxas info    : Function properties for _Z27kspmm_coo_very_sparse_naiveI6__halfLi32ELi16EEvPiS1_S1_S1_S1_PS0_PT_S2_Pfiiii
    192 bytes stack frame, 0 bytes spill stores, 0 bytes spill loads
ptxas info    : Used 40 registers, used 1 barriers, 440 bytes cmem[0]
ptxas info    : Compile time = 35.232 ms
ptxas info    : Compiling entry function '_Z27kspmm_coo_very_sparse_naiveI6__halfLi16ELi16EEvPiS1_S1_S1_S1_PS0_PT_S2_Pfiiii' for 'sm_80'
ptxas info    : Function properties for _Z27kspmm_coo_very_sparse_naiveI6__halfLi16ELi16EEvPiS1_S1_S1_S1_PS0_PT_S2_Pfiiii
    192 bytes stack frame, 0 bytes spill stores, 0 bytes spill loads
ptxas info    : Used 39 registers, used 1 barriers, 440 bytes cmem[0]
ptxas info    : Compile time = 23.886 ms
ptxas info    : Compiling entry function '_Z27kspmm_coo_very_sparse_naiveI6__halfLi8ELi16EEvPiS1_S1_S1_S1_PS0_PT_S2_Pfiiii' for 'sm_80'
ptxas info    : Function properties for _Z27kspmm_coo_very_sparse_naiveI6__halfLi8ELi16EEvPiS1_S1_S1_S1_PS0_PT_S2_Pfiiii
    192 bytes stack frame, 0 bytes spill stores, 0 bytes spill loads
ptxas info    : Used 32 registers, used 1 barriers, 440 bytes cmem[0]
ptxas info    : Compile time = 17.386 ms
ptxas info    : Compiling entry function '_Z16kExtractOutliersILi4EEvPcPiS0_iiiii' for 'sm_80'
ptxas info    : Function properties for _Z16kExtractOutliersILi4EEvPcPiS0_iiiii
    0 bytes stack frame, 0 bytes spill stores, 0 bytes spill loads
ptxas info    : Used 14 registers, used 0 barriers, 396 bytes cmem[0]
ptxas info    : Compile time = 2.342 ms
ptxas info    : Compiling entry function '_Z16kExtractOutliersILi3EEvPcPiS0_iiiii' for 'sm_80'
ptxas info    : Function properties for _Z16kExtractOutliersILi3EEvPcPiS0_iiiii
    0 bytes stack frame, 0 bytes spill stores, 0 bytes spill loads
ptxas info    : Used 13 registers, used 0 barriers, 396 bytes cmem[0]
ptxas info    : Compile time = 2.358 ms
ptxas info    : Compiling entry function '_Z26kgemm_4bit_inference_naiveIfLi128ELi32EEviiiPT_PhPfPKfS1_iiii' for 'sm_80'
ptxas info    : Function properties for _Z26kgemm_4bit_inference_naiveIfLi128ELi32EEviiiPT_PhPfPKfS1_iiii
    0 bytes stack frame, 0 bytes spill stores, 0 bytes spill loads
ptxas info    : Used 47 registers, used 1 barriers, 424 bytes cmem[0]
ptxas info    : Compile time = 18.106 ms
ptxas info    : Compiling entry function '_Z26kgemm_4bit_inference_naiveI13__nv_bfloat16Li128ELi16EEviiiPT_PhPfPKfS2_iiii' for 'sm_80'
ptxas info    : Function properties for _Z26kgemm_4bit_inference_naiveI13__nv_bfloat16Li128ELi16EEviiiPT_PhPfPKfS2_iiii
    0 bytes stack frame, 0 bytes spill stores, 0 bytes spill loads
ptxas info    : Used 47 registers, used 1 barriers, 424 bytes cmem[0]
ptxas info    : Compile time = 22.221 ms
ptxas info    : Compiling entry function '_Z26kgemm_4bit_inference_naiveI6__halfLi128ELi16EEviiiPT_PhPfPKfS2_iiii' for 'sm_80'
ptxas info    : Function properties for _Z26kgemm_4bit_inference_naiveI6__halfLi128ELi16EEviiiPT_PhPfPKfS2_iiii
    0 bytes stack frame, 0 bytes spill stores, 0 bytes spill loads
ptxas info    : Used 47 registers, used 1 barriers, 424 bytes cmem[0]
ptxas info    : Compile time = 22.116 ms
ptxas info    : Compiling entry function '_Z20kgemm_4bit_inferenceI6__halfLi256EEviiiPT_PhPfS2_iiii' for 'sm_80'
ptxas info    : Function properties for _Z20kgemm_4bit_inferenceI6__halfLi256EEviiiPT_PhPfS2_iiii
    32 bytes stack frame, 0 bytes spill stores, 0 bytes spill loads
ptxas info    : Used 56 registers, used 1 barriers, 416 bytes cmem[0]
ptxas info    : Compile time = 23.138 ms
ptxas info    : Compiling entry function '_Z20kgemm_4bit_inferenceI6__halfLi160EEviiiPT_PhPfS2_iiii' for 'sm_80'
ptxas info    : Function properties for _Z20kgemm_4bit_inferenceI6__halfLi160EEviiiPT_PhPfS2_iiii
    32 bytes stack frame, 0 bytes spill stores, 0 bytes spill loads
ptxas info    : Used 56 registers, used 1 barriers, 416 bytes cmem[0]
ptxas info    : Compile time = 23.200 ms
ptxas info    : Compiling entry function '_Z20kgemm_4bit_inferenceI6__halfLi128EEviiiPT_PhPfS2_iiii' for 'sm_80'
ptxas info    : Function properties for _Z20kgemm_4bit_inferenceI6__halfLi128EEviiiPT_PhPfS2_iiii
    32 bytes stack frame, 0 bytes spill stores, 0 bytes spill loads
ptxas info    : Used 56 registers, used 1 barriers, 416 bytes cmem[0]
ptxas info    : Compile time = 23.168 ms
ptxas info    : Compiling entry function '_Z20kgemm_4bit_inferenceI6__halfLi96EEviiiPT_PhPfS2_iiii' for 'sm_80'
ptxas info    : Function properties for _Z20kgemm_4bit_inferenceI6__halfLi96EEviiiPT_PhPfS2_iiii
    32 bytes stack frame, 0 bytes spill stores, 0 bytes spill loads
ptxas info    : Used 56 registers, used 1 barriers, 416 bytes cmem[0]
ptxas info    : Compile time = 22.860 ms
ptxas info    : Compiling entry function '_Z11gemm_deviceI6__halfLi16ELi96EEviiiPT_S2_S2_iii' for 'sm_80'
ptxas info    : Function properties for _Z11gemm_deviceI6__halfLi16ELi96EEviiiPT_S2_S2_iii
    0 bytes stack frame, 0 bytes spill stores, 0 bytes spill loads
ptxas info    : Used 167 registers, used 1 barriers, 404 bytes cmem[0]
ptxas info    : Compile time = 33.918 ms
ptxas info    : Compiling entry function '_Z11gemm_deviceI6__halfLi16ELi64EEviiiPT_S2_S2_iii' for 'sm_80'
ptxas info    : Function properties for _Z11gemm_deviceI6__halfLi16ELi64EEviiiPT_S2_S2_iii
    0 bytes stack frame, 0 bytes spill stores, 0 bytes spill loads
ptxas info    : Used 167 registers, used 1 barriers, 404 bytes cmem[0]
ptxas info    : Compile time = 33.822 ms
ptxas info    : Compiling entry function '_Z11gemm_deviceI6__halfLi16ELi32EEviiiPT_S2_S2_iii' for 'sm_80'
ptxas info    : Function properties for _Z11gemm_deviceI6__halfLi16ELi32EEviiiPT_S2_S2_iii
    0 bytes stack frame, 0 bytes spill stores, 0 bytes spill loads
ptxas info    : Used 167 registers, used 1 barriers, 404 bytes cmem[0]
ptxas info    : Compile time = 33.660 ms
ptxas info    : Compiling entry function '_Z11gemm_deviceI6__halfLi16ELi128EEviiiPT_S2_S2_iii' for 'sm_80'
ptxas info    : Function properties for _Z11gemm_deviceI6__halfLi16ELi128EEviiiPT_S2_S2_iii
    0 bytes stack frame, 0 bytes spill stores, 0 bytes spill loads
ptxas info    : Used 167 registers, used 1 barriers, 404 bytes cmem[0]
ptxas info    : Compile time = 33.693 ms
ptxas info    : Compiling entry function '_Z11gemm_deviceI6__halfLi16ELi160EEviiiPT_S2_S2_iii' for 'sm_80'
ptxas info    : Function properties for _Z11gemm_deviceI6__halfLi16ELi160EEviiiPT_S2_S2_iii
    0 bytes stack frame, 0 bytes spill stores, 0 bytes spill loads
ptxas info    : Used 167 registers, used 1 barriers, 404 bytes cmem[0]
ptxas info    : Compile time = 33.728 ms
ptxas info    : Compiling entry function '_Z11gemm_deviceI6__halfLi16ELi192EEviiiPT_S2_S2_iii' for 'sm_80'
ptxas info    : Function properties for _Z11gemm_deviceI6__halfLi16ELi192EEviiiPT_S2_S2_iii
    0 bytes stack frame, 0 bytes spill stores, 0 bytes spill loads
ptxas info    : Used 167 registers, used 1 barriers, 404 bytes cmem[0]
ptxas info    : Compile time = 33.821 ms
ptxas info    : Compiling entry function '_Z11gemm_deviceI6__halfLi16ELi256EEviiiPT_S2_S2_iii' for 'sm_80'
ptxas info    : Function properties for _Z11gemm_deviceI6__halfLi16ELi256EEviiiPT_S2_S2_iii
    0 bytes stack frame, 0 bytes spill stores, 0 bytes spill loads
ptxas info    : Used 167 registers, used 1 barriers, 404 bytes cmem[0]
ptxas info    : Compile time = 34.013 ms
ptxas info    : Compiling entry function '_Z11gemm_deviceI6__halfLi32ELi96EEviiiPT_S2_S2_iii' for 'sm_80'
ptxas info    : Function properties for _Z11gemm_deviceI6__halfLi32ELi96EEviiiPT_S2_S2_iii
    0 bytes stack frame, 0 bytes spill stores, 0 bytes spill loads
ptxas info    : Used 167 registers, used 1 barriers, 404 bytes cmem[0]
ptxas info    : Compile time = 33.769 ms
ptxas info    : Compiling entry function '_Z11gemm_deviceI6__halfLi32ELi64EEviiiPT_S2_S2_iii' for 'sm_80'
ptxas info    : Function properties for _Z11gemm_deviceI6__halfLi32ELi64EEviiiPT_S2_S2_iii
    0 bytes stack frame, 0 bytes spill stores, 0 bytes spill loads
ptxas info    : Used 167 registers, used 1 barriers, 404 bytes cmem[0]
ptxas info    : Compile time = 33.968 ms
ptxas info    : Compiling entry function '_Z11gemm_deviceI6__halfLi32ELi32EEviiiPT_S2_S2_iii' for 'sm_80'
ptxas info    : Function properties for _Z11gemm_deviceI6__halfLi32ELi32EEviiiPT_S2_S2_iii
    0 bytes stack frame, 0 bytes spill stores, 0 bytes spill loads
ptxas info    : Used 167 registers, used 1 barriers, 404 bytes cmem[0]
ptxas info    : Compile time = 33.954 ms
ptxas info    : Compiling entry function '_Z11gemm_deviceI6__halfLi32ELi128EEviiiPT_S2_S2_iii' for 'sm_80'
ptxas info    : Function properties for _Z11gemm_deviceI6__halfLi32ELi128EEviiiPT_S2_S2_iii
    0 bytes stack frame, 0 bytes spill stores, 0 bytes spill loads
ptxas info    : Used 167 registers, used 1 barriers, 404 bytes cmem[0]
ptxas info    : Compile time = 34.030 ms
ptxas info    : Compiling entry function '_Z11gemm_deviceI6__halfLi32ELi160EEviiiPT_S2_S2_iii' for 'sm_80'
ptxas info    : Function properties for _Z11gemm_deviceI6__halfLi32ELi160EEviiiPT_S2_S2_iii
    0 bytes stack frame, 0 bytes spill stores, 0 bytes spill loads
ptxas info    : Used 167 registers, used 1 barriers, 404 bytes cmem[0]
ptxas info    : Compile time = 34.018 ms
ptxas info    : Compiling entry function '_Z11gemm_deviceI6__halfLi32ELi192EEviiiPT_S2_S2_iii' for 'sm_80'
ptxas info    : Function properties for _Z11gemm_deviceI6__halfLi32ELi192EEviiiPT_S2_S2_iii
    0 bytes stack frame, 0 bytes spill stores, 0 bytes spill loads
ptxas info    : Used 167 registers, used 1 barriers, 404 bytes cmem[0]
ptxas info    : Compile time = 33.928 ms
ptxas info    : Compiling entry function '_Z11gemm_deviceI6__halfLi32ELi256EEviiiPT_S2_S2_iii' for 'sm_80'
ptxas info    : Function properties for _Z11gemm_deviceI6__halfLi32ELi256EEviiiPT_S2_S2_iii
    0 bytes stack frame, 0 bytes spill stores, 0 bytes spill loads
ptxas info    : Used 167 registers, used 1 barriers, 404 bytes cmem[0]
ptxas info    : Compile time = 34.170 ms
ptxas info    : Compiling entry function '_Z5kfuncIfLi2EEvPT_S1_S0_l' for 'sm_80'
ptxas info    : Function properties for _Z5kfuncIfLi2EEvPT_S1_S0_l
    0 bytes stack frame, 0 bytes spill stores, 0 bytes spill loads
ptxas info    : Used 26 registers, used 0 barriers, 384 bytes cmem[0]
ptxas info    : Compile time = 4.326 ms
ptxas info    : Compiling entry function '_Z5kfuncIfLi1EEvPT_S1_S0_l' for 'sm_80'
ptxas info    : Function properties for _Z5kfuncIfLi1EEvPT_S1_S0_l
    0 bytes stack frame, 0 bytes spill stores, 0 bytes spill loads
ptxas info    : Used 30 registers, used 0 barriers, 384 bytes cmem[0]
ptxas info    : Compile time = 3.545 ms
ptxas info    : Compiling entry function '_Z5kfuncIhLi0EEvPT_S1_S0_l' for 'sm_80'
ptxas info    : Function properties for _Z5kfuncIhLi0EEvPT_S1_S0_l
    0 bytes stack frame, 0 bytes spill stores, 0 bytes spill loads
ptxas info    : Used 24 registers, used 0 barriers, 384 bytes cmem[0]
ptxas info    : Compile time = 3.280 ms
ptxas info    : Compiling entry function '_Z5kfuncIfLi0EEvPT_S1_S0_l' for 'sm_80'
ptxas info    : Function properties for _Z5kfuncIfLi0EEvPT_S1_S0_l
    0 bytes stack frame, 0 bytes spill stores, 0 bytes spill loads
ptxas info    : Used 24 registers, used 0 barriers, 384 bytes cmem[0]
ptxas info    : Compile time = 3.453 ms
ptxas info    : Compiling entry function '_Z15kgetColRowStatsI6__halfLi64ELi4ELi16ELi256ELi1EEvPT_PfS3_Pifiiii' for 'sm_80'
ptxas info    : Function properties for _Z15kgetColRowStatsI6__halfLi64ELi4ELi16ELi256ELi1EEvPT_PfS3_Pifiiii
    0 bytes stack frame, 0 bytes spill stores, 0 bytes spill loads
ptxas info    : Used 28 registers, used 1 barriers, 404 bytes cmem[0]
ptxas info    : Compile time = 9.506 ms
ptxas info    : Compiling entry function '_Z15kgetColRowStatsI6__halfLi64ELi4ELi16ELi256ELi0EEvPT_PfS3_Pifiiii' for 'sm_80'
ptxas info    : Function properties for _Z15kgetColRowStatsI6__halfLi64ELi4ELi16ELi256ELi0EEvPT_PfS3_Pifiiii
    0 bytes stack frame, 0 bytes spill stores, 0 bytes spill loads
ptxas info    : Used 27 registers, used 1 barriers, 404 bytes cmem[0]
ptxas info    : Compile time = 8.347 ms
ptxas info    : Compiling entry function '_Z11kDequantizePfPhS_i' for 'sm_80'
ptxas info    : Function properties for _Z11kDequantizePfPhS_i
    0 bytes stack frame, 0 bytes spill stores, 0 bytes spill loads
ptxas info    : Used 12 registers, used 1 barriers, 1024 bytes smem, 380 bytes cmem[0]
ptxas info    : Compile time = 2.067 ms
ptxas info    : Compiling entry function '_Z9kQuantizePfS_Phi' for 'sm_80'
ptxas info    : Function properties for _Z9kQuantizePfS_Phi
    0 bytes stack frame, 0 bytes spill stores, 0 bytes spill loads
ptxas info    : Used 51 registers, used 1 barriers, 21520 bytes smem, 380 bytes cmem[0]
ptxas info    : Compile time = 12.112 ms
ptxas info    : Compiling entry function '_Z22kHistogramScatterAdd2DPfPiS0_S_ii' for 'sm_80'
ptxas info    : Function properties for _Z22kHistogramScatterAdd2DPfPiS0_S_ii
    0 bytes stack frame, 0 bytes spill stores, 0 bytes spill loads
ptxas info    : Used 14 registers, used 0 barriers, 392 bytes cmem[0]
ptxas info    : Compile time = 1.845 ms
ptxas info    : Function properties for _Z9dQuantizeILi1EEhPfff
    0 bytes stack frame, 0 bytes spill stores, 0 bytes spill loads
ptxas info    : Compile time = 3.132 ms
ptxas info    : Function properties for _Z12printnonzeroI6__halfEvPT_iPKc
    32 bytes stack frame, 8 bytes spill stores, 8 bytes spill loads
ptxas info    : Compile time = 4.569 ms
ptxas info    : Function properties for _Z12printnonzeroIfEvPT_iPKc
    32 bytes stack frame, 8 bytes spill stores, 8 bytes spill loads
ptxas info    : Compile time = 4.393 ms
ptxas info    : Function properties for _Z9dQuantizeILi0EEhPfff
    0 bytes stack frame, 0 bytes spill stores, 0 bytes spill loads
ptxas info    : Compile time = 3.114 ms
ptxas info    : Function properties for _Z12dQuantizeNF4f
    0 bytes stack frame, 0 bytes spill stores, 0 bytes spill loads
ptxas info    : Compile time = 2.036 ms
ptxas info    : Function properties for _Z14dDequantizeNF4h
    0 bytes stack frame, 0 bytes spill stores, 0 bytes spill loads
ptxas info    : Compile time = 2.024 ms
ptxas info    : Function properties for _Z15dhDequantizeNF4h
    0 bytes stack frame, 0 bytes spill stores, 0 bytes spill loads
ptxas info    : Compile time = 2.314 ms
ptxas info    : Function properties for _Z12dQuantizeFP4f
    0 bytes stack frame, 0 bytes spill stores, 0 bytes spill loads
ptxas info    : Compile time = 1.807 ms
ptxas info    : Function properties for _Z18dDequantizeFP4Treehf
    0 bytes stack frame, 0 bytes spill stores, 0 bytes spill loads
ptxas info    : Compile time = 1.918 ms
ptxas info    : Function properties for _Z15d2DequantizeFP4h
    0 bytes stack frame, 0 bytes spill stores, 0 bytes spill loads
ptxas info    : Compile time = 1.737 ms
ptxas info    : Function properties for _Z14dDequantizeFP4hf
    0 bytes stack frame, 0 bytes spill stores, 0 bytes spill loads
ptxas info    : Compile time = 1.799 ms
ptxas info    : Function properties for _Z9atomicMinPff
    0 bytes stack frame, 0 bytes spill stores, 0 bytes spill loads
ptxas info    : Compile time = 1.629 ms
ptxas info    : Function properties for _Z9atomicMaxPff
    0 bytes stack frame, 0 bytes spill stores, 0 bytes spill loads
ptxas info    : Compile time = 1.615 ms
ptxas warning : Value of threads per SM for entry _Z9kQuantizePfS_Phi is out of range. .minnctapersm will be ignored
ptxas info    : 124 bytes gmem
ptxas info    : Compiling entry function '_ZN3cub33CUB_200700_750_800_860_890_900_NS11EmptyKernelIvEEvv' for 'sm_86'
ptxas info    : Function properties for _ZN3cub33CUB_200700_750_800_860_890_900_NS11EmptyKernelIvEEvv
    0 bytes stack frame, 0 bytes spill stores, 0 bytes spill loads
ptxas info    : Used 4 registers, used 0 barriers, 352 bytes cmem[0]
ptxas info    : Compile time = 2.035 ms
ptxas info    : Compiling entry function '_Z35kOptimizerStatic8bit1StateBlockwiseI6__halfLi4ELi2048ELi8EEvPT_S2_PhfffifPfS4_ffbi' for 'sm_86'
ptxas info    : Function properties for _Z35kOptimizerStatic8bit1StateBlockwiseI6__halfLi4ELi2048ELi8EEvPT_S2_PhfffifPfS4_ffbi
    0 bytes stack frame, 0 bytes spill stores, 0 bytes spill loads
ptxas info    : Used 76 registers, used 1 barriers, 432 bytes cmem[0]
ptxas info    : Compile time = 56.366 ms
ptxas info    : Compiling entry function '_Z35kOptimizerStatic8bit1StateBlockwiseIfLi4ELi2048ELi8EEvPT_S1_PhfffifPfS3_ffbi' for 'sm_86'
ptxas info    : Function properties for _Z35kOptimizerStatic8bit1StateBlockwiseIfLi4ELi2048ELi8EEvPT_S1_PhfffifPfS3_ffbi
    0 bytes stack frame, 0 bytes spill stores, 0 bytes spill loads
ptxas info    : Used 72 registers, used 1 barriers, 432 bytes cmem[0]
ptxas info    : Compile time = 50.399 ms
ptxas info    : Compiling entry function '_Z35kOptimizerStatic8bit1StateBlockwiseI13__nv_bfloat16Li5ELi2048ELi8EEvPT_S2_PhfffifPfS4_ffbi' for 'sm_86'
ptxas info    : Function properties for _Z35kOptimizerStatic8bit1StateBlockwiseI13__nv_bfloat16Li5ELi2048ELi8EEvPT_S2_PhfffifPfS4_ffbi
    0 bytes stack frame, 0 bytes spill stores, 0 bytes spill loads
ptxas info    : Used 77 registers, used 1 barriers, 432 bytes cmem[0]
ptxas info    : Compile time = 63.180 ms
ptxas info    : Compiling entry function '_Z35kOptimizerStatic8bit1StateBlockwiseI6__halfLi5ELi2048ELi8EEvPT_S2_PhfffifPfS4_ffbi' for 'sm_86'
ptxas info    : Function properties for _Z35kOptimizerStatic8bit1StateBlockwiseI6__halfLi5ELi2048ELi8EEvPT_S2_PhfffifPfS4_ffbi
    0 bytes stack frame, 0 bytes spill stores, 0 bytes spill loads
ptxas info    : Used 77 registers, used 1 barriers, 432 bytes cmem[0]
ptxas info    : Compile time = 63.125 ms
ptxas info    : Compiling entry function '_Z35kOptimizerStatic8bit1StateBlockwiseIfLi5ELi2048ELi8EEvPT_S1_PhfffifPfS3_ffbi' for 'sm_86'
ptxas info    : Function properties for _Z35kOptimizerStatic8bit1StateBlockwiseIfLi5ELi2048ELi8EEvPT_S1_PhfffifPfS3_ffbi
    0 bytes stack frame, 0 bytes spill stores, 0 bytes spill loads
ptxas info    : Used 74 registers, used 1 barriers, 432 bytes cmem[0]
ptxas info    : Compile time = 56.695 ms
ptxas info    : Compiling entry function '_Z35kOptimizerStatic8bit1StateBlockwiseI6__halfLi2ELi2048ELi8EEvPT_S2_PhfffifPfS4_ffbi' for 'sm_86'
ptxas info    : Function properties for _Z35kOptimizerStatic8bit1StateBlockwiseI6__halfLi2ELi2048ELi8EEvPT_S2_PhfffifPfS4_ffbi
    0 bytes stack frame, 0 bytes spill stores, 0 bytes spill loads
ptxas info    : Used 76 registers, used 1 barriers, 432 bytes cmem[0]
ptxas info    : Compile time = 56.986 ms
ptxas info    : Compiling entry function '_Z35kOptimizerStatic8bit1StateBlockwiseIfLi2ELi2048ELi8EEvPT_S1_PhfffifPfS3_ffbi' for 'sm_86'
ptxas info    : Function properties for _Z35kOptimizerStatic8bit1StateBlockwiseIfLi2ELi2048ELi8EEvPT_S1_PhfffifPfS3_ffbi
    0 bytes stack frame, 0 bytes spill stores, 0 bytes spill loads
ptxas info    : Used 72 registers, used 1 barriers, 432 bytes cmem[0]
ptxas info    : Compile time = 52.014 ms
ptxas info    : Compiling entry function '_Z35kOptimizerStatic8bit1StateBlockwiseI6__halfLi1ELi2048ELi8EEvPT_S2_PhfffifPfS4_ffbi' for 'sm_86'
ptxas info    : Function properties for _Z35kOptimizerStatic8bit1StateBlockwiseI6__halfLi1ELi2048ELi8EEvPT_S2_PhfffifPfS4_ffbi
    0 bytes stack frame, 0 bytes spill stores, 0 bytes spill loads
ptxas info    : Used 76 registers, used 1 barriers, 432 bytes cmem[0]
ptxas info    : Compile time = 54.839 ms
ptxas info    : Compiling entry function '_Z35kOptimizerStatic8bit1StateBlockwiseIfLi1ELi2048ELi8EEvPT_S1_PhfffifPfS3_ffbi' for 'sm_86'
ptxas info    : Function properties for _Z35kOptimizerStatic8bit1StateBlockwiseIfLi1ELi2048ELi8EEvPT_S1_PhfffifPfS3_ffbi
    0 bytes stack frame, 0 bytes spill stores, 0 bytes spill loads
ptxas info    : Used 72 registers, used 1 barriers, 432 bytes cmem[0]
ptxas info    : Compile time = 50.599 ms
ptxas info    : Compiling entry function '_Z35kOptimizerStatic8bit2StateBlockwiseI13__nv_bfloat16Li0ELi2048ELi8EEvPT_S2_PhS3_fffifPfS4_S4_S4_ffbi' for 'sm_86'
ptxas info    : Function properties for _Z35kOptimizerStatic8bit2StateBlockwiseI13__nv_bfloat16Li0ELi2048ELi8EEvPT_S2_PhS3_fffifPfS4_S4_S4_ffbi
    0 bytes stack frame, 0 bytes spill stores, 0 bytes spill loads
ptxas info    : Used 80 registers, used 1 barriers, 456 bytes cmem[0]
ptxas info    : Compile time = 95.257 ms
ptxas info    : Compiling entry function '_Z35kOptimizerStatic8bit2StateBlockwiseI6__halfLi0ELi2048ELi8EEvPT_S2_PhS3_fffifPfS4_S4_S4_ffbi' for 'sm_86'
ptxas info    : Function properties for _Z35kOptimizerStatic8bit2StateBlockwiseI6__halfLi0ELi2048ELi8EEvPT_S2_PhS3_fffifPfS4_S4_S4_ffbi
    0 bytes stack frame, 0 bytes spill stores, 0 bytes spill loads
ptxas info    : Used 80 registers, used 1 barriers, 456 bytes cmem[0]
ptxas info    : Compile time = 95.140 ms
ptxas info    : Compiling entry function '_Z35kOptimizerStatic8bit2StateBlockwiseIfLi0ELi2048ELi8EEvPT_S1_PhS2_fffifPfS3_S3_S3_ffbi' for 'sm_86'
ptxas info    : Function properties for _Z35kOptimizerStatic8bit2StateBlockwiseIfLi0ELi2048ELi8EEvPT_S1_PhS2_fffifPfS3_S3_S3_ffbi
    0 bytes stack frame, 0 bytes spill stores, 0 bytes spill loads
ptxas info    : Used 80 registers, used 1 barriers, 456 bytes cmem[0]
ptxas info    : Compile time = 88.160 ms
ptxas info    : Compiling entry function '_Z20kDequantizeBlockwiseI13__nv_bfloat16Li512ELi64ELi8ELi2EEvPfPhS1_PT_ii' for 'sm_86'
ptxas info    : Function properties for _Z20kDequantizeBlockwiseI13__nv_bfloat16Li512ELi64ELi8ELi2EEvPfPhS1_PT_ii
    0 bytes stack frame, 0 bytes spill stores, 0 bytes spill loads
ptxas info    : Used 48 registers, used 1 barriers, 392 bytes cmem[0]
ptxas info    : Compile time = 27.116 ms
ptxas info    : Compiling entry function '_Z20kDequantizeBlockwiseI13__nv_bfloat16Li512ELi64ELi8ELi0EEvPfPhS1_PT_ii' for 'sm_86'
ptxas info    : Function properties for _Z20kDequantizeBlockwiseI13__nv_bfloat16Li512ELi64ELi8ELi0EEvPfPhS1_PT_ii
    0 bytes stack frame, 0 bytes spill stores, 0 bytes spill loads
ptxas info    : Used 40 registers, used 1 barriers, 392 bytes cmem[0]
ptxas info    : Compile time = 7.404 ms
ptxas info    : Compiling entry function '_Z20kDequantizeBlockwiseI13__nv_bfloat16Li512ELi64ELi8ELi1EEvPfPhS1_PT_ii' for 'sm_86'
ptxas info    : Function properties for _Z20kDequantizeBlockwiseI13__nv_bfloat16Li512ELi64ELi8ELi1EEvPfPhS1_PT_ii
    0 bytes stack frame, 0 bytes spill stores, 0 bytes spill loads
ptxas info    : Used 48 registers, used 1 barriers, 392 bytes cmem[0]
ptxas info    : Compile time = 17.995 ms
ptxas info    : Compiling entry function '_Z20kDequantizeBlockwiseIfLi512ELi64ELi8ELi2EEvPfPhS0_PT_ii' for 'sm_86'
ptxas info    : Function properties for _Z20kDequantizeBlockwiseIfLi512ELi64ELi8ELi2EEvPfPhS0_PT_ii
    0 bytes stack frame, 0 bytes spill stores, 0 bytes spill loads
ptxas info    : Used 48 registers, used 1 barriers, 392 bytes cmem[0]
ptxas info    : Compile time = 25.674 ms
ptxas info    : Compiling entry function '_Z20kDequantizeBlockwiseIfLi512ELi64ELi8ELi0EEvPfPhS0_PT_ii' for 'sm_86'
ptxas info    : Function properties for _Z20kDequantizeBlockwiseIfLi512ELi64ELi8ELi0EEvPfPhS0_PT_ii
    0 bytes stack frame, 0 bytes spill stores, 0 bytes spill loads
ptxas info    : Used 40 registers, used 1 barriers, 392 bytes cmem[0]
ptxas info    : Compile time = 6.859 ms
ptxas info    : Compiling entry function '_Z20kDequantizeBlockwiseIfLi512ELi64ELi8ELi1EEvPfPhS0_PT_ii' for 'sm_86'
ptxas info    : Function properties for _Z20kDequantizeBlockwiseIfLi512ELi64ELi8ELi1EEvPfPhS0_PT_ii
    0 bytes stack frame, 0 bytes spill stores, 0 bytes spill loads
ptxas info    : Used 48 registers, used 1 barriers, 392 bytes cmem[0]
ptxas info    : Compile time = 17.057 ms
ptxas info    : Compiling entry function '_Z20kDequantizeBlockwiseI6__halfLi512ELi64ELi8ELi2EEvPfPhS1_PT_ii' for 'sm_86'
ptxas info    : Function properties for _Z20kDequantizeBlockwiseI6__halfLi512ELi64ELi8ELi2EEvPfPhS1_PT_ii
    0 bytes stack frame, 0 bytes spill stores, 0 bytes spill loads
ptxas info    : Used 48 registers, used 1 barriers, 392 bytes cmem[0]
ptxas info    : Compile time = 26.776 ms
ptxas info    : Compiling entry function '_Z20kDequantizeBlockwiseI6__halfLi512ELi64ELi8ELi0EEvPfPhS1_PT_ii' for 'sm_86'
ptxas info    : Function properties for _Z20kDequantizeBlockwiseI6__halfLi512ELi64ELi8ELi0EEvPfPhS1_PT_ii
    0 bytes stack frame, 0 bytes spill stores, 0 bytes spill loads
ptxas info    : Used 40 registers, used 1 barriers, 392 bytes cmem[0]
ptxas info    : Compile time = 7.300 ms
ptxas info    : Compiling entry function '_Z20kDequantizeBlockwiseI6__halfLi512ELi64ELi8ELi1EEvPfPhS1_PT_ii' for 'sm_86'
ptxas info    : Function properties for _Z20kDequantizeBlockwiseI6__halfLi512ELi64ELi8ELi1EEvPfPhS1_PT_ii
    0 bytes stack frame, 0 bytes spill stores, 0 bytes spill loads
ptxas info    : Used 48 registers, used 1 barriers, 392 bytes cmem[0]
ptxas info    : Compile time = 17.917 ms
ptxas info    : Compiling entry function '_Z18kQuantizeBlockwiseI13__nv_bfloat16Li64ELi2ELi0ELi2EEvPfPT_S1_PhS1_ii' for 'sm_86'
ptxas info    : Function properties for _Z18kQuantizeBlockwiseI13__nv_bfloat16Li64ELi2ELi0ELi2EEvPfPT_S1_PhS1_ii
    0 bytes stack frame, 0 bytes spill stores, 0 bytes spill loads
ptxas info    : Used 24 registers, used 1 barriers, 400 bytes cmem[0]
ptxas info    : Compile time = 7.589 ms
ptxas info    : Compiling entry function '_Z18kQuantizeBlockwiseI13__nv_bfloat16Li128ELi2ELi0ELi2EEvPfPT_S1_PhS1_ii' for 'sm_86'
ptxas info    : Function properties for _Z18kQuantizeBlockwiseI13__nv_bfloat16Li128ELi2ELi0ELi2EEvPfPT_S1_PhS1_ii
    0 bytes stack frame, 0 bytes spill stores, 0 bytes spill loads
ptxas info    : Used 24 registers, used 1 barriers, 400 bytes cmem[0]
ptxas info    : Compile time = 8.155 ms
ptxas info    : Compiling entry function '_Z18kQuantizeBlockwiseI13__nv_bfloat16Li256ELi2ELi0ELi2EEvPfPT_S1_PhS1_ii' for 'sm_86'
ptxas info    : Function properties for _Z18kQuantizeBlockwiseI13__nv_bfloat16Li256ELi2ELi0ELi2EEvPfPT_S1_PhS1_ii
    0 bytes stack frame, 0 bytes spill stores, 0 bytes spill loads
ptxas info    : Used 26 registers, used 1 barriers, 400 bytes cmem[0]
ptxas info    : Compile time = 8.316 ms
ptxas info    : Compiling entry function '_Z18kQuantizeBlockwiseI13__nv_bfloat16Li512ELi2ELi0ELi2EEvPfPT_S1_PhS1_ii' for 'sm_86'
ptxas info    : Function properties for _Z18kQuantizeBlockwiseI13__nv_bfloat16Li512ELi2ELi0ELi2EEvPfPT_S1_PhS1_ii
    0 bytes stack frame, 0 bytes spill stores, 0 bytes spill loads
ptxas info    : Used 30 registers, used 1 barriers, 400 bytes cmem[0]
ptxas info    : Compile time = 8.742 ms
ptxas info    : Compiling entry function '_Z18kQuantizeBlockwiseI13__nv_bfloat16Li1024ELi4ELi0ELi2EEvPfPT_S1_PhS1_ii' for 'sm_86'
ptxas info    : Function properties for _Z18kQuantizeBlockwiseI13__nv_bfloat16Li1024ELi4ELi0ELi2EEvPfPT_S1_PhS1_ii
    0 bytes stack frame, 0 bytes spill stores, 0 bytes spill loads
ptxas info    : Used 32 registers, used 1 barriers, 400 bytes cmem[0]
ptxas info    : Compile time = 11.157 ms
ptxas info    : Compiling entry function '_Z18kQuantizeBlockwiseI13__nv_bfloat16Li2048ELi4ELi0ELi2EEvPfPT_S1_PhS1_ii' for 'sm_86'
ptxas info    : Function properties for _Z18kQuantizeBlockwiseI13__nv_bfloat16Li2048ELi4ELi0ELi2EEvPfPT_S1_PhS1_ii
    0 bytes stack frame, 0 bytes spill stores, 0 bytes spill loads
ptxas info    : Used 32 registers, used 1 barriers, 400 bytes cmem[0]
ptxas info    : Compile time = 12.114 ms
ptxas info    : Compiling entry function '_Z18kQuantizeBlockwiseI13__nv_bfloat16Li4096ELi4ELi0ELi2EEvPfPT_S1_PhS1_ii' for 'sm_86'
ptxas info    : Function properties for _Z18kQuantizeBlockwiseI13__nv_bfloat16Li4096ELi4ELi0ELi2EEvPfPT_S1_PhS1_ii
    0 bytes stack frame, 0 bytes spill stores, 0 bytes spill loads
ptxas info    : Used 32 registers, used 1 barriers, 400 bytes cmem[0]
ptxas info    : Compile time = 14.215 ms
ptxas info    : Compiling entry function '_Z18kQuantizeBlockwiseI13__nv_bfloat16Li64ELi2ELi0ELi1EEvPfPT_S1_PhS1_ii' for 'sm_86'
ptxas info    : Function properties for _Z18kQuantizeBlockwiseI13__nv_bfloat16Li64ELi2ELi0ELi1EEvPfPT_S1_PhS1_ii
    0 bytes stack frame, 0 bytes spill stores, 0 bytes spill loads
ptxas info    : Used 24 registers, used 1 barriers, 400 bytes cmem[0]
ptxas info    : Compile time = 7.214 ms
ptxas info    : Compiling entry function '_Z18kQuantizeBlockwiseI13__nv_bfloat16Li128ELi2ELi0ELi1EEvPfPT_S1_PhS1_ii' for 'sm_86'
ptxas info    : Function properties for _Z18kQuantizeBlockwiseI13__nv_bfloat16Li128ELi2ELi0ELi1EEvPfPT_S1_PhS1_ii
    0 bytes stack frame, 0 bytes spill stores, 0 bytes spill loads
ptxas info    : Used 24 registers, used 1 barriers, 400 bytes cmem[0]
ptxas info    : Compile time = 7.854 ms
ptxas info    : Compiling entry function '_Z18kQuantizeBlockwiseI13__nv_bfloat16Li256ELi2ELi0ELi1EEvPfPT_S1_PhS1_ii' for 'sm_86'
ptxas info    : Function properties for _Z18kQuantizeBlockwiseI13__nv_bfloat16Li256ELi2ELi0ELi1EEvPfPT_S1_PhS1_ii
    0 bytes stack frame, 0 bytes spill stores, 0 bytes spill loads
ptxas info    : Used 26 registers, used 1 barriers, 400 bytes cmem[0]
ptxas info    : Compile time = 7.918 ms
ptxas info    : Compiling entry function '_Z18kQuantizeBlockwiseI13__nv_bfloat16Li512ELi2ELi0ELi1EEvPfPT_S1_PhS1_ii' for 'sm_86'
ptxas info    : Function properties for _Z18kQuantizeBlockwiseI13__nv_bfloat16Li512ELi2ELi0ELi1EEvPfPT_S1_PhS1_ii
    0 bytes stack frame, 0 bytes spill stores, 0 bytes spill loads
ptxas info    : Used 30 registers, used 1 barriers, 400 bytes cmem[0]
ptxas info    : Compile time = 8.436 ms
ptxas info    : Compiling entry function '_Z18kQuantizeBlockwiseI13__nv_bfloat16Li1024ELi4ELi0ELi1EEvPfPT_S1_PhS1_ii' for 'sm_86'
ptxas info    : Function properties for _Z18kQuantizeBlockwiseI13__nv_bfloat16Li1024ELi4ELi0ELi1EEvPfPT_S1_PhS1_ii
    0 bytes stack frame, 0 bytes spill stores, 0 bytes spill loads
ptxas info    : Used 32 registers, used 1 barriers, 400 bytes cmem[0]
ptxas info    : Compile time = 10.349 ms
ptxas info    : Compiling entry function '_Z18kQuantizeBlockwiseI13__nv_bfloat16Li2048ELi4ELi0ELi1EEvPfPT_S1_PhS1_ii' for 'sm_86'
ptxas info    : Function properties for _Z18kQuantizeBlockwiseI13__nv_bfloat16Li2048ELi4ELi0ELi1EEvPfPT_S1_PhS1_ii
    0 bytes stack frame, 0 bytes spill stores, 0 bytes spill loads
ptxas info    : Used 32 registers, used 1 barriers, 400 bytes cmem[0]
ptxas info    : Compile time = 11.412 ms
ptxas info    : Compiling entry function '_Z18kQuantizeBlockwiseI13__nv_bfloat16Li4096ELi4ELi0ELi1EEvPfPT_S1_PhS1_ii' for 'sm_86'
ptxas info    : Function properties for _Z18kQuantizeBlockwiseI13__nv_bfloat16Li4096ELi4ELi0ELi1EEvPfPT_S1_PhS1_ii
    0 bytes stack frame, 0 bytes spill stores, 0 bytes spill loads
ptxas info    : Used 32 registers, used 1 barriers, 400 bytes cmem[0]
ptxas info    : Compile time = 13.312 ms
ptxas info    : Compiling entry function '_Z18kQuantizeBlockwiseI13__nv_bfloat16Li64ELi2ELi0ELi0EEvPfPT_S1_PhS1_ii' for 'sm_86'
ptxas info    : Function properties for _Z18kQuantizeBlockwiseI13__nv_bfloat16Li64ELi2ELi0ELi0EEvPfPT_S1_PhS1_ii
    0 bytes stack frame, 0 bytes spill stores, 0 bytes spill loads
ptxas info    : Used 38 registers, used 1 barriers, 400 bytes cmem[0]
ptxas info    : Compile time = 10.614 ms
ptxas info    : Compiling entry function '_Z18kQuantizeBlockwiseI13__nv_bfloat16Li128ELi2ELi0ELi0EEvPfPT_S1_PhS1_ii' for 'sm_86'
ptxas info    : Function properties for _Z18kQuantizeBlockwiseI13__nv_bfloat16Li128ELi2ELi0ELi0EEvPfPT_S1_PhS1_ii
    0 bytes stack frame, 0 bytes spill stores, 0 bytes spill loads
ptxas info    : Used 39 registers, used 1 barriers, 400 bytes cmem[0]
ptxas info    : Compile time = 11.206 ms
ptxas info    : Compiling entry function '_Z18kQuantizeBlockwiseI13__nv_bfloat16Li256ELi2ELi0ELi0EEvPfPT_S1_PhS1_ii' for 'sm_86'
ptxas info    : Function properties for _Z18kQuantizeBlockwiseI13__nv_bfloat16Li256ELi2ELi0ELi0EEvPfPT_S1_PhS1_ii
    0 bytes stack frame, 0 bytes spill stores, 0 bytes spill loads
ptxas info    : Used 39 registers, used 1 barriers, 400 bytes cmem[0]
ptxas info    : Compile time = 11.320 ms
ptxas info    : Compiling entry function '_Z18kQuantizeBlockwiseI13__nv_bfloat16Li512ELi2ELi0ELi0EEvPfPT_S1_PhS1_ii' for 'sm_86'
ptxas info    : Function properties for _Z18kQuantizeBlockwiseI13__nv_bfloat16Li512ELi2ELi0ELi0EEvPfPT_S1_PhS1_ii
    0 bytes stack frame, 0 bytes spill stores, 0 bytes spill loads
ptxas info    : Used 39 registers, used 1 barriers, 400 bytes cmem[0]
ptxas info    : Compile time = 11.865 ms
ptxas info    : Compiling entry function '_Z18kQuantizeBlockwiseI13__nv_bfloat16Li1024ELi4ELi0ELi0EEvPfPT_S1_PhS1_ii' for 'sm_86'
ptxas info    : Function properties for _Z18kQuantizeBlockwiseI13__nv_bfloat16Li1024ELi4ELi0ELi0EEvPfPT_S1_PhS1_ii
    0 bytes stack frame, 0 bytes spill stores, 0 bytes spill loads
ptxas info    : Used 40 registers, used 1 barriers, 400 bytes cmem[0]
ptxas info    : Compile time = 17.046 ms
ptxas info    : Compiling entry function '_Z18kQuantizeBlockwiseI13__nv_bfloat16Li2048ELi4ELi0ELi0EEvPfPT_S1_PhS1_ii' for 'sm_86'
ptxas info    : Function properties for _Z18kQuantizeBlockwiseI13__nv_bfloat16Li2048ELi4ELi0ELi0EEvPfPT_S1_PhS1_ii
    0 bytes stack frame, 0 bytes spill stores, 0 bytes spill loads
ptxas info    : Used 40 registers, used 1 barriers, 400 bytes cmem[0]
ptxas info    : Compile time = 18.417 ms
ptxas info    : Compiling entry function '_Z18kQuantizeBlockwiseI13__nv_bfloat16Li4096ELi4ELi1ELi0EEvPfPT_S1_PhS1_ii' for 'sm_86'
ptxas info    : Function properties for _Z18kQuantizeBlockwiseI13__nv_bfloat16Li4096ELi4ELi1ELi0EEvPfPT_S1_PhS1_ii
    0 bytes stack frame, 0 bytes spill stores, 0 bytes spill loads
ptxas info    : Used 40 registers, used 1 barriers, 400 bytes cmem[0]
ptxas info    : Compile time = 21.965 ms
ptxas info    : Compiling entry function '_Z18kQuantizeBlockwiseI13__nv_bfloat16Li4096ELi4ELi0ELi0EEvPfPT_S1_PhS1_ii' for 'sm_86'
ptxas info    : Function properties for _Z18kQuantizeBlockwiseI13__nv_bfloat16Li4096ELi4ELi0ELi0EEvPfPT_S1_PhS1_ii
    0 bytes stack frame, 0 bytes spill stores, 0 bytes spill loads
ptxas info    : Used 40 registers, used 1 barriers, 400 bytes cmem[0]
ptxas info    : Compile time = 20.727 ms
ptxas info    : Compiling entry function '_Z18kQuantizeBlockwiseIfLi64ELi2ELi0ELi2EEvPfPT_S0_PhS0_ii' for 'sm_86'
ptxas info    : Function properties for _Z18kQuantizeBlockwiseIfLi64ELi2ELi0ELi2EEvPfPT_S0_PhS0_ii
    0 bytes stack frame, 0 bytes spill stores, 0 bytes spill loads
ptxas info    : Used 24 registers, used 1 barriers, 400 bytes cmem[0]
ptxas info    : Compile time = 7.410 ms
ptxas info    : Compiling entry function '_Z18kQuantizeBlockwiseIfLi128ELi2ELi0ELi2EEvPfPT_S0_PhS0_ii' for 'sm_86'
ptxas info    : Function properties for _Z18kQuantizeBlockwiseIfLi128ELi2ELi0ELi2EEvPfPT_S0_PhS0_ii
    0 bytes stack frame, 0 bytes spill stores, 0 bytes spill loads
ptxas info    : Used 25 registers, used 1 barriers, 400 bytes cmem[0]
ptxas info    : Compile time = 8.020 ms
ptxas info    : Compiling entry function '_Z18kQuantizeBlockwiseIfLi256ELi2ELi0ELi2EEvPfPT_S0_PhS0_ii' for 'sm_86'
ptxas info    : Function properties for _Z18kQuantizeBlockwiseIfLi256ELi2ELi0ELi2EEvPfPT_S0_PhS0_ii
    0 bytes stack frame, 0 bytes spill stores, 0 bytes spill loads
ptxas info    : Used 24 registers, used 1 barriers, 400 bytes cmem[0]
ptxas info    : Compile time = 8.164 ms
ptxas info    : Compiling entry function '_Z18kQuantizeBlockwiseIfLi512ELi2ELi0ELi2EEvPfPT_S0_PhS0_ii' for 'sm_86'
ptxas info    : Function properties for _Z18kQuantizeBlockwiseIfLi512ELi2ELi0ELi2EEvPfPT_S0_PhS0_ii
    0 bytes stack frame, 0 bytes spill stores, 0 bytes spill loads
ptxas info    : Used 29 registers, used 1 barriers, 400 bytes cmem[0]
ptxas info    : Compile time = 8.611 ms
ptxas info    : Compiling entry function '_Z18kQuantizeBlockwiseIfLi1024ELi4ELi0ELi2EEvPfPT_S0_PhS0_ii' for 'sm_86'
ptxas info    : Function properties for _Z18kQuantizeBlockwiseIfLi1024ELi4ELi0ELi2EEvPfPT_S0_PhS0_ii
    0 bytes stack frame, 0 bytes spill stores, 0 bytes spill loads
ptxas info    : Used 36 registers, used 1 barriers, 400 bytes cmem[0]
ptxas info    : Compile time = 10.818 ms
ptxas info    : Compiling entry function '_Z18kQuantizeBlockwiseIfLi2048ELi4ELi0ELi2EEvPfPT_S0_PhS0_ii' for 'sm_86'
ptxas info    : Function properties for _Z18kQuantizeBlockwiseIfLi2048ELi4ELi0ELi2EEvPfPT_S0_PhS0_ii
    0 bytes stack frame, 0 bytes spill stores, 0 bytes spill loads
ptxas info    : Used 36 registers, used 1 barriers, 400 bytes cmem[0]
ptxas info    : Compile time = 11.902 ms
ptxas info    : Compiling entry function '_Z18kQuantizeBlockwiseIfLi4096ELi4ELi0ELi2EEvPfPT_S0_PhS0_ii' for 'sm_86'
ptxas info    : Function properties for _Z18kQuantizeBlockwiseIfLi4096ELi4ELi0ELi2EEvPfPT_S0_PhS0_ii
    0 bytes stack frame, 0 bytes spill stores, 0 bytes spill loads
ptxas info    : Used 36 registers, used 1 barriers, 400 bytes cmem[0]
ptxas info    : Compile time = 13.692 ms
ptxas info    : Compiling entry function '_Z18kQuantizeBlockwiseIfLi64ELi2ELi0ELi1EEvPfPT_S0_PhS0_ii' for 'sm_86'
ptxas info    : Function properties for _Z18kQuantizeBlockwiseIfLi64ELi2ELi0ELi1EEvPfPT_S0_PhS0_ii
    0 bytes stack frame, 0 bytes spill stores, 0 bytes spill loads
ptxas info    : Used 24 registers, used 1 barriers, 400 bytes cmem[0]
ptxas info    : Compile time = 7.082 ms
ptxas info    : Compiling entry function '_Z18kQuantizeBlockwiseIfLi128ELi2ELi0ELi1EEvPfPT_S0_PhS0_ii' for 'sm_86'
ptxas info    : Function properties for _Z18kQuantizeBlockwiseIfLi128ELi2ELi0ELi1EEvPfPT_S0_PhS0_ii
    0 bytes stack frame, 0 bytes spill stores, 0 bytes spill loads
ptxas info    : Used 25 registers, used 1 barriers, 400 bytes cmem[0]
ptxas info    : Compile time = 7.652 ms
ptxas info    : Compiling entry function '_Z18kQuantizeBlockwiseIfLi256ELi2ELi0ELi1EEvPfPT_S0_PhS0_ii' for 'sm_86'
ptxas info    : Function properties for _Z18kQuantizeBlockwiseIfLi256ELi2ELi0ELi1EEvPfPT_S0_PhS0_ii
    0 bytes stack frame, 0 bytes spill stores, 0 bytes spill loads
ptxas info    : Used 24 registers, used 1 barriers, 400 bytes cmem[0]
ptxas info    : Compile time = 7.792 ms
ptxas info    : Compiling entry function '_Z18kQuantizeBlockwiseIfLi512ELi2ELi0ELi1EEvPfPT_S0_PhS0_ii' for 'sm_86'
ptxas info    : Function properties for _Z18kQuantizeBlockwiseIfLi512ELi2ELi0ELi1EEvPfPT_S0_PhS0_ii
    0 bytes stack frame, 0 bytes spill stores, 0 bytes spill loads
ptxas info    : Used 29 registers, used 1 barriers, 400 bytes cmem[0]
ptxas info    : Compile time = 8.272 ms
ptxas info    : Compiling entry function '_Z18kQuantizeBlockwiseIfLi1024ELi4ELi0ELi1EEvPfPT_S0_PhS0_ii' for 'sm_86'
ptxas info    : Function properties for _Z18kQuantizeBlockwiseIfLi1024ELi4ELi0ELi1EEvPfPT_S0_PhS0_ii
    0 bytes stack frame, 0 bytes spill stores, 0 bytes spill loads
ptxas info    : Used 36 registers, used 1 barriers, 400 bytes cmem[0]
ptxas info    : Compile time = 10.128 ms
ptxas info    : Compiling entry function '_Z18kQuantizeBlockwiseIfLi2048ELi4ELi0ELi1EEvPfPT_S0_PhS0_ii' for 'sm_86'
ptxas info    : Function properties for _Z18kQuantizeBlockwiseIfLi2048ELi4ELi0ELi1EEvPfPT_S0_PhS0_ii
    0 bytes stack frame, 0 bytes spill stores, 0 bytes spill loads
ptxas info    : Used 36 registers, used 1 barriers, 400 bytes cmem[0]
ptxas info    : Compile time = 11.112 ms
ptxas info    : Compiling entry function '_Z18kQuantizeBlockwiseIfLi4096ELi4ELi0ELi1EEvPfPT_S0_PhS0_ii' for 'sm_86'
ptxas info    : Function properties for _Z18kQuantizeBlockwiseIfLi4096ELi4ELi0ELi1EEvPfPT_S0_PhS0_ii
    0 bytes stack frame, 0 bytes spill stores, 0 bytes spill loads
ptxas info    : Used 36 registers, used 1 barriers, 400 bytes cmem[0]
ptxas info    : Compile time = 13.239 ms
ptxas info    : Compiling entry function '_Z18kQuantizeBlockwiseIfLi64ELi2ELi0ELi0EEvPfPT_S0_PhS0_ii' for 'sm_86'
ptxas info    : Function properties for _Z18kQuantizeBlockwiseIfLi64ELi2ELi0ELi0EEvPfPT_S0_PhS0_ii
    0 bytes stack frame, 0 bytes spill stores, 0 bytes spill loads
ptxas info    : Used 39 registers, used 1 barriers, 400 bytes cmem[0]
ptxas info    : Compile time = 10.415 ms
ptxas info    : Compiling entry function '_Z18kQuantizeBlockwiseIfLi128ELi2ELi0ELi0EEvPfPT_S0_PhS0_ii' for 'sm_86'
ptxas info    : Function properties for _Z18kQuantizeBlockwiseIfLi128ELi2ELi0ELi0EEvPfPT_S0_PhS0_ii
    0 bytes stack frame, 0 bytes spill stores, 0 bytes spill loads
ptxas info    : Used 39 registers, used 1 barriers, 400 bytes cmem[0]
ptxas info    : Compile time = 11.232 ms
ptxas info    : Compiling entry function '_Z18kQuantizeBlockwiseIfLi256ELi2ELi0ELi0EEvPfPT_S0_PhS0_ii' for 'sm_86'
ptxas info    : Function properties for _Z18kQuantizeBlockwiseIfLi256ELi2ELi0ELi0EEvPfPT_S0_PhS0_ii
    0 bytes stack frame, 0 bytes spill stores, 0 bytes spill loads
ptxas info    : Used 39 registers, used 1 barriers, 400 bytes cmem[0]
ptxas info    : Compile time = 11.256 ms
ptxas info    : Compiling entry function '_Z18kQuantizeBlockwiseIfLi512ELi2ELi0ELi0EEvPfPT_S0_PhS0_ii' for 'sm_86'
ptxas info    : Function properties for _Z18kQuantizeBlockwiseIfLi512ELi2ELi0ELi0EEvPfPT_S0_PhS0_ii
    0 bytes stack frame, 0 bytes spill stores, 0 bytes spill loads
ptxas info    : Used 39 registers, used 1 barriers, 400 bytes cmem[0]
ptxas info    : Compile time = 11.656 ms
ptxas info    : Compiling entry function '_Z18kQuantizeBlockwiseIfLi1024ELi4ELi0ELi0EEvPfPT_S0_PhS0_ii' for 'sm_86'
ptxas info    : Function properties for _Z18kQuantizeBlockwiseIfLi1024ELi4ELi0ELi0EEvPfPT_S0_PhS0_ii
    0 bytes stack frame, 0 bytes spill stores, 0 bytes spill loads
ptxas info    : Used 40 registers, used 1 barriers, 400 bytes cmem[0]
ptxas info    : Compile time = 16.819 ms
ptxas info    : Compiling entry function '_Z18kQuantizeBlockwiseIfLi2048ELi4ELi0ELi0EEvPfPT_S0_PhS0_ii' for 'sm_86'
ptxas info    : Function properties for _Z18kQuantizeBlockwiseIfLi2048ELi4ELi0ELi0EEvPfPT_S0_PhS0_ii
    0 bytes stack frame, 0 bytes spill stores, 0 bytes spill loads
ptxas info    : Used 40 registers, used 1 barriers, 400 bytes cmem[0]
ptxas info    : Compile time = 18.201 ms
ptxas info    : Compiling entry function '_Z18kQuantizeBlockwiseIfLi4096ELi4ELi1ELi0EEvPfPT_S0_PhS0_ii' for 'sm_86'
ptxas info    : Function properties for _Z18kQuantizeBlockwiseIfLi4096ELi4ELi1ELi0EEvPfPT_S0_PhS0_ii
    0 bytes stack frame, 0 bytes spill stores, 0 bytes spill loads
ptxas info    : Used 48 registers, used 1 barriers, 400 bytes cmem[0]
ptxas info    : Compile time = 22.806 ms
ptxas info    : Compiling entry function '_Z18kQuantizeBlockwiseIfLi4096ELi4ELi0ELi0EEvPfPT_S0_PhS0_ii' for 'sm_86'
ptxas info    : Function properties for _Z18kQuantizeBlockwiseIfLi4096ELi4ELi0ELi0EEvPfPT_S0_PhS0_ii
    0 bytes stack frame, 0 bytes spill stores, 0 bytes spill loads
ptxas info    : Used 40 registers, used 1 barriers, 400 bytes cmem[0]
ptxas info    : Compile time = 21.398 ms
ptxas info    : Compiling entry function '_Z18kQuantizeBlockwiseI6__halfLi64ELi2ELi0ELi2EEvPfPT_S1_PhS1_ii' for 'sm_86'
ptxas info    : Function properties for _Z18kQuantizeBlockwiseI6__halfLi64ELi2ELi0ELi2EEvPfPT_S1_PhS1_ii
    0 bytes stack frame, 0 bytes spill stores, 0 bytes spill loads
ptxas info    : Used 24 registers, used 1 barriers, 400 bytes cmem[0]
ptxas info    : Compile time = 7.536 ms
ptxas info    : Compiling entry function '_Z18kQuantizeBlockwiseI6__halfLi128ELi2ELi0ELi2EEvPfPT_S1_PhS1_ii' for 'sm_86'
ptxas info    : Function properties for _Z18kQuantizeBlockwiseI6__halfLi128ELi2ELi0ELi2EEvPfPT_S1_PhS1_ii
    0 bytes stack frame, 0 bytes spill stores, 0 bytes spill loads
ptxas info    : Used 25 registers, used 1 barriers, 400 bytes cmem[0]
ptxas info    : Compile time = 8.154 ms
ptxas info    : Compiling entry function '_Z18kQuantizeBlockwiseI6__halfLi256ELi2ELi0ELi2EEvPfPT_S1_PhS1_ii' for 'sm_86'
ptxas info    : Function properties for _Z18kQuantizeBlockwiseI6__halfLi256ELi2ELi0ELi2EEvPfPT_S1_PhS1_ii
    0 bytes stack frame, 0 bytes spill stores, 0 bytes spill loads
ptxas info    : Used 24 registers, used 1 barriers, 400 bytes cmem[0]
ptxas info    : Compile time = 8.306 ms
ptxas info    : Compiling entry function '_Z18kQuantizeBlockwiseI6__halfLi512ELi2ELi0ELi2EEvPfPT_S1_PhS1_ii' for 'sm_86'
ptxas info    : Function properties for _Z18kQuantizeBlockwiseI6__halfLi512ELi2ELi0ELi2EEvPfPT_S1_PhS1_ii
    0 bytes stack frame, 0 bytes spill stores, 0 bytes spill loads
ptxas info    : Used 28 registers, used 1 barriers, 400 bytes cmem[0]
ptxas info    : Compile time = 8.800 ms
ptxas info    : Compiling entry function '_Z18kQuantizeBlockwiseI6__halfLi1024ELi4ELi0ELi2EEvPfPT_S1_PhS1_ii' for 'sm_86'
ptxas info    : Function properties for _Z18kQuantizeBlockwiseI6__halfLi1024ELi4ELi0ELi2EEvPfPT_S1_PhS1_ii
    0 bytes stack frame, 0 bytes spill stores, 0 bytes spill loads
ptxas info    : Used 32 registers, used 1 barriers, 400 bytes cmem[0]
ptxas info    : Compile time = 11.063 ms
ptxas info    : Compiling entry function '_Z18kQuantizeBlockwiseI6__halfLi2048ELi4ELi0ELi2EEvPfPT_S1_PhS1_ii' for 'sm_86'
ptxas info    : Function properties for _Z18kQuantizeBlockwiseI6__halfLi2048ELi4ELi0ELi2EEvPfPT_S1_PhS1_ii
    0 bytes stack frame, 0 bytes spill stores, 0 bytes spill loads
ptxas info    : Used 32 registers, used 1 barriers, 400 bytes cmem[0]
ptxas info    : Compile time = 12.103 ms
ptxas info    : Compiling entry function '_Z18kQuantizeBlockwiseI6__halfLi4096ELi4ELi0ELi2EEvPfPT_S1_PhS1_ii' for 'sm_86'
ptxas info    : Function properties for _Z18kQuantizeBlockwiseI6__halfLi4096ELi4ELi0ELi2EEvPfPT_S1_PhS1_ii
    0 bytes stack frame, 0 bytes spill stores, 0 bytes spill loads
ptxas info    : Used 32 registers, used 1 barriers, 400 bytes cmem[0]
ptxas info    : Compile time = 14.058 ms
ptxas info    : Compiling entry function '_Z18kQuantizeBlockwiseI6__halfLi64ELi2ELi0ELi1EEvPfPT_S1_PhS1_ii' for 'sm_86'
ptxas info    : Function properties for _Z18kQuantizeBlockwiseI6__halfLi64ELi2ELi0ELi1EEvPfPT_S1_PhS1_ii
    0 bytes stack frame, 0 bytes spill stores, 0 bytes spill loads
ptxas info    : Used 24 registers, used 1 barriers, 400 bytes cmem[0]
ptxas info    : Compile time = 7.193 ms
ptxas info    : Compiling entry function '_Z18kQuantizeBlockwiseI6__halfLi128ELi2ELi0ELi1EEvPfPT_S1_PhS1_ii' for 'sm_86'
ptxas info    : Function properties for _Z18kQuantizeBlockwiseI6__halfLi128ELi2ELi0ELi1EEvPfPT_S1_PhS1_ii
    0 bytes stack frame, 0 bytes spill stores, 0 bytes spill loads
ptxas info    : Used 25 registers, used 1 barriers, 400 bytes cmem[0]
ptxas info    : Compile time = 7.853 ms
ptxas info    : Compiling entry function '_Z18kQuantizeBlockwiseI6__halfLi256ELi2ELi0ELi1EEvPfPT_S1_PhS1_ii' for 'sm_86'
ptxas info    : Function properties for _Z18kQuantizeBlockwiseI6__halfLi256ELi2ELi0ELi1EEvPfPT_S1_PhS1_ii
    0 bytes stack frame, 0 bytes spill stores, 0 bytes spill loads
ptxas info    : Used 24 registers, used 1 barriers, 400 bytes cmem[0]
ptxas info    : Compile time = 7.970 ms
ptxas info    : Compiling entry function '_Z18kQuantizeBlockwiseI6__halfLi512ELi2ELi0ELi1EEvPfPT_S1_PhS1_ii' for 'sm_86'
ptxas info    : Function properties for _Z18kQuantizeBlockwiseI6__halfLi512ELi2ELi0ELi1EEvPfPT_S1_PhS1_ii
    0 bytes stack frame, 0 bytes spill stores, 0 bytes spill loads
ptxas info    : Used 28 registers, used 1 barriers, 400 bytes cmem[0]
ptxas info    : Compile time = 8.431 ms
ptxas info    : Compiling entry function '_Z18kQuantizeBlockwiseI6__halfLi1024ELi4ELi0ELi1EEvPfPT_S1_PhS1_ii' for 'sm_86'
ptxas info    : Function properties for _Z18kQuantizeBlockwiseI6__halfLi1024ELi4ELi0ELi1EEvPfPT_S1_PhS1_ii
    0 bytes stack frame, 0 bytes spill stores, 0 bytes spill loads
ptxas info    : Used 32 registers, used 1 barriers, 400 bytes cmem[0]
ptxas info    : Compile time = 10.461 ms
ptxas info    : Compiling entry function '_Z18kQuantizeBlockwiseI6__halfLi2048ELi4ELi0ELi1EEvPfPT_S1_PhS1_ii' for 'sm_86'
ptxas info    : Function properties for _Z18kQuantizeBlockwiseI6__halfLi2048ELi4ELi0ELi1EEvPfPT_S1_PhS1_ii
    0 bytes stack frame, 0 bytes spill stores, 0 bytes spill loads
ptxas info    : Used 32 registers, used 1 barriers, 400 bytes cmem[0]
ptxas info    : Compile time = 11.310 ms
ptxas info    : Compiling entry function '_Z18kQuantizeBlockwiseI6__halfLi4096ELi4ELi0ELi1EEvPfPT_S1_PhS1_ii' for 'sm_86'
ptxas info    : Function properties for _Z18kQuantizeBlockwiseI6__halfLi4096ELi4ELi0ELi1EEvPfPT_S1_PhS1_ii
    0 bytes stack frame, 0 bytes spill stores, 0 bytes spill loads
ptxas info    : Used 32 registers, used 1 barriers, 400 bytes cmem[0]
ptxas info    : Compile time = 13.323 ms
ptxas info    : Compiling entry function '_Z18kQuantizeBlockwiseI6__halfLi64ELi2ELi0ELi0EEvPfPT_S1_PhS1_ii' for 'sm_86'
ptxas info    : Function properties for _Z18kQuantizeBlockwiseI6__halfLi64ELi2ELi0ELi0EEvPfPT_S1_PhS1_ii
    0 bytes stack frame, 0 bytes spill stores, 0 bytes spill loads
ptxas info    : Used 38 registers, used 1 barriers, 400 bytes cmem[0]
ptxas info    : Compile time = 10.631 ms
ptxas info    : Compiling entry function '_Z18kQuantizeBlockwiseI6__halfLi128ELi2ELi0ELi0EEvPfPT_S1_PhS1_ii' for 'sm_86'
ptxas info    : Function properties for _Z18kQuantizeBlockwiseI6__halfLi128ELi2ELi0ELi0EEvPfPT_S1_PhS1_ii
    0 bytes stack frame, 0 bytes spill stores, 0 bytes spill loads
ptxas info    : Used 39 registers, used 1 barriers, 400 bytes cmem[0]
ptxas info    : Compile time = 11.300 ms
ptxas info    : Compiling entry function '_Z18kQuantizeBlockwiseI6__halfLi256ELi2ELi0ELi0EEvPfPT_S1_PhS1_ii' for 'sm_86'
ptxas info    : Function properties for _Z18kQuantizeBlockwiseI6__halfLi256ELi2ELi0ELi0EEvPfPT_S1_PhS1_ii
    0 bytes stack frame, 0 bytes spill stores, 0 bytes spill loads
ptxas info    : Used 39 registers, used 1 barriers, 400 bytes cmem[0]
ptxas info    : Compile time = 11.406 ms
ptxas info    : Compiling entry function '_Z18kQuantizeBlockwiseI6__halfLi512ELi2ELi0ELi0EEvPfPT_S1_PhS1_ii' for 'sm_86'
ptxas info    : Function properties for _Z18kQuantizeBlockwiseI6__halfLi512ELi2ELi0ELi0EEvPfPT_S1_PhS1_ii
    0 bytes stack frame, 0 bytes spill stores, 0 bytes spill loads
ptxas info    : Used 39 registers, used 1 barriers, 400 bytes cmem[0]
ptxas info    : Compile time = 11.874 ms
ptxas info    : Compiling entry function '_Z18kQuantizeBlockwiseI6__halfLi1024ELi4ELi0ELi0EEvPfPT_S1_PhS1_ii' for 'sm_86'
ptxas info    : Function properties for _Z18kQuantizeBlockwiseI6__halfLi1024ELi4ELi0ELi0EEvPfPT_S1_PhS1_ii
    0 bytes stack frame, 0 bytes spill stores, 0 bytes spill loads
ptxas info    : Used 40 registers, used 1 barriers, 400 bytes cmem[0]
ptxas info    : Compile time = 17.096 ms
ptxas info    : Compiling entry function '_Z18kQuantizeBlockwiseI6__halfLi2048ELi4ELi0ELi0EEvPfPT_S1_PhS1_ii' for 'sm_86'
ptxas info    : Function properties for _Z18kQuantizeBlockwiseI6__halfLi2048ELi4ELi0ELi0EEvPfPT_S1_PhS1_ii
    0 bytes stack frame, 0 bytes spill stores, 0 bytes spill loads
ptxas info    : Used 40 registers, used 1 barriers, 400 bytes cmem[0]
ptxas info    : Compile time = 18.290 ms
ptxas info    : Compiling entry function '_Z18kQuantizeBlockwiseI6__halfLi4096ELi4ELi1ELi0EEvPfPT_S1_PhS1_ii' for 'sm_86'
ptxas info    : Function properties for _Z18kQuantizeBlockwiseI6__halfLi4096ELi4ELi1ELi0EEvPfPT_S1_PhS1_ii
    0 bytes stack frame, 0 bytes spill stores, 0 bytes spill loads
ptxas info    : Used 40 registers, used 1 barriers, 400 bytes cmem[0]
ptxas info    : Compile time = 22.072 ms
ptxas info    : Compiling entry function '_Z18kQuantizeBlockwiseI6__halfLi4096ELi4ELi0ELi0EEvPfPT_S1_PhS1_ii' for 'sm_86'
ptxas info    : Function properties for _Z18kQuantizeBlockwiseI6__halfLi4096ELi4ELi0ELi0EEvPfPT_S1_PhS1_ii
    0 bytes stack frame, 0 bytes spill stores, 0 bytes spill loads
ptxas info    : Used 40 registers, used 1 barriers, 400 bytes cmem[0]
ptxas info    : Compile time = 20.583 ms
ptxas info    : Compiling entry function '_Z19kPercentileClippingI6__halfLi2048ELi4EEvPT_Pfii' for 'sm_86'
ptxas info    : Function properties for _Z19kPercentileClippingI6__halfLi2048ELi4EEvPT_Pfii
    0 bytes stack frame, 0 bytes spill stores, 0 bytes spill loads
ptxas info    : Used 37 registers, used 1 barriers, 376 bytes cmem[0]
ptxas info    : Compile time = 9.580 ms
ptxas info    : Compiling entry function '_Z19kPercentileClippingIfLi2048ELi4EEvPT_Pfii' for 'sm_86'
ptxas info    : Function properties for _Z19kPercentileClippingIfLi2048ELi4EEvPT_Pfii
    0 bytes stack frame, 0 bytes spill stores, 0 bytes spill loads
ptxas info    : Used 39 registers, used 1 barriers, 376 bytes cmem[0]
ptxas info    : Compile time = 9.420 ms
ptxas info    : Compiling entry function '_Z26kOptimizerStatic8bit2StateIfLi0EEvPT_S1_PhS2_PKffffffifPfS5_S5_S5_S5_S5_ffi' for 'sm_86'
ptxas info    : Function properties for _Z26kOptimizerStatic8bit2StateIfLi0EEvPT_S1_PhS2_PKffffffifPfS5_S5_S5_S5_S5_ffi
    0 bytes stack frame, 0 bytes spill stores, 0 bytes spill loads
ptxas info    : Used 64 registers, used 1 barriers, 484 bytes cmem[0]
ptxas info    : Compile time = 38.144 ms
ptxas info    : Compiling entry function '_Z26kOptimizerStatic8bit2StateI6__halfLi0EEvPT_S2_PhS3_PKffffffifPfS6_S6_S6_S6_S6_ffi' for 'sm_86'
ptxas info    : Function properties for _Z26kOptimizerStatic8bit2StateI6__halfLi0EEvPT_S2_PhS3_PKffffffifPfS6_S6_S6_S6_S6_ffi
    0 bytes stack frame, 0 bytes spill stores, 0 bytes spill loads
ptxas info    : Used 64 registers, used 1 barriers, 484 bytes cmem[0]
ptxas info    : Compile time = 39.497 ms
ptxas info    : Compiling entry function '_Z38kPreconditionOptimizerStatic8bit2StateIfLi0EEvPT_S1_PhS2_PffffiS3_S3_S3_S3_S3_S3_fi' for 'sm_86'
ptxas info    : Function properties for _Z38kPreconditionOptimizerStatic8bit2StateIfLi0EEvPT_S1_PhS2_PffffiS3_S3_S3_S3_S3_S3_fi
    0 bytes stack frame, 0 bytes spill stores, 0 bytes spill loads
ptxas info    : Used 109 registers, used 1 barriers, 464 bytes cmem[0]
ptxas info    : Compile time = 37.151 ms
ptxas info    : Compiling entry function '_Z38kPreconditionOptimizerStatic8bit2StateI6__halfLi0EEvPT_S2_PhS3_PffffiS4_S4_S4_S4_S4_S4_fi' for 'sm_86'
ptxas info    : Function properties for _Z38kPreconditionOptimizerStatic8bit2StateI6__halfLi0EEvPT_S2_PhS3_PffffiS4_S4_S4_S4_S4_S4_fi
    0 bytes stack frame, 0 bytes spill stores, 0 bytes spill loads
ptxas info    : Used 110 registers, used 1 barriers, 464 bytes cmem[0]
ptxas info    : Compile time = 39.582 ms
ptxas info    : Compiling entry function '_Z26kOptimizerStatic8bit1StateIfLi5EEvPT_S1_PhPKffffffifPfS5_S5_ffi' for 'sm_86'
ptxas info    : Function properties for _Z26kOptimizerStatic8bit1StateIfLi5EEvPT_S1_PhPKffffffifPfS5_S5_ffi
    0 bytes stack frame, 0 bytes spill stores, 0 bytes spill loads
ptxas info    : Used 63 registers, used 1 barriers, 452 bytes cmem[0]
ptxas info    : Compile time = 35.883 ms
ptxas info    : Compiling entry function '_Z26kOptimizerStatic8bit1StateI6__halfLi5EEvPT_S2_PhPKffffffifPfS6_S6_ffi' for 'sm_86'
ptxas info    : Function properties for _Z26kOptimizerStatic8bit1StateI6__halfLi5EEvPT_S2_PhPKffffffifPfS6_S6_ffi
    0 bytes stack frame, 0 bytes spill stores, 0 bytes spill loads
ptxas info    : Used 64 registers, used 1 barriers, 452 bytes cmem[0]
ptxas info    : Compile time = 37.493 ms
ptxas info    : Compiling entry function '_Z26kOptimizerStatic8bit1StateIfLi2EEvPT_S1_PhPKffffffifPfS5_S5_ffi' for 'sm_86'
ptxas info    : Function properties for _Z26kOptimizerStatic8bit1StateIfLi2EEvPT_S1_PhPKffffffifPfS5_S5_ffi
    0 bytes stack frame, 0 bytes spill stores, 0 bytes spill loads
ptxas info    : Used 62 registers, used 1 barriers, 452 bytes cmem[0]
ptxas info    : Compile time = 35.141 ms
ptxas info    : Compiling entry function '_Z26kOptimizerStatic8bit1StateI6__halfLi2EEvPT_S2_PhPKffffffifPfS6_S6_ffi' for 'sm_86'
ptxas info    : Function properties for _Z26kOptimizerStatic8bit1StateI6__halfLi2EEvPT_S2_PhPKffffffifPfS6_S6_ffi
    0 bytes stack frame, 0 bytes spill stores, 0 bytes spill loads
ptxas info    : Used 63 registers, used 1 barriers, 452 bytes cmem[0]
ptxas info    : Compile time = 36.286 ms
ptxas info    : Compiling entry function '_Z26kOptimizerStatic8bit1StateIfLi1EEvPT_S1_PhPKffffffifPfS5_S5_ffi' for 'sm_86'
ptxas info    : Function properties for _Z26kOptimizerStatic8bit1StateIfLi1EEvPT_S1_PhPKffffffifPfS5_S5_ffi
    0 bytes stack frame, 0 bytes spill stores, 0 bytes spill loads
ptxas info    : Used 63 registers, used 1 barriers, 452 bytes cmem[0]
ptxas info    : Compile time = 32.878 ms
ptxas info    : Compiling entry function '_Z26kOptimizerStatic8bit1StateI6__halfLi1EEvPT_S2_PhPKffffffifPfS6_S6_ffi' for 'sm_86'
ptxas info    : Function properties for _Z26kOptimizerStatic8bit1StateI6__halfLi1EEvPT_S2_PhPKffffffifPfS6_S6_ffi
    0 bytes stack frame, 0 bytes spill stores, 0 bytes spill loads
ptxas info    : Used 64 registers, used 1 barriers, 452 bytes cmem[0]
ptxas info    : Compile time = 36.076 ms
ptxas info    : Compiling entry function '_Z38kPreconditionOptimizerStatic8bit1StateIfLi5EEvPT_S1_PhPffffiS3_S3_S3_ffi' for 'sm_86'
ptxas info    : Function properties for _Z38kPreconditionOptimizerStatic8bit1StateIfLi5EEvPT_S1_PhPffffiS3_S3_S3_ffi
    0 bytes stack frame, 0 bytes spill stores, 0 bytes spill loads
ptxas info    : Used 80 registers, used 1 barriers, 436 bytes cmem[0]
ptxas info    : Compile time = 21.917 ms
ptxas info    : Compiling entry function '_Z38kPreconditionOptimizerStatic8bit1StateI6__halfLi5EEvPT_S2_PhPffffiS4_S4_S4_ffi' for 'sm_86'
ptxas info    : Function properties for _Z38kPreconditionOptimizerStatic8bit1StateI6__halfLi5EEvPT_S2_PhPffffiS4_S4_S4_ffi
    0 bytes stack frame, 0 bytes spill stores, 0 bytes spill loads
ptxas info    : Used 77 registers, used 1 barriers, 436 bytes cmem[0]
ptxas info    : Compile time = 22.438 ms
ptxas info    : Compiling entry function '_Z38kPreconditionOptimizerStatic8bit1StateIfLi2EEvPT_S1_PhPffffiS3_S3_S3_ffi' for 'sm_86'
ptxas info    : Function properties for _Z38kPreconditionOptimizerStatic8bit1StateIfLi2EEvPT_S1_PhPffffiS3_S3_S3_ffi
    0 bytes stack frame, 0 bytes spill stores, 0 bytes spill loads
ptxas info    : Used 80 registers, used 1 barriers, 436 bytes cmem[0]
ptxas info    : Compile time = 22.025 ms
ptxas info    : Compiling entry function '_Z38kPreconditionOptimizerStatic8bit1StateI6__halfLi2EEvPT_S2_PhPffffiS4_S4_S4_ffi' for 'sm_86'
ptxas info    : Function properties for _Z38kPreconditionOptimizerStatic8bit1StateI6__halfLi2EEvPT_S2_PhPffffiS4_S4_S4_ffi
    0 bytes stack frame, 0 bytes spill stores, 0 bytes spill loads
ptxas info    : Used 77 registers, used 1 barriers, 436 bytes cmem[0]
ptxas info    : Compile time = 22.876 ms
ptxas info    : Compiling entry function '_Z38kPreconditionOptimizerStatic8bit1StateIfLi1EEvPT_S1_PhPffffiS3_S3_S3_ffi' for 'sm_86'
ptxas info    : Function properties for _Z38kPreconditionOptimizerStatic8bit1StateIfLi1EEvPT_S1_PhPffffiS3_S3_S3_ffi
    0 bytes stack frame, 0 bytes spill stores, 0 bytes spill loads
ptxas info    : Used 64 registers, used 1 barriers, 436 bytes cmem[0]
ptxas info    : Compile time = 24.533 ms
ptxas info    : Compiling entry function '_Z38kPreconditionOptimizerStatic8bit1StateI6__halfLi1EEvPT_S2_PhPffffiS4_S4_S4_ffi' for 'sm_86'
ptxas info    : Function properties for _Z38kPreconditionOptimizerStatic8bit1StateI6__halfLi1EEvPT_S2_PhPffffiS4_S4_S4_ffi
    0 bytes stack frame, 0 bytes spill stores, 0 bytes spill loads
ptxas info    : Used 64 registers, used 1 barriers, 436 bytes cmem[0]
ptxas info    : Compile time = 26.202 ms
ptxas info    : Compiling entry function '_Z21kOptimizer32bit2StateI13__nv_bfloat16Li0EEvPT_S2_PfS3_S3_ffffffiffbi' for 'sm_86'
ptxas info    : Function properties for _Z21kOptimizer32bit2StateI13__nv_bfloat16Li0EEvPT_S2_PfS3_S3_ffffffiffbi
    0 bytes stack frame, 0 bytes spill stores, 0 bytes spill loads
ptxas info    : Used 48 registers, used 1 barriers, 436 bytes cmem[0]
ptxas info    : Compile time = 13.819 ms
ptxas info    : Compiling entry function '_Z21kOptimizer32bit2StateI6__halfLi0EEvPT_S2_PfS3_S3_ffffffiffbi' for 'sm_86'
ptxas info    : Function properties for _Z21kOptimizer32bit2StateI6__halfLi0EEvPT_S2_PfS3_S3_ffffffiffbi
    0 bytes stack frame, 0 bytes spill stores, 0 bytes spill loads
ptxas info    : Used 48 registers, used 1 barriers, 436 bytes cmem[0]
ptxas info    : Compile time = 13.865 ms
ptxas info    : Compiling entry function '_Z21kOptimizer32bit2StateIfLi0EEvPT_S1_PfS2_S2_ffffffiffbi' for 'sm_86'
ptxas info    : Function properties for _Z21kOptimizer32bit2StateIfLi0EEvPT_S1_PfS2_S2_ffffffiffbi
    0 bytes stack frame, 0 bytes spill stores, 0 bytes spill loads
ptxas info    : Used 48 registers, used 1 barriers, 436 bytes cmem[0]
ptxas info    : Compile time = 12.112 ms
ptxas info    : Compiling entry function '_Z33kPreconditionOptimizer32bit2StateI13__nv_bfloat16Li0ELi4096ELi8EEvPT_S2_PfS3_S3_ffffiffi' for 'sm_86'
ptxas info    : Function properties for _Z33kPreconditionOptimizer32bit2StateI13__nv_bfloat16Li0ELi4096ELi8EEvPT_S2_PfS3_S3_ffffiffi
    0 bytes stack frame, 0 bytes spill stores, 0 bytes spill loads
ptxas info    : Used 56 registers, used 1 barriers, 424 bytes cmem[0]
ptxas info    : Compile time = 12.170 ms
ptxas info    : Compiling entry function '_Z33kPreconditionOptimizer32bit2StateI6__halfLi0ELi4096ELi8EEvPT_S2_PfS3_S3_ffffiffi' for 'sm_86'
ptxas info    : Function properties for _Z33kPreconditionOptimizer32bit2StateI6__halfLi0ELi4096ELi8EEvPT_S2_PfS3_S3_ffffiffi
    0 bytes stack frame, 0 bytes spill stores, 0 bytes spill loads
ptxas info    : Used 56 registers, used 1 barriers, 424 bytes cmem[0]
ptxas info    : Compile time = 12.199 ms
ptxas info    : Compiling entry function '_Z33kPreconditionOptimizer32bit2StateIfLi0ELi4096ELi8EEvPT_S1_PfS2_S2_ffffiffi' for 'sm_86'
ptxas info    : Function properties for _Z33kPreconditionOptimizer32bit2StateIfLi0ELi4096ELi8EEvPT_S1_PfS2_S2_ffffiffi
    0 bytes stack frame, 0 bytes spill stores, 0 bytes spill loads
ptxas info    : Used 56 registers, used 1 barriers, 424 bytes cmem[0]
ptxas info    : Compile time = 11.040 ms
ptxas info    : Compiling entry function '_Z21kOptimizer32bit1StateIfLi4EEvPT_S1_PfS2_ffffffiffbi' for 'sm_86'
ptxas info    : Function properties for _Z21kOptimizer32bit1StateIfLi4EEvPT_S1_PfS2_ffffffiffbi
    0 bytes stack frame, 0 bytes spill stores, 0 bytes spill loads
ptxas info    : Used 40 registers, used 1 barriers, 428 bytes cmem[0]
ptxas info    : Compile time = 8.220 ms
ptxas info    : Compiling entry function '_Z21kOptimizer32bit1StateI6__halfLi4EEvPT_S2_PfS3_ffffffiffbi' for 'sm_86'
ptxas info    : Function properties for _Z21kOptimizer32bit1StateI6__halfLi4EEvPT_S2_PfS3_ffffffiffbi
    0 bytes stack frame, 0 bytes spill stores, 0 bytes spill loads
ptxas info    : Used 40 registers, used 1 barriers, 428 bytes cmem[0]
ptxas info    : Compile time = 9.630 ms
ptxas info    : Compiling entry function '_Z21kOptimizer32bit1StateI13__nv_bfloat16Li5EEvPT_S2_PfS3_ffffffiffbi' for 'sm_86'
ptxas info    : Function properties for _Z21kOptimizer32bit1StateI13__nv_bfloat16Li5EEvPT_S2_PfS3_ffffffiffbi
    0 bytes stack frame, 0 bytes spill stores, 0 bytes spill loads
ptxas info    : Used 40 registers, used 1 barriers, 428 bytes cmem[0]
ptxas info    : Compile time = 10.977 ms
ptxas info    : Compiling entry function '_Z21kOptimizer32bit1StateIfLi5EEvPT_S1_PfS2_ffffffiffbi' for 'sm_86'
ptxas info    : Function properties for _Z21kOptimizer32bit1StateIfLi5EEvPT_S1_PfS2_ffffffiffbi
    0 bytes stack frame, 0 bytes spill stores, 0 bytes spill loads
ptxas info    : Used 40 registers, used 1 barriers, 428 bytes cmem[0]
ptxas info    : Compile time = 9.730 ms
ptxas info    : Compiling entry function '_Z21kOptimizer32bit1StateI6__halfLi5EEvPT_S2_PfS3_ffffffiffbi' for 'sm_86'
ptxas info    : Function properties for _Z21kOptimizer32bit1StateI6__halfLi5EEvPT_S2_PfS3_ffffffiffbi
    0 bytes stack frame, 0 bytes spill stores, 0 bytes spill loads
ptxas info    : Used 40 registers, used 1 barriers, 428 bytes cmem[0]
ptxas info    : Compile time = 11.033 ms
ptxas info    : Compiling entry function '_Z21kOptimizer32bit1StateIfLi2EEvPT_S1_PfS2_ffffffiffbi' for 'sm_86'
ptxas info    : Function properties for _Z21kOptimizer32bit1StateIfLi2EEvPT_S1_PfS2_ffffffiffbi
    0 bytes stack frame, 0 bytes spill stores, 0 bytes spill loads
ptxas info    : Used 40 registers, used 1 barriers, 428 bytes cmem[0]
ptxas info    : Compile time = 9.161 ms
ptxas info    : Compiling entry function '_Z21kOptimizer32bit1StateI6__halfLi2EEvPT_S2_PfS3_ffffffiffbi' for 'sm_86'
ptxas info    : Function properties for _Z21kOptimizer32bit1StateI6__halfLi2EEvPT_S2_PfS3_ffffffiffbi
    0 bytes stack frame, 0 bytes spill stores, 0 bytes spill loads
ptxas info    : Used 40 registers, used 1 barriers, 428 bytes cmem[0]
ptxas info    : Compile time = 10.436 ms
ptxas info    : Compiling entry function '_Z21kOptimizer32bit1StateIfLi1EEvPT_S1_PfS2_ffffffiffbi' for 'sm_86'
ptxas info    : Function properties for _Z21kOptimizer32bit1StateIfLi1EEvPT_S1_PfS2_ffffffiffbi
    0 bytes stack frame, 0 bytes spill stores, 0 bytes spill loads
ptxas info    : Used 40 registers, used 1 barriers, 428 bytes cmem[0]
ptxas info    : Compile time = 8.549 ms
ptxas info    : Compiling entry function '_Z21kOptimizer32bit1StateI6__halfLi1EEvPT_S2_PfS3_ffffffiffbi' for 'sm_86'
ptxas info    : Function properties for _Z21kOptimizer32bit1StateI6__halfLi1EEvPT_S2_PfS3_ffffffiffbi
    0 bytes stack frame, 0 bytes spill stores, 0 bytes spill loads
ptxas info    : Used 40 registers, used 1 barriers, 428 bytes cmem[0]
ptxas info    : Compile time = 10.237 ms
ptxas info    : Compiling entry function '_Z33kPreconditionOptimizer32bit1StateIfLi4ELi4096ELi8EEvPT_S1_PfS2_ffffiffi' for 'sm_86'
ptxas info    : Function properties for _Z33kPreconditionOptimizer32bit1StateIfLi4ELi4096ELi8EEvPT_S1_PfS2_ffffiffi
    0 bytes stack frame, 0 bytes spill stores, 0 bytes spill loads
ptxas info    : Used 42 registers, used 1 barriers, 416 bytes cmem[0]
ptxas info    : Compile time = 12.687 ms
ptxas info    : Compiling entry function '_Z33kPreconditionOptimizer32bit1StateI6__halfLi4ELi4096ELi8EEvPT_S2_PfS3_ffffiffi' for 'sm_86'
ptxas info    : Function properties for _Z33kPreconditionOptimizer32bit1StateI6__halfLi4ELi4096ELi8EEvPT_S2_PfS3_ffffiffi
    0 bytes stack frame, 0 bytes spill stores, 0 bytes spill loads
ptxas info    : Used 44 registers, used 1 barriers, 416 bytes cmem[0]
ptxas info    : Compile time = 13.670 ms
ptxas info    : Compiling entry function '_Z33kPreconditionOptimizer32bit1StateI13__nv_bfloat16Li5ELi4096ELi8EEvPT_S2_PfS3_ffffiffi' for 'sm_86'
ptxas info    : Function properties for _Z33kPreconditionOptimizer32bit1StateI13__nv_bfloat16Li5ELi4096ELi8EEvPT_S2_PfS3_ffffiffi
    0 bytes stack frame, 0 bytes spill stores, 0 bytes spill loads
ptxas info    : Used 44 registers, used 1 barriers, 416 bytes cmem[0]
ptxas info    : Compile time = 13.127 ms
ptxas info    : Compiling entry function '_Z33kPreconditionOptimizer32bit1StateIfLi5ELi4096ELi8EEvPT_S1_PfS2_ffffiffi' for 'sm_86'
ptxas info    : Function properties for _Z33kPreconditionOptimizer32bit1StateIfLi5ELi4096ELi8EEvPT_S1_PfS2_ffffiffi
    0 bytes stack frame, 0 bytes spill stores, 0 bytes spill loads
ptxas info    : Used 42 registers, used 1 barriers, 416 bytes cmem[0]
ptxas info    : Compile time = 12.157 ms
ptxas info    : Compiling entry function '_Z33kPreconditionOptimizer32bit1StateI6__halfLi5ELi4096ELi8EEvPT_S2_PfS3_ffffiffi' for 'sm_86'
ptxas info    : Function properties for _Z33kPreconditionOptimizer32bit1StateI6__halfLi5ELi4096ELi8EEvPT_S2_PfS3_ffffiffi
    0 bytes stack frame, 0 bytes spill stores, 0 bytes spill loads
ptxas info    : Used 44 registers, used 1 barriers, 416 bytes cmem[0]
ptxas info    : Compile time = 13.162 ms
ptxas info    : Compiling entry function '_Z33kPreconditionOptimizer32bit1StateIfLi2ELi4096ELi8EEvPT_S1_PfS2_ffffiffi' for 'sm_86'
ptxas info    : Function properties for _Z33kPreconditionOptimizer32bit1StateIfLi2ELi4096ELi8EEvPT_S1_PfS2_ffffiffi
    0 bytes stack frame, 0 bytes spill stores, 0 bytes spill loads
ptxas info    : Used 44 registers, used 1 barriers, 416 bytes cmem[0]
ptxas info    : Compile time = 12.899 ms
ptxas info    : Compiling entry function '_Z33kPreconditionOptimizer32bit1StateI6__halfLi2ELi4096ELi8EEvPT_S2_PfS3_ffffiffi' for 'sm_86'
ptxas info    : Function properties for _Z33kPreconditionOptimizer32bit1StateI6__halfLi2ELi4096ELi8EEvPT_S2_PfS3_ffffiffi
    0 bytes stack frame, 0 bytes spill stores, 0 bytes spill loads
ptxas info    : Used 44 registers, used 1 barriers, 416 bytes cmem[0]
ptxas info    : Compile time = 13.975 ms
ptxas info    : Compiling entry function '_Z33kPreconditionOptimizer32bit1StateIfLi1ELi4096ELi8EEvPT_S1_PfS2_ffffiffi' for 'sm_86'
ptxas info    : Function properties for _Z33kPreconditionOptimizer32bit1StateIfLi1ELi4096ELi8EEvPT_S1_PfS2_ffffiffi
    0 bytes stack frame, 0 bytes spill stores, 0 bytes spill loads
ptxas info    : Used 46 registers, used 1 barriers, 416 bytes cmem[0]
ptxas info    : Compile time = 12.932 ms
ptxas info    : Compiling entry function '_Z33kPreconditionOptimizer32bit1StateI6__halfLi1ELi4096ELi8EEvPT_S2_PfS3_ffffiffi' for 'sm_86'
ptxas info    : Function properties for _Z33kPreconditionOptimizer32bit1StateI6__halfLi1ELi4096ELi8EEvPT_S2_PfS3_ffffiffi
    0 bytes stack frame, 0 bytes spill stores, 0 bytes spill loads
ptxas info    : Used 45 registers, used 1 barriers, 416 bytes cmem[0]
ptxas info    : Compile time = 13.538 ms
ptxas info    : Compiling entry function '_Z18kEstimateQuantilesI6__halfEvPT_PffS1_i' for 'sm_86'
ptxas info    : Function properties for _Z18kEstimateQuantilesI6__halfEvPT_PffS1_i
    16 bytes stack frame, 0 bytes spill stores, 0 bytes spill loads
ptxas info    : Used 81 registers, used 1 barriers, 380 bytes cmem[0]
ptxas info    : Compile time = 25.958 ms
ptxas info    : Compiling entry function '_Z18kEstimateQuantilesIfEvPT_PffS0_i' for 'sm_86'
ptxas info    : Function properties for _Z18kEstimateQuantilesIfEvPT_PffS0_i
    32 bytes stack frame, 0 bytes spill stores, 0 bytes spill loads
ptxas info    : Used 83 registers, used 1 barriers, 380 bytes cmem[0]
ptxas info    : Compile time = 23.327 ms
ptxas info    : Compiling entry function '_Z18kDoubleRowColQuantILi64ELi4ELi16ELi256ELi1EEvP6__halfPfS2_PcS3_PiS4_S1_S4_fiii' for 'sm_86'
ptxas info    : Function properties for _Z18kDoubleRowColQuantILi64ELi4ELi16ELi256ELi1EEvP6__halfPfS2_PcS3_PiS4_S1_S4_fiii
    0 bytes stack frame, 0 bytes spill stores, 0 bytes spill loads
ptxas info    : Used 40 registers, used 1 barriers, 440 bytes cmem[0]
ptxas info    : Compile time = 7.214 ms
ptxas info    : Compiling entry function '_Z18kDoubleRowColQuantILi64ELi4ELi16ELi256ELi0EEvP6__halfPfS2_PcS3_PiS4_S1_S4_fiii' for 'sm_86'
ptxas info    : Function properties for _Z18kDoubleRowColQuantILi64ELi4ELi16ELi256ELi0EEvP6__halfPfS2_PcS3_PiS4_S1_S4_fiii
    0 bytes stack frame, 0 bytes spill stores, 0 bytes spill loads
ptxas info    : Used 36 registers, used 1 barriers, 440 bytes cmem[0]
ptxas info    : Compile time = 5.115 ms
ptxas info    : Compiling entry function '_Z22kdequant_mm_int32_fp16ILi4ELi128ELi512EEvPiPfS1_P6__halfS1_S1_S3_iiii' for 'sm_86'
ptxas info    : Function properties for _Z22kdequant_mm_int32_fp16ILi4ELi128ELi512EEvPiPfS1_P6__halfS1_S1_S3_iiii
    0 bytes stack frame, 0 bytes spill stores, 0 bytes spill loads
ptxas info    : Used 37 registers, used 1 barriers, 424 bytes cmem[0]
ptxas info    : Compile time = 6.779 ms
ptxas info    : Compiling entry function '_Z21kTransformRowToFormatILi256ELi8ELi32ELi256ELi1ELi4EEvPcS0_iiiii' for 'sm_86'
ptxas info    : Function properties for _Z21kTransformRowToFormatILi256ELi8ELi32ELi256ELi1ELi4EEvPcS0_iiiii
    0 bytes stack frame, 0 bytes spill stores, 0 bytes spill loads
ptxas info    : Used 31 registers, used 1 barriers, 388 bytes cmem[0]
ptxas info    : Compile time = 7.217 ms
ptxas info    : Compiling entry function '_Z21kTransformRowToFormatILi256ELi8ELi32ELi256ELi0ELi4EEvPcS0_iiiii' for 'sm_86'
ptxas info    : Function properties for _Z21kTransformRowToFormatILi256ELi8ELi32ELi256ELi0ELi4EEvPcS0_iiiii
    0 bytes stack frame, 0 bytes spill stores, 0 bytes spill loads
ptxas info    : Used 40 registers, used 1 barriers, 388 bytes cmem[0]
ptxas info    : Compile time = 6.599 ms
ptxas info    : Compiling entry function '_Z21kTransformRowToFormatILi256ELi8ELi32ELi256ELi1ELi3EEvPcS0_iiiii' for 'sm_86'
ptxas info    : Function properties for _Z21kTransformRowToFormatILi256ELi8ELi32ELi256ELi1ELi3EEvPcS0_iiiii
    0 bytes stack frame, 0 bytes spill stores, 0 bytes spill loads
ptxas info    : Used 30 registers, used 1 barriers, 388 bytes cmem[0]
ptxas info    : Compile time = 7.090 ms
ptxas info    : Compiling entry function '_Z21kTransformRowToFormatILi256ELi8ELi32ELi256ELi0ELi3EEvPcS0_iiiii' for 'sm_86'
ptxas info    : Function properties for _Z21kTransformRowToFormatILi256ELi8ELi32ELi256ELi0ELi3EEvPcS0_iiiii
    0 bytes stack frame, 0 bytes spill stores, 0 bytes spill loads
ptxas info    : Used 32 registers, used 1 barriers, 388 bytes cmem[0]
ptxas info    : Compile time = 7.638 ms
ptxas info    : Compiling entry function '_Z21kTransformRowToFormatILi256ELi8ELi32ELi256ELi1ELi2EEvPcS0_iiiii' for 'sm_86'
ptxas info    : Function properties for _Z21kTransformRowToFormatILi256ELi8ELi32ELi256ELi1ELi2EEvPcS0_iiiii
    0 bytes stack frame, 0 bytes spill stores, 0 bytes spill loads
ptxas info    : Used 40 registers, used 1 barriers, 388 bytes cmem[0]
ptxas info    : Compile time = 6.472 ms
ptxas info    : Compiling entry function '_Z21kTransformRowToFormatILi256ELi8ELi32ELi256ELi0ELi2EEvPcS0_iiiii' for 'sm_86'
ptxas info    : Function properties for _Z21kTransformRowToFormatILi256ELi8ELi32ELi256ELi0ELi2EEvPcS0_iiiii
    0 bytes stack frame, 0 bytes spill stores, 0 bytes spill loads
ptxas info    : Used 40 registers, used 1 barriers, 388 bytes cmem[0]
ptxas info    : Compile time = 6.112 ms
ptxas info    : Compiling entry function '_Z27kspmm_coo_very_sparse_naiveIaLi32ELi8EEvPiS0_S0_S0_S0_P6__halfPT_S2_Pfiiii' for 'sm_86'
ptxas info    : Function properties for _Z27kspmm_coo_very_sparse_naiveIaLi32ELi8EEvPiS0_S0_S0_S0_P6__halfPT_S2_Pfiiii
    192 bytes stack frame, 0 bytes spill stores, 0 bytes spill loads
ptxas info    : Used 48 registers, used 1 barriers, 440 bytes cmem[0]
ptxas info    : Compile time = 66.836 ms
ptxas info    : Compiling entry function '_Z27kspmm_coo_very_sparse_naiveIaLi16ELi8EEvPiS0_S0_S0_S0_P6__halfPT_S2_Pfiiii' for 'sm_86'
ptxas info    : Function properties for _Z27kspmm_coo_very_sparse_naiveIaLi16ELi8EEvPiS0_S0_S0_S0_P6__halfPT_S2_Pfiiii
    192 bytes stack frame, 0 bytes spill stores, 0 bytes spill loads
ptxas info    : Used 40 registers, used 1 barriers, 440 bytes cmem[0]
ptxas info    : Compile time = 38.196 ms
ptxas info    : Compiling entry function '_Z27kspmm_coo_very_sparse_naiveIaLi8ELi8EEvPiS0_S0_S0_S0_P6__halfPT_S2_Pfiiii' for 'sm_86'
ptxas info    : Function properties for _Z27kspmm_coo_very_sparse_naiveIaLi8ELi8EEvPiS0_S0_S0_S0_P6__halfPT_S2_Pfiiii
    192 bytes stack frame, 0 bytes spill stores, 0 bytes spill loads
ptxas info    : Used 39 registers, used 1 barriers, 440 bytes cmem[0]
ptxas info    : Compile time = 24.834 ms
ptxas info    : Compiling entry function '_Z27kspmm_coo_very_sparse_naiveI6__halfLi32ELi16EEvPiS1_S1_S1_S1_PS0_PT_S2_Pfiiii' for 'sm_86'
ptxas info    : Function properties for _Z27kspmm_coo_very_sparse_naiveI6__halfLi32ELi16EEvPiS1_S1_S1_S1_PS0_PT_S2_Pfiiii
    192 bytes stack frame, 0 bytes spill stores, 0 bytes spill loads
ptxas info    : Used 40 registers, used 1 barriers, 440 bytes cmem[0]
ptxas info    : Compile time = 36.476 ms
ptxas info    : Compiling entry function '_Z27kspmm_coo_very_sparse_naiveI6__halfLi16ELi16EEvPiS1_S1_S1_S1_PS0_PT_S2_Pfiiii' for 'sm_86'
ptxas info    : Function properties for _Z27kspmm_coo_very_sparse_naiveI6__halfLi16ELi16EEvPiS1_S1_S1_S1_PS0_PT_S2_Pfiiii
    192 bytes stack frame, 0 bytes spill stores, 0 bytes spill loads
ptxas info    : Used 40 registers, used 1 barriers, 440 bytes cmem[0]
ptxas info    : Compile time = 23.523 ms
ptxas info    : Compiling entry function '_Z27kspmm_coo_very_sparse_naiveI6__halfLi8ELi16EEvPiS1_S1_S1_S1_PS0_PT_S2_Pfiiii' for 'sm_86'
ptxas info    : Function properties for _Z27kspmm_coo_very_sparse_naiveI6__halfLi8ELi16EEvPiS1_S1_S1_S1_PS0_PT_S2_Pfiiii
    192 bytes stack frame, 0 bytes spill stores, 0 bytes spill loads
ptxas info    : Used 40 registers, used 1 barriers, 440 bytes cmem[0]
ptxas info    : Compile time = 17.961 ms
ptxas info    : Compiling entry function '_Z16kExtractOutliersILi4EEvPcPiS0_iiiii' for 'sm_86'
ptxas info    : Function properties for _Z16kExtractOutliersILi4EEvPcPiS0_iiiii
    0 bytes stack frame, 0 bytes spill stores, 0 bytes spill loads
ptxas info    : Used 14 registers, used 0 barriers, 396 bytes cmem[0]
ptxas info    : Compile time = 2.387 ms
ptxas info    : Compiling entry function '_Z16kExtractOutliersILi3EEvPcPiS0_iiiii' for 'sm_86'
ptxas info    : Function properties for _Z16kExtractOutliersILi3EEvPcPiS0_iiiii
    0 bytes stack frame, 0 bytes spill stores, 0 bytes spill loads
ptxas info    : Used 13 registers, used 0 barriers, 396 bytes cmem[0]
ptxas info    : Compile time = 2.397 ms
ptxas info    : Compiling entry function '_Z26kgemm_4bit_inference_naiveIfLi128ELi32EEviiiPT_PhPfPKfS1_iiii' for 'sm_86'
ptxas info    : Function properties for _Z26kgemm_4bit_inference_naiveIfLi128ELi32EEviiiPT_PhPfPKfS1_iiii
    0 bytes stack frame, 0 bytes spill stores, 0 bytes spill loads
ptxas info    : Used 40 registers, used 1 barriers, 424 bytes cmem[0]
ptxas info    : Compile time = 20.057 ms
ptxas info    : Compiling entry function '_Z26kgemm_4bit_inference_naiveI13__nv_bfloat16Li128ELi16EEviiiPT_PhPfPKfS2_iiii' for 'sm_86'
ptxas info    : Function properties for _Z26kgemm_4bit_inference_naiveI13__nv_bfloat16Li128ELi16EEviiiPT_PhPfPKfS2_iiii
    0 bytes stack frame, 0 bytes spill stores, 0 bytes spill loads
ptxas info    : Used 40 registers, used 1 barriers, 424 bytes cmem[0]
ptxas info    : Compile time = 23.142 ms
ptxas info    : Compiling entry function '_Z26kgemm_4bit_inference_naiveI6__halfLi128ELi16EEviiiPT_PhPfPKfS2_iiii' for 'sm_86'
ptxas info    : Function properties for _Z26kgemm_4bit_inference_naiveI6__halfLi128ELi16EEviiiPT_PhPfPKfS2_iiii
    0 bytes stack frame, 0 bytes spill stores, 0 bytes spill loads
ptxas info    : Used 40 registers, used 1 barriers, 424 bytes cmem[0]
ptxas info    : Compile time = 23.350 ms
ptxas info    : Compiling entry function '_Z20kgemm_4bit_inferenceI6__halfLi256EEviiiPT_PhPfS2_iiii' for 'sm_86'
ptxas info    : Function properties for _Z20kgemm_4bit_inferenceI6__halfLi256EEviiiPT_PhPfS2_iiii
    32 bytes stack frame, 0 bytes spill stores, 0 bytes spill loads
ptxas info    : Used 56 registers, used 1 barriers, 416 bytes cmem[0]
ptxas info    : Compile time = 24.082 ms
ptxas info    : Compiling entry function '_Z20kgemm_4bit_inferenceI6__halfLi160EEviiiPT_PhPfS2_iiii' for 'sm_86'
ptxas info    : Function properties for _Z20kgemm_4bit_inferenceI6__halfLi160EEviiiPT_PhPfS2_iiii
    32 bytes stack frame, 0 bytes spill stores, 0 bytes spill loads
ptxas info    : Used 56 registers, used 1 barriers, 416 bytes cmem[0]
ptxas info    : Compile time = 23.923 ms
ptxas info    : Compiling entry function '_Z20kgemm_4bit_inferenceI6__halfLi128EEviiiPT_PhPfS2_iiii' for 'sm_86'
ptxas info    : Function properties for _Z20kgemm_4bit_inferenceI6__halfLi128EEviiiPT_PhPfS2_iiii
    32 bytes stack frame, 0 bytes spill stores, 0 bytes spill loads
ptxas info    : Used 56 registers, used 1 barriers, 416 bytes cmem[0]
ptxas info    : Compile time = 24.027 ms
ptxas info    : Compiling entry function '_Z20kgemm_4bit_inferenceI6__halfLi96EEviiiPT_PhPfS2_iiii' for 'sm_86'
ptxas info    : Function properties for _Z20kgemm_4bit_inferenceI6__halfLi96EEviiiPT_PhPfS2_iiii
    32 bytes stack frame, 0 bytes spill stores, 0 bytes spill loads
ptxas info    : Used 56 registers, used 1 barriers, 416 bytes cmem[0]
ptxas info    : Compile time = 24.051 ms
ptxas info    : Compiling entry function '_Z11gemm_deviceI6__halfLi16ELi96EEviiiPT_S2_S2_iii' for 'sm_86'
ptxas info    : Function properties for _Z11gemm_deviceI6__halfLi16ELi96EEviiiPT_S2_S2_iii
    0 bytes stack frame, 0 bytes spill stores, 0 bytes spill loads
ptxas info    : Used 167 registers, used 1 barriers, 404 bytes cmem[0]
ptxas info    : Compile time = 34.980 ms
ptxas info    : Compiling entry function '_Z11gemm_deviceI6__halfLi16ELi64EEviiiPT_S2_S2_iii' for 'sm_86'
ptxas info    : Function properties for _Z11gemm_deviceI6__halfLi16ELi64EEviiiPT_S2_S2_iii
    0 bytes stack frame, 0 bytes spill stores, 0 bytes spill loads
ptxas info    : Used 167 registers, used 1 barriers, 404 bytes cmem[0]
ptxas info    : Compile time = 34.483 ms
ptxas info    : Compiling entry function '_Z11gemm_deviceI6__halfLi16ELi32EEviiiPT_S2_S2_iii' for 'sm_86'
ptxas info    : Function properties for _Z11gemm_deviceI6__halfLi16ELi32EEviiiPT_S2_S2_iii
    0 bytes stack frame, 0 bytes spill stores, 0 bytes spill loads
ptxas info    : Used 167 registers, used 1 barriers, 404 bytes cmem[0]
ptxas info    : Compile time = 34.665 ms
ptxas info    : Compiling entry function '_Z11gemm_deviceI6__halfLi16ELi128EEviiiPT_S2_S2_iii' for 'sm_86'
ptxas info    : Function properties for _Z11gemm_deviceI6__halfLi16ELi128EEviiiPT_S2_S2_iii
    0 bytes stack frame, 0 bytes spill stores, 0 bytes spill loads
ptxas info    : Used 167 registers, used 1 barriers, 404 bytes cmem[0]
ptxas info    : Compile time = 35.096 ms
ptxas info    : Compiling entry function '_Z11gemm_deviceI6__halfLi16ELi160EEviiiPT_S2_S2_iii' for 'sm_86'
ptxas info    : Function properties for _Z11gemm_deviceI6__halfLi16ELi160EEviiiPT_S2_S2_iii
    0 bytes stack frame, 0 bytes spill stores, 0 bytes spill loads
ptxas info    : Used 167 registers, used 1 barriers, 404 bytes cmem[0]
ptxas info    : Compile time = 35.001 ms
ptxas info    : Compiling entry function '_Z11gemm_deviceI6__halfLi16ELi192EEviiiPT_S2_S2_iii' for 'sm_86'
ptxas info    : Function properties for _Z11gemm_deviceI6__halfLi16ELi192EEviiiPT_S2_S2_iii
    0 bytes stack frame, 0 bytes spill stores, 0 bytes spill loads
ptxas info    : Used 167 registers, used 1 barriers, 404 bytes cmem[0]
ptxas info    : Compile time = 34.897 ms
ptxas info    : Compiling entry function '_Z11gemm_deviceI6__halfLi16ELi256EEviiiPT_S2_S2_iii' for 'sm_86'
ptxas info    : Function properties for _Z11gemm_deviceI6__halfLi16ELi256EEviiiPT_S2_S2_iii
    0 bytes stack frame, 0 bytes spill stores, 0 bytes spill loads
ptxas info    : Used 167 registers, used 1 barriers, 404 bytes cmem[0]
ptxas info    : Compile time = 34.968 ms
ptxas info    : Compiling entry function '_Z11gemm_deviceI6__halfLi32ELi96EEviiiPT_S2_S2_iii' for 'sm_86'
ptxas info    : Function properties for _Z11gemm_deviceI6__halfLi32ELi96EEviiiPT_S2_S2_iii
    0 bytes stack frame, 0 bytes spill stores, 0 bytes spill loads
ptxas info    : Used 167 registers, used 1 barriers, 404 bytes cmem[0]
ptxas info    : Compile time = 34.872 ms
ptxas info    : Compiling entry function '_Z11gemm_deviceI6__halfLi32ELi64EEviiiPT_S2_S2_iii' for 'sm_86'
ptxas info    : Function properties for _Z11gemm_deviceI6__halfLi32ELi64EEviiiPT_S2_S2_iii
    0 bytes stack frame, 0 bytes spill stores, 0 bytes spill loads
ptxas info    : Used 167 registers, used 1 barriers, 404 bytes cmem[0]
ptxas info    : Compile time = 34.923 ms
ptxas info    : Compiling entry function '_Z11gemm_deviceI6__halfLi32ELi32EEviiiPT_S2_S2_iii' for 'sm_86'
ptxas info    : Function properties for _Z11gemm_deviceI6__halfLi32ELi32EEviiiPT_S2_S2_iii
    0 bytes stack frame, 0 bytes spill stores, 0 bytes spill loads
ptxas info    : Used 167 registers, used 1 barriers, 404 bytes cmem[0]
ptxas info    : Compile time = 34.732 ms
ptxas info    : Compiling entry function '_Z11gemm_deviceI6__halfLi32ELi128EEviiiPT_S2_S2_iii' for 'sm_86'
ptxas info    : Function properties for _Z11gemm_deviceI6__halfLi32ELi128EEviiiPT_S2_S2_iii
    0 bytes stack frame, 0 bytes spill stores, 0 bytes spill loads
ptxas info    : Used 167 registers, used 1 barriers, 404 bytes cmem[0]
ptxas info    : Compile time = 34.759 ms
ptxas info    : Compiling entry function '_Z11gemm_deviceI6__halfLi32ELi160EEviiiPT_S2_S2_iii' for 'sm_86'
ptxas info    : Function properties for _Z11gemm_deviceI6__halfLi32ELi160EEviiiPT_S2_S2_iii
    0 bytes stack frame, 0 bytes spill stores, 0 bytes spill loads
ptxas info    : Used 167 registers, used 1 barriers, 404 bytes cmem[0]
ptxas info    : Compile time = 34.774 ms
ptxas info    : Compiling entry function '_Z11gemm_deviceI6__halfLi32ELi192EEviiiPT_S2_S2_iii' for 'sm_86'
ptxas info    : Function properties for _Z11gemm_deviceI6__halfLi32ELi192EEviiiPT_S2_S2_iii
    0 bytes stack frame, 0 bytes spill stores, 0 bytes spill loads
ptxas info    : Used 167 registers, used 1 barriers, 404 bytes cmem[0]
ptxas info    : Compile time = 34.586 ms
ptxas info    : Compiling entry function '_Z11gemm_deviceI6__halfLi32ELi256EEviiiPT_S2_S2_iii' for 'sm_86'
ptxas info    : Function properties for _Z11gemm_deviceI6__halfLi32ELi256EEviiiPT_S2_S2_iii
    0 bytes stack frame, 0 bytes spill stores, 0 bytes spill loads
ptxas info    : Used 167 registers, used 1 barriers, 404 bytes cmem[0]
ptxas info    : Compile time = 35.144 ms
ptxas info    : Compiling entry function '_Z5kfuncIfLi2EEvPT_S1_S0_l' for 'sm_86'
ptxas info    : Function properties for _Z5kfuncIfLi2EEvPT_S1_S0_l
    0 bytes stack frame, 0 bytes spill stores, 0 bytes spill loads
ptxas info    : Used 24 registers, used 0 barriers, 384 bytes cmem[0]
ptxas info    : Compile time = 4.368 ms
ptxas info    : Compiling entry function '_Z5kfuncIfLi1EEvPT_S1_S0_l' for 'sm_86'
ptxas info    : Function properties for _Z5kfuncIfLi1EEvPT_S1_S0_l
    0 bytes stack frame, 0 bytes spill stores, 0 bytes spill loads
ptxas info    : Used 30 registers, used 0 barriers, 384 bytes cmem[0]
ptxas info    : Compile time = 3.595 ms
ptxas info    : Compiling entry function '_Z5kfuncIhLi0EEvPT_S1_S0_l' for 'sm_86'
ptxas info    : Function properties for _Z5kfuncIhLi0EEvPT_S1_S0_l
    0 bytes stack frame, 0 bytes spill stores, 0 bytes spill loads
ptxas info    : Used 24 registers, used 0 barriers, 384 bytes cmem[0]
ptxas info    : Compile time = 3.305 ms
ptxas info    : Compiling entry function '_Z5kfuncIfLi0EEvPT_S1_S0_l' for 'sm_86'
ptxas info    : Function properties for _Z5kfuncIfLi0EEvPT_S1_S0_l
    0 bytes stack frame, 0 bytes spill stores, 0 bytes spill loads
ptxas info    : Used 24 registers, used 0 barriers, 384 bytes cmem[0]
ptxas info    : Compile time = 3.478 ms
ptxas info    : Compiling entry function '_Z15kgetColRowStatsI6__halfLi64ELi4ELi16ELi256ELi1EEvPT_PfS3_Pifiiii' for 'sm_86'
ptxas info    : Function properties for _Z15kgetColRowStatsI6__halfLi64ELi4ELi16ELi256ELi1EEvPT_PfS3_Pifiiii
    0 bytes stack frame, 0 bytes spill stores, 0 bytes spill loads
ptxas info    : Used 30 registers, used 1 barriers, 404 bytes cmem[0]
ptxas info    : Compile time = 9.493 ms
ptxas info    : Compiling entry function '_Z15kgetColRowStatsI6__halfLi64ELi4ELi16ELi256ELi0EEvPT_PfS3_Pifiiii' for 'sm_86'
ptxas info    : Function properties for _Z15kgetColRowStatsI6__halfLi64ELi4ELi16ELi256ELi0EEvPT_PfS3_Pifiiii
    0 bytes stack frame, 0 bytes spill stores, 0 bytes spill loads
ptxas info    : Used 28 registers, used 1 barriers, 404 bytes cmem[0]
ptxas info    : Compile time = 8.381 ms
ptxas info    : Compiling entry function '_Z11kDequantizePfPhS_i' for 'sm_86'
ptxas info    : Function properties for _Z11kDequantizePfPhS_i
    0 bytes stack frame, 0 bytes spill stores, 0 bytes spill loads
ptxas info    : Used 12 registers, used 1 barriers, 1024 bytes smem, 380 bytes cmem[0]
ptxas info    : Compile time = 2.052 ms
ptxas info    : Compiling entry function '_Z9kQuantizePfS_Phi' for 'sm_86'
ptxas info    : Function properties for _Z9kQuantizePfS_Phi
    0 bytes stack frame, 0 bytes spill stores, 0 bytes spill loads
ptxas info    : Used 51 registers, used 1 barriers, 21520 bytes smem, 380 bytes cmem[0]
ptxas info    : Compile time = 12.131 ms
ptxas info    : Compiling entry function '_Z22kHistogramScatterAdd2DPfPiS0_S_ii' for 'sm_86'
ptxas info    : Function properties for _Z22kHistogramScatterAdd2DPfPiS0_S_ii
    0 bytes stack frame, 0 bytes spill stores, 0 bytes spill loads
ptxas info    : Used 14 registers, used 0 barriers, 392 bytes cmem[0]
ptxas info    : Compile time = 1.863 ms
ptxas info    : Function properties for _Z9dQuantizeILi1EEhPfff
    0 bytes stack frame, 0 bytes spill stores, 0 bytes spill loads
ptxas info    : Compile time = 3.133 ms
ptxas info    : Function properties for _Z12printnonzeroI6__halfEvPT_iPKc
    32 bytes stack frame, 8 bytes spill stores, 8 bytes spill loads
ptxas info    : Compile time = 4.569 ms
ptxas info    : Function properties for _Z12printnonzeroIfEvPT_iPKc
    32 bytes stack frame, 8 bytes spill stores, 8 bytes spill loads
ptxas info    : Compile time = 4.441 ms
ptxas info    : Function properties for _Z9dQuantizeILi0EEhPfff
    0 bytes stack frame, 0 bytes spill stores, 0 bytes spill loads
ptxas info    : Compile time = 3.150 ms
ptxas info    : Function properties for _Z12dQuantizeNF4f
    0 bytes stack frame, 0 bytes spill stores, 0 bytes spill loads
ptxas info    : Compile time = 2.047 ms
ptxas info    : Function properties for _Z14dDequantizeNF4h
    0 bytes stack frame, 0 bytes spill stores, 0 bytes spill loads
ptxas info    : Compile time = 2.024 ms
ptxas info    : Function properties for _Z15dhDequantizeNF4h
    0 bytes stack frame, 0 bytes spill stores, 0 bytes spill loads
ptxas info    : Compile time = 2.311 ms
ptxas info    : Function properties for _Z12dQuantizeFP4f
    0 bytes stack frame, 0 bytes spill stores, 0 bytes spill loads
ptxas info    : Compile time = 1.809 ms
ptxas info    : Function properties for _Z18dDequantizeFP4Treehf
    0 bytes stack frame, 0 bytes spill stores, 0 bytes spill loads
ptxas info    : Compile time = 1.913 ms
ptxas info    : Function properties for _Z15d2DequantizeFP4h
    0 bytes stack frame, 0 bytes spill stores, 0 bytes spill loads
ptxas info    : Compile time = 1.733 ms
ptxas info    : Function properties for _Z14dDequantizeFP4hf
    0 bytes stack frame, 0 bytes spill stores, 0 bytes spill loads
ptxas info    : Compile time = 1.796 ms
ptxas info    : Function properties for _Z9atomicMinPff
    0 bytes stack frame, 0 bytes spill stores, 0 bytes spill loads
ptxas info    : Compile time = 1.644 ms
ptxas info    : Function properties for _Z9atomicMaxPff
    0 bytes stack frame, 0 bytes spill stores, 0 bytes spill loads
ptxas info    : Compile time = 1.609 ms
ptxas warning : Value of threads per SM for entry _Z9kQuantizePfS_Phi is out of range. .minnctapersm will be ignored
ptxas info    : 124 bytes gmem
ptxas info    : Compiling entry function '_ZN3cub33CUB_200700_750_800_860_890_900_NS11EmptyKernelIvEEvv' for 'sm_89'
ptxas info    : Function properties for _ZN3cub33CUB_200700_750_800_860_890_900_NS11EmptyKernelIvEEvv
    0 bytes stack frame, 0 bytes spill stores, 0 bytes spill loads
ptxas info    : Used 4 registers, used 0 barriers, 352 bytes cmem[0]
ptxas info    : Compile time = 2.117 ms
ptxas info    : Compiling entry function '_Z35kOptimizerStatic8bit1StateBlockwiseI6__halfLi4ELi2048ELi8EEvPT_S2_PhfffifPfS4_ffbi' for 'sm_89'
ptxas info    : Function properties for _Z35kOptimizerStatic8bit1StateBlockwiseI6__halfLi4ELi2048ELi8EEvPT_S2_PhfffifPfS4_ffbi
    0 bytes stack frame, 0 bytes spill stores, 0 bytes spill loads
ptxas info    : Used 76 registers, used 1 barriers, 432 bytes cmem[0]
ptxas info    : Compile time = 58.047 ms
ptxas info    : Compiling entry function '_Z35kOptimizerStatic8bit1StateBlockwiseIfLi4ELi2048ELi8EEvPT_S1_PhfffifPfS3_ffbi' for 'sm_89'
ptxas info    : Function properties for _Z35kOptimizerStatic8bit1StateBlockwiseIfLi4ELi2048ELi8EEvPT_S1_PhfffifPfS3_ffbi
    0 bytes stack frame, 0 bytes spill stores, 0 bytes spill loads
ptxas info    : Used 72 registers, used 1 barriers, 432 bytes cmem[0]
ptxas info    : Compile time = 51.783 ms
ptxas info    : Compiling entry function '_Z35kOptimizerStatic8bit1StateBlockwiseI13__nv_bfloat16Li5ELi2048ELi8EEvPT_S2_PhfffifPfS4_ffbi' for 'sm_89'
ptxas info    : Function properties for _Z35kOptimizerStatic8bit1StateBlockwiseI13__nv_bfloat16Li5ELi2048ELi8EEvPT_S2_PhfffifPfS4_ffbi
    0 bytes stack frame, 0 bytes spill stores, 0 bytes spill loads
ptxas info    : Used 77 registers, used 1 barriers, 432 bytes cmem[0]
ptxas info    : Compile time = 64.537 ms
ptxas info    : Compiling entry function '_Z35kOptimizerStatic8bit1StateBlockwiseI6__halfLi5ELi2048ELi8EEvPT_S2_PhfffifPfS4_ffbi' for 'sm_89'
ptxas info    : Function properties for _Z35kOptimizerStatic8bit1StateBlockwiseI6__halfLi5ELi2048ELi8EEvPT_S2_PhfffifPfS4_ffbi
    0 bytes stack frame, 0 bytes spill stores, 0 bytes spill loads
ptxas info    : Used 77 registers, used 1 barriers, 432 bytes cmem[0]
ptxas info    : Compile time = 64.384 ms
ptxas info    : Compiling entry function '_Z35kOptimizerStatic8bit1StateBlockwiseIfLi5ELi2048ELi8EEvPT_S1_PhfffifPfS3_ffbi' for 'sm_89'
ptxas info    : Function properties for _Z35kOptimizerStatic8bit1StateBlockwiseIfLi5ELi2048ELi8EEvPT_S1_PhfffifPfS3_ffbi
    0 bytes stack frame, 0 bytes spill stores, 0 bytes spill loads
ptxas info    : Used 74 registers, used 1 barriers, 432 bytes cmem[0]
ptxas info    : Compile time = 57.946 ms
ptxas info    : Compiling entry function '_Z35kOptimizerStatic8bit1StateBlockwiseI6__halfLi2ELi2048ELi8EEvPT_S2_PhfffifPfS4_ffbi' for 'sm_89'
ptxas info    : Function properties for _Z35kOptimizerStatic8bit1StateBlockwiseI6__halfLi2ELi2048ELi8EEvPT_S2_PhfffifPfS4_ffbi
    0 bytes stack frame, 0 bytes spill stores, 0 bytes spill loads
ptxas info    : Used 76 registers, used 1 barriers, 432 bytes cmem[0]
ptxas info    : Compile time = 57.645 ms
ptxas info    : Compiling entry function '_Z35kOptimizerStatic8bit1StateBlockwiseIfLi2ELi2048ELi8EEvPT_S1_PhfffifPfS3_ffbi' for 'sm_89'
ptxas info    : Function properties for _Z35kOptimizerStatic8bit1StateBlockwiseIfLi2ELi2048ELi8EEvPT_S1_PhfffifPfS3_ffbi
    0 bytes stack frame, 0 bytes spill stores, 0 bytes spill loads
ptxas info    : Used 72 registers, used 1 barriers, 432 bytes cmem[0]
ptxas info    : Compile time = 52.744 ms
ptxas info    : Compiling entry function '_Z35kOptimizerStatic8bit1StateBlockwiseI6__halfLi1ELi2048ELi8EEvPT_S2_PhfffifPfS4_ffbi' for 'sm_89'
ptxas info    : Function properties for _Z35kOptimizerStatic8bit1StateBlockwiseI6__halfLi1ELi2048ELi8EEvPT_S2_PhfffifPfS4_ffbi
    0 bytes stack frame, 0 bytes spill stores, 0 bytes spill loads
ptxas info    : Used 76 registers, used 1 barriers, 432 bytes cmem[0]
ptxas info    : Compile time = 55.768 ms
ptxas info    : Compiling entry function '_Z35kOptimizerStatic8bit1StateBlockwiseIfLi1ELi2048ELi8EEvPT_S1_PhfffifPfS3_ffbi' for 'sm_89'
ptxas info    : Function properties for _Z35kOptimizerStatic8bit1StateBlockwiseIfLi1ELi2048ELi8EEvPT_S1_PhfffifPfS3_ffbi
    0 bytes stack frame, 0 bytes spill stores, 0 bytes spill loads
ptxas info    : Used 72 registers, used 1 barriers, 432 bytes cmem[0]
ptxas info    : Compile time = 51.422 ms
ptxas info    : Compiling entry function '_Z35kOptimizerStatic8bit2StateBlockwiseI13__nv_bfloat16Li0ELi2048ELi8EEvPT_S2_PhS3_fffifPfS4_S4_S4_ffbi' for 'sm_89'
ptxas info    : Function properties for _Z35kOptimizerStatic8bit2StateBlockwiseI13__nv_bfloat16Li0ELi2048ELi8EEvPT_S2_PhS3_fffifPfS4_S4_S4_ffbi
    0 bytes stack frame, 0 bytes spill stores, 0 bytes spill loads
ptxas info    : Used 80 registers, used 1 barriers, 456 bytes cmem[0]
ptxas info    : Compile time = 97.010 ms
ptxas info    : Compiling entry function '_Z35kOptimizerStatic8bit2StateBlockwiseI6__halfLi0ELi2048ELi8EEvPT_S2_PhS3_fffifPfS4_S4_S4_ffbi' for 'sm_89'
ptxas info    : Function properties for _Z35kOptimizerStatic8bit2StateBlockwiseI6__halfLi0ELi2048ELi8EEvPT_S2_PhS3_fffifPfS4_S4_S4_ffbi
    0 bytes stack frame, 0 bytes spill stores, 0 bytes spill loads
ptxas info    : Used 80 registers, used 1 barriers, 456 bytes cmem[0]
ptxas info    : Compile time = 97.688 ms
ptxas info    : Compiling entry function '_Z35kOptimizerStatic8bit2StateBlockwiseIfLi0ELi2048ELi8EEvPT_S1_PhS2_fffifPfS3_S3_S3_ffbi' for 'sm_89'
ptxas info    : Function properties for _Z35kOptimizerStatic8bit2StateBlockwiseIfLi0ELi2048ELi8EEvPT_S1_PhS2_fffifPfS3_S3_S3_ffbi
    0 bytes stack frame, 0 bytes spill stores, 0 bytes spill loads
ptxas info    : Used 80 registers, used 1 barriers, 456 bytes cmem[0]
ptxas info    : Compile time = 90.153 ms
ptxas info    : Compiling entry function '_Z20kDequantizeBlockwiseI13__nv_bfloat16Li512ELi64ELi8ELi2EEvPfPhS1_PT_ii' for 'sm_89'
ptxas info    : Function properties for _Z20kDequantizeBlockwiseI13__nv_bfloat16Li512ELi64ELi8ELi2EEvPfPhS1_PT_ii
    0 bytes stack frame, 0 bytes spill stores, 0 bytes spill loads
ptxas info    : Used 48 registers, used 1 barriers, 392 bytes cmem[0]
ptxas info    : Compile time = 27.126 ms
ptxas info    : Compiling entry function '_Z20kDequantizeBlockwiseI13__nv_bfloat16Li512ELi64ELi8ELi0EEvPfPhS1_PT_ii' for 'sm_89'
ptxas info    : Function properties for _Z20kDequantizeBlockwiseI13__nv_bfloat16Li512ELi64ELi8ELi0EEvPfPhS1_PT_ii
    0 bytes stack frame, 0 bytes spill stores, 0 bytes spill loads
ptxas info    : Used 40 registers, used 1 barriers, 392 bytes cmem[0]
ptxas info    : Compile time = 7.460 ms
ptxas info    : Compiling entry function '_Z20kDequantizeBlockwiseI13__nv_bfloat16Li512ELi64ELi8ELi1EEvPfPhS1_PT_ii' for 'sm_89'
ptxas info    : Function properties for _Z20kDequantizeBlockwiseI13__nv_bfloat16Li512ELi64ELi8ELi1EEvPfPhS1_PT_ii
    0 bytes stack frame, 0 bytes spill stores, 0 bytes spill loads
ptxas info    : Used 48 registers, used 1 barriers, 392 bytes cmem[0]
ptxas info    : Compile time = 18.470 ms
ptxas info    : Compiling entry function '_Z20kDequantizeBlockwiseIfLi512ELi64ELi8ELi2EEvPfPhS0_PT_ii' for 'sm_89'
ptxas info    : Function properties for _Z20kDequantizeBlockwiseIfLi512ELi64ELi8ELi2EEvPfPhS0_PT_ii
    0 bytes stack frame, 0 bytes spill stores, 0 bytes spill loads
ptxas info    : Used 48 registers, used 1 barriers, 392 bytes cmem[0]
ptxas info    : Compile time = 25.810 ms
ptxas info    : Compiling entry function '_Z20kDequantizeBlockwiseIfLi512ELi64ELi8ELi0EEvPfPhS0_PT_ii' for 'sm_89'
ptxas info    : Function properties for _Z20kDequantizeBlockwiseIfLi512ELi64ELi8ELi0EEvPfPhS0_PT_ii
    0 bytes stack frame, 0 bytes spill stores, 0 bytes spill loads
ptxas info    : Used 40 registers, used 1 barriers, 392 bytes cmem[0]
ptxas info    : Compile time = 7.005 ms
ptxas info    : Compiling entry function '_Z20kDequantizeBlockwiseIfLi512ELi64ELi8ELi1EEvPfPhS0_PT_ii' for 'sm_89'
ptxas info    : Function properties for _Z20kDequantizeBlockwiseIfLi512ELi64ELi8ELi1EEvPfPhS0_PT_ii
    0 bytes stack frame, 0 bytes spill stores, 0 bytes spill loads
ptxas info    : Used 48 registers, used 1 barriers, 392 bytes cmem[0]
ptxas info    : Compile time = 17.732 ms
ptxas info    : Compiling entry function '_Z20kDequantizeBlockwiseI6__halfLi512ELi64ELi8ELi2EEvPfPhS1_PT_ii' for 'sm_89'
ptxas info    : Function properties for _Z20kDequantizeBlockwiseI6__halfLi512ELi64ELi8ELi2EEvPfPhS1_PT_ii
    0 bytes stack frame, 0 bytes spill stores, 0 bytes spill loads
ptxas info    : Used 48 registers, used 1 barriers, 392 bytes cmem[0]
ptxas info    : Compile time = 27.241 ms
ptxas info    : Compiling entry function '_Z20kDequantizeBlockwiseI6__halfLi512ELi64ELi8ELi0EEvPfPhS1_PT_ii' for 'sm_89'
ptxas info    : Function properties for _Z20kDequantizeBlockwiseI6__halfLi512ELi64ELi8ELi0EEvPfPhS1_PT_ii
    0 bytes stack frame, 0 bytes spill stores, 0 bytes spill loads
ptxas info    : Used 40 registers, used 1 barriers, 392 bytes cmem[0]
ptxas info    : Compile time = 7.398 ms
ptxas info    : Compiling entry function '_Z20kDequantizeBlockwiseI6__halfLi512ELi64ELi8ELi1EEvPfPhS1_PT_ii' for 'sm_89'
ptxas info    : Function properties for _Z20kDequantizeBlockwiseI6__halfLi512ELi64ELi8ELi1EEvPfPhS1_PT_ii
    0 bytes stack frame, 0 bytes spill stores, 0 bytes spill loads
ptxas info    : Used 48 registers, used 1 barriers, 392 bytes cmem[0]
ptxas info    : Compile time = 18.143 ms
ptxas info    : Compiling entry function '_Z18kQuantizeBlockwiseI13__nv_bfloat16Li64ELi2ELi0ELi2EEvPfPT_S1_PhS1_ii' for 'sm_89'
ptxas info    : Function properties for _Z18kQuantizeBlockwiseI13__nv_bfloat16Li64ELi2ELi0ELi2EEvPfPT_S1_PhS1_ii
    0 bytes stack frame, 0 bytes spill stores, 0 bytes spill loads
ptxas info    : Used 24 registers, used 1 barriers, 400 bytes cmem[0]
ptxas info    : Compile time = 7.675 ms
ptxas info    : Compiling entry function '_Z18kQuantizeBlockwiseI13__nv_bfloat16Li128ELi2ELi0ELi2EEvPfPT_S1_PhS1_ii' for 'sm_89'
ptxas info    : Function properties for _Z18kQuantizeBlockwiseI13__nv_bfloat16Li128ELi2ELi0ELi2EEvPfPT_S1_PhS1_ii
    0 bytes stack frame, 0 bytes spill stores, 0 bytes spill loads
ptxas info    : Used 24 registers, used 1 barriers, 400 bytes cmem[0]
ptxas info    : Compile time = 8.204 ms
ptxas info    : Compiling entry function '_Z18kQuantizeBlockwiseI13__nv_bfloat16Li256ELi2ELi0ELi2EEvPfPT_S1_PhS1_ii' for 'sm_89'
ptxas info    : Function properties for _Z18kQuantizeBlockwiseI13__nv_bfloat16Li256ELi2ELi0ELi2EEvPfPT_S1_PhS1_ii
    0 bytes stack frame, 0 bytes spill stores, 0 bytes spill loads
ptxas info    : Used 26 registers, used 1 barriers, 400 bytes cmem[0]
ptxas info    : Compile time = 8.412 ms
ptxas info    : Compiling entry function '_Z18kQuantizeBlockwiseI13__nv_bfloat16Li512ELi2ELi0ELi2EEvPfPT_S1_PhS1_ii' for 'sm_89'
ptxas info    : Function properties for _Z18kQuantizeBlockwiseI13__nv_bfloat16Li512ELi2ELi0ELi2EEvPfPT_S1_PhS1_ii
    0 bytes stack frame, 0 bytes spill stores, 0 bytes spill loads
ptxas info    : Used 30 registers, used 1 barriers, 400 bytes cmem[0]
ptxas info    : Compile time = 8.887 ms
ptxas info    : Compiling entry function '_Z18kQuantizeBlockwiseI13__nv_bfloat16Li1024ELi4ELi0ELi2EEvPfPT_S1_PhS1_ii' for 'sm_89'
ptxas info    : Function properties for _Z18kQuantizeBlockwiseI13__nv_bfloat16Li1024ELi4ELi0ELi2EEvPfPT_S1_PhS1_ii
    0 bytes stack frame, 0 bytes spill stores, 0 bytes spill loads
ptxas info    : Used 32 registers, used 1 barriers, 400 bytes cmem[0]
ptxas info    : Compile time = 11.264 ms
ptxas info    : Compiling entry function '_Z18kQuantizeBlockwiseI13__nv_bfloat16Li2048ELi4ELi0ELi2EEvPfPT_S1_PhS1_ii' for 'sm_89'
ptxas info    : Function properties for _Z18kQuantizeBlockwiseI13__nv_bfloat16Li2048ELi4ELi0ELi2EEvPfPT_S1_PhS1_ii
    0 bytes stack frame, 0 bytes spill stores, 0 bytes spill loads
ptxas info    : Used 32 registers, used 1 barriers, 400 bytes cmem[0]
ptxas info    : Compile time = 12.284 ms
ptxas info    : Compiling entry function '_Z18kQuantizeBlockwiseI13__nv_bfloat16Li4096ELi4ELi0ELi2EEvPfPT_S1_PhS1_ii' for 'sm_89'
ptxas info    : Function properties for _Z18kQuantizeBlockwiseI13__nv_bfloat16Li4096ELi4ELi0ELi2EEvPfPT_S1_PhS1_ii
    0 bytes stack frame, 0 bytes spill stores, 0 bytes spill loads
ptxas info    : Used 32 registers, used 1 barriers, 400 bytes cmem[0]
ptxas info    : Compile time = 14.089 ms
ptxas info    : Compiling entry function '_Z18kQuantizeBlockwiseI13__nv_bfloat16Li64ELi2ELi0ELi1EEvPfPT_S1_PhS1_ii' for 'sm_89'
ptxas info    : Function properties for _Z18kQuantizeBlockwiseI13__nv_bfloat16Li64ELi2ELi0ELi1EEvPfPT_S1_PhS1_ii
    0 bytes stack frame, 0 bytes spill stores, 0 bytes spill loads
ptxas info    : Used 24 registers, used 1 barriers, 400 bytes cmem[0]
ptxas info    : Compile time = 7.279 ms
ptxas info    : Compiling entry function '_Z18kQuantizeBlockwiseI13__nv_bfloat16Li128ELi2ELi0ELi1EEvPfPT_S1_PhS1_ii' for 'sm_89'
ptxas info    : Function properties for _Z18kQuantizeBlockwiseI13__nv_bfloat16Li128ELi2ELi0ELi1EEvPfPT_S1_PhS1_ii
    0 bytes stack frame, 0 bytes spill stores, 0 bytes spill loads
ptxas info    : Used 24 registers, used 1 barriers, 400 bytes cmem[0]
ptxas info    : Compile time = 7.862 ms
ptxas info    : Compiling entry function '_Z18kQuantizeBlockwiseI13__nv_bfloat16Li256ELi2ELi0ELi1EEvPfPT_S1_PhS1_ii' for 'sm_89'
ptxas info    : Function properties for _Z18kQuantizeBlockwiseI13__nv_bfloat16Li256ELi2ELi0ELi1EEvPfPT_S1_PhS1_ii
    0 bytes stack frame, 0 bytes spill stores, 0 bytes spill loads
ptxas info    : Used 26 registers, used 1 barriers, 400 bytes cmem[0]
ptxas info    : Compile time = 8.064 ms
ptxas info    : Compiling entry function '_Z18kQuantizeBlockwiseI13__nv_bfloat16Li512ELi2ELi0ELi1EEvPfPT_S1_PhS1_ii' for 'sm_89'
ptxas info    : Function properties for _Z18kQuantizeBlockwiseI13__nv_bfloat16Li512ELi2ELi0ELi1EEvPfPT_S1_PhS1_ii
    0 bytes stack frame, 0 bytes spill stores, 0 bytes spill loads
ptxas info    : Used 30 registers, used 1 barriers, 400 bytes cmem[0]
ptxas info    : Compile time = 8.506 ms
ptxas info    : Compiling entry function '_Z18kQuantizeBlockwiseI13__nv_bfloat16Li1024ELi4ELi0ELi1EEvPfPT_S1_PhS1_ii' for 'sm_89'
ptxas info    : Function properties for _Z18kQuantizeBlockwiseI13__nv_bfloat16Li1024ELi4ELi0ELi1EEvPfPT_S1_PhS1_ii
    0 bytes stack frame, 0 bytes spill stores, 0 bytes spill loads
ptxas info    : Used 32 registers, used 1 barriers, 400 bytes cmem[0]
ptxas info    : Compile time = 10.483 ms
ptxas info    : Compiling entry function '_Z18kQuantizeBlockwiseI13__nv_bfloat16Li2048ELi4ELi0ELi1EEvPfPT_S1_PhS1_ii' for 'sm_89'
ptxas info    : Function properties for _Z18kQuantizeBlockwiseI13__nv_bfloat16Li2048ELi4ELi0ELi1EEvPfPT_S1_PhS1_ii
    0 bytes stack frame, 0 bytes spill stores, 0 bytes spill loads
ptxas info    : Used 32 registers, used 1 barriers, 400 bytes cmem[0]
ptxas info    : Compile time = 11.490 ms
ptxas info    : Compiling entry function '_Z18kQuantizeBlockwiseI13__nv_bfloat16Li4096ELi4ELi0ELi1EEvPfPT_S1_PhS1_ii' for 'sm_89'
ptxas info    : Function properties for _Z18kQuantizeBlockwiseI13__nv_bfloat16Li4096ELi4ELi0ELi1EEvPfPT_S1_PhS1_ii
    0 bytes stack frame, 0 bytes spill stores, 0 bytes spill loads
ptxas info    : Used 32 registers, used 1 barriers, 400 bytes cmem[0]
ptxas info    : Compile time = 13.398 ms
ptxas info    : Compiling entry function '_Z18kQuantizeBlockwiseI13__nv_bfloat16Li64ELi2ELi0ELi0EEvPfPT_S1_PhS1_ii' for 'sm_89'
ptxas info    : Function properties for _Z18kQuantizeBlockwiseI13__nv_bfloat16Li64ELi2ELi0ELi0EEvPfPT_S1_PhS1_ii
    0 bytes stack frame, 0 bytes spill stores, 0 bytes spill loads
ptxas info    : Used 38 registers, used 1 barriers, 400 bytes cmem[0]
ptxas info    : Compile time = 10.768 ms
ptxas info    : Compiling entry function '_Z18kQuantizeBlockwiseI13__nv_bfloat16Li128ELi2ELi0ELi0EEvPfPT_S1_PhS1_ii' for 'sm_89'
ptxas info    : Function properties for _Z18kQuantizeBlockwiseI13__nv_bfloat16Li128ELi2ELi0ELi0EEvPfPT_S1_PhS1_ii
    0 bytes stack frame, 0 bytes spill stores, 0 bytes spill loads
ptxas info    : Used 39 registers, used 1 barriers, 400 bytes cmem[0]
ptxas info    : Compile time = 11.363 ms
ptxas info    : Compiling entry function '_Z18kQuantizeBlockwiseI13__nv_bfloat16Li256ELi2ELi0ELi0EEvPfPT_S1_PhS1_ii' for 'sm_89'
ptxas info    : Function properties for _Z18kQuantizeBlockwiseI13__nv_bfloat16Li256ELi2ELi0ELi0EEvPfPT_S1_PhS1_ii
    0 bytes stack frame, 0 bytes spill stores, 0 bytes spill loads
ptxas info    : Used 39 registers, used 1 barriers, 400 bytes cmem[0]
ptxas info    : Compile time = 11.530 ms
ptxas info    : Compiling entry function '_Z18kQuantizeBlockwiseI13__nv_bfloat16Li512ELi2ELi0ELi0EEvPfPT_S1_PhS1_ii' for 'sm_89'
ptxas info    : Function properties for _Z18kQuantizeBlockwiseI13__nv_bfloat16Li512ELi2ELi0ELi0EEvPfPT_S1_PhS1_ii
    0 bytes stack frame, 0 bytes spill stores, 0 bytes spill loads
ptxas info    : Used 39 registers, used 1 barriers, 400 bytes cmem[0]
ptxas info    : Compile time = 11.994 ms
ptxas info    : Compiling entry function '_Z18kQuantizeBlockwiseI13__nv_bfloat16Li1024ELi4ELi0ELi0EEvPfPT_S1_PhS1_ii' for 'sm_89'
ptxas info    : Function properties for _Z18kQuantizeBlockwiseI13__nv_bfloat16Li1024ELi4ELi0ELi0EEvPfPT_S1_PhS1_ii
    0 bytes stack frame, 0 bytes spill stores, 0 bytes spill loads
ptxas info    : Used 40 registers, used 1 barriers, 400 bytes cmem[0]
ptxas info    : Compile time = 17.172 ms
ptxas info    : Compiling entry function '_Z18kQuantizeBlockwiseI13__nv_bfloat16Li2048ELi4ELi0ELi0EEvPfPT_S1_PhS1_ii' for 'sm_89'
ptxas info    : Function properties for _Z18kQuantizeBlockwiseI13__nv_bfloat16Li2048ELi4ELi0ELi0EEvPfPT_S1_PhS1_ii
    0 bytes stack frame, 0 bytes spill stores, 0 bytes spill loads
ptxas info    : Used 40 registers, used 1 barriers, 400 bytes cmem[0]
ptxas info    : Compile time = 18.793 ms
ptxas info    : Compiling entry function '_Z18kQuantizeBlockwiseI13__nv_bfloat16Li4096ELi4ELi1ELi0EEvPfPT_S1_PhS1_ii' for 'sm_89'
ptxas info    : Function properties for _Z18kQuantizeBlockwiseI13__nv_bfloat16Li4096ELi4ELi1ELi0EEvPfPT_S1_PhS1_ii
    0 bytes stack frame, 0 bytes spill stores, 0 bytes spill loads
ptxas info    : Used 40 registers, used 1 barriers, 400 bytes cmem[0]
ptxas info    : Compile time = 22.602 ms
ptxas info    : Compiling entry function '_Z18kQuantizeBlockwiseI13__nv_bfloat16Li4096ELi4ELi0ELi0EEvPfPT_S1_PhS1_ii' for 'sm_89'
ptxas info    : Function properties for _Z18kQuantizeBlockwiseI13__nv_bfloat16Li4096ELi4ELi0ELi0EEvPfPT_S1_PhS1_ii
    0 bytes stack frame, 0 bytes spill stores, 0 bytes spill loads
ptxas info    : Used 40 registers, used 1 barriers, 400 bytes cmem[0]
ptxas info    : Compile time = 21.002 ms
ptxas info    : Compiling entry function '_Z18kQuantizeBlockwiseIfLi64ELi2ELi0ELi2EEvPfPT_S0_PhS0_ii' for 'sm_89'
ptxas info    : Function properties for _Z18kQuantizeBlockwiseIfLi64ELi2ELi0ELi2EEvPfPT_S0_PhS0_ii
    0 bytes stack frame, 0 bytes spill stores, 0 bytes spill loads
ptxas info    : Used 24 registers, used 1 barriers, 400 bytes cmem[0]
ptxas info    : Compile time = 7.529 ms
ptxas info    : Compiling entry function '_Z18kQuantizeBlockwiseIfLi128ELi2ELi0ELi2EEvPfPT_S0_PhS0_ii' for 'sm_89'
ptxas info    : Function properties for _Z18kQuantizeBlockwiseIfLi128ELi2ELi0ELi2EEvPfPT_S0_PhS0_ii
    0 bytes stack frame, 0 bytes spill stores, 0 bytes spill loads
ptxas info    : Used 25 registers, used 1 barriers, 400 bytes cmem[0]
ptxas info    : Compile time = 8.116 ms
ptxas info    : Compiling entry function '_Z18kQuantizeBlockwiseIfLi256ELi2ELi0ELi2EEvPfPT_S0_PhS0_ii' for 'sm_89'
ptxas info    : Function properties for _Z18kQuantizeBlockwiseIfLi256ELi2ELi0ELi2EEvPfPT_S0_PhS0_ii
    0 bytes stack frame, 0 bytes spill stores, 0 bytes spill loads
ptxas info    : Used 24 registers, used 1 barriers, 400 bytes cmem[0]
ptxas info    : Compile time = 8.263 ms
ptxas info    : Compiling entry function '_Z18kQuantizeBlockwiseIfLi512ELi2ELi0ELi2EEvPfPT_S0_PhS0_ii' for 'sm_89'
ptxas info    : Function properties for _Z18kQuantizeBlockwiseIfLi512ELi2ELi0ELi2EEvPfPT_S0_PhS0_ii
    0 bytes stack frame, 0 bytes spill stores, 0 bytes spill loads
ptxas info    : Used 29 registers, used 1 barriers, 400 bytes cmem[0]
ptxas info    : Compile time = 8.749 ms
ptxas info    : Compiling entry function '_Z18kQuantizeBlockwiseIfLi1024ELi4ELi0ELi2EEvPfPT_S0_PhS0_ii' for 'sm_89'
ptxas info    : Function properties for _Z18kQuantizeBlockwiseIfLi1024ELi4ELi0ELi2EEvPfPT_S0_PhS0_ii
    0 bytes stack frame, 0 bytes spill stores, 0 bytes spill loads
ptxas info    : Used 36 registers, used 1 barriers, 400 bytes cmem[0]
ptxas info    : Compile time = 10.920 ms
ptxas info    : Compiling entry function '_Z18kQuantizeBlockwiseIfLi2048ELi4ELi0ELi2EEvPfPT_S0_PhS0_ii' for 'sm_89'
ptxas info    : Function properties for _Z18kQuantizeBlockwiseIfLi2048ELi4ELi0ELi2EEvPfPT_S0_PhS0_ii
    0 bytes stack frame, 0 bytes spill stores, 0 bytes spill loads
ptxas info    : Used 36 registers, used 1 barriers, 400 bytes cmem[0]
ptxas info    : Compile time = 11.986 ms
ptxas info    : Compiling entry function '_Z18kQuantizeBlockwiseIfLi4096ELi4ELi0ELi2EEvPfPT_S0_PhS0_ii' for 'sm_89'
ptxas info    : Function properties for _Z18kQuantizeBlockwiseIfLi4096ELi4ELi0ELi2EEvPfPT_S0_PhS0_ii
    0 bytes stack frame, 0 bytes spill stores, 0 bytes spill loads
ptxas info    : Used 36 registers, used 1 barriers, 400 bytes cmem[0]
ptxas info    : Compile time = 13.983 ms
ptxas info    : Compiling entry function '_Z18kQuantizeBlockwiseIfLi64ELi2ELi0ELi1EEvPfPT_S0_PhS0_ii' for 'sm_89'
ptxas info    : Function properties for _Z18kQuantizeBlockwiseIfLi64ELi2ELi0ELi1EEvPfPT_S0_PhS0_ii
    0 bytes stack frame, 0 bytes spill stores, 0 bytes spill loads
ptxas info    : Used 24 registers, used 1 barriers, 400 bytes cmem[0]
ptxas info    : Compile time = 7.216 ms
ptxas info    : Compiling entry function '_Z18kQuantizeBlockwiseIfLi128ELi2ELi0ELi1EEvPfPT_S0_PhS0_ii' for 'sm_89'
ptxas info    : Function properties for _Z18kQuantizeBlockwiseIfLi128ELi2ELi0ELi1EEvPfPT_S0_PhS0_ii
    0 bytes stack frame, 0 bytes spill stores, 0 bytes spill loads
ptxas info    : Used 25 registers, used 1 barriers, 400 bytes cmem[0]
ptxas info    : Compile time = 7.798 ms
ptxas info    : Compiling entry function '_Z18kQuantizeBlockwiseIfLi256ELi2ELi0ELi1EEvPfPT_S0_PhS0_ii' for 'sm_89'
ptxas info    : Function properties for _Z18kQuantizeBlockwiseIfLi256ELi2ELi0ELi1EEvPfPT_S0_PhS0_ii
    0 bytes stack frame, 0 bytes spill stores, 0 bytes spill loads
ptxas info    : Used 24 registers, used 1 barriers, 400 bytes cmem[0]
ptxas info    : Compile time = 7.890 ms
ptxas info    : Compiling entry function '_Z18kQuantizeBlockwiseIfLi512ELi2ELi0ELi1EEvPfPT_S0_PhS0_ii' for 'sm_89'
ptxas info    : Function properties for _Z18kQuantizeBlockwiseIfLi512ELi2ELi0ELi1EEvPfPT_S0_PhS0_ii
    0 bytes stack frame, 0 bytes spill stores, 0 bytes spill loads
ptxas info    : Used 29 registers, used 1 barriers, 400 bytes cmem[0]
ptxas info    : Compile time = 8.370 ms
ptxas info    : Compiling entry function '_Z18kQuantizeBlockwiseIfLi1024ELi4ELi0ELi1EEvPfPT_S0_PhS0_ii' for 'sm_89'
ptxas info    : Function properties for _Z18kQuantizeBlockwiseIfLi1024ELi4ELi0ELi1EEvPfPT_S0_PhS0_ii
    0 bytes stack frame, 0 bytes spill stores, 0 bytes spill loads
ptxas info    : Used 36 registers, used 1 barriers, 400 bytes cmem[0]
ptxas info    : Compile time = 10.247 ms
ptxas info    : Compiling entry function '_Z18kQuantizeBlockwiseIfLi2048ELi4ELi0ELi1EEvPfPT_S0_PhS0_ii' for 'sm_89'
ptxas info    : Function properties for _Z18kQuantizeBlockwiseIfLi2048ELi4ELi0ELi1EEvPfPT_S0_PhS0_ii
    0 bytes stack frame, 0 bytes spill stores, 0 bytes spill loads
ptxas info    : Used 36 registers, used 1 barriers, 400 bytes cmem[0]
ptxas info    : Compile time = 11.208 ms
ptxas info    : Compiling entry function '_Z18kQuantizeBlockwiseIfLi4096ELi4ELi0ELi1EEvPfPT_S0_PhS0_ii' for 'sm_89'
ptxas info    : Function properties for _Z18kQuantizeBlockwiseIfLi4096ELi4ELi0ELi1EEvPfPT_S0_PhS0_ii
    0 bytes stack frame, 0 bytes spill stores, 0 bytes spill loads
ptxas info    : Used 36 registers, used 1 barriers, 400 bytes cmem[0]
ptxas info    : Compile time = 13.281 ms
ptxas info    : Compiling entry function '_Z18kQuantizeBlockwiseIfLi64ELi2ELi0ELi0EEvPfPT_S0_PhS0_ii' for 'sm_89'
ptxas info    : Function properties for _Z18kQuantizeBlockwiseIfLi64ELi2ELi0ELi0EEvPfPT_S0_PhS0_ii
    0 bytes stack frame, 0 bytes spill stores, 0 bytes spill loads
ptxas info    : Used 39 registers, used 1 barriers, 400 bytes cmem[0]
ptxas info    : Compile time = 10.672 ms
ptxas info    : Compiling entry function '_Z18kQuantizeBlockwiseIfLi128ELi2ELi0ELi0EEvPfPT_S0_PhS0_ii' for 'sm_89'
ptxas info    : Function properties for _Z18kQuantizeBlockwiseIfLi128ELi2ELi0ELi0EEvPfPT_S0_PhS0_ii
    0 bytes stack frame, 0 bytes spill stores, 0 bytes spill loads
ptxas info    : Used 39 registers, used 1 barriers, 400 bytes cmem[0]
ptxas info    : Compile time = 11.259 ms
ptxas info    : Compiling entry function '_Z18kQuantizeBlockwiseIfLi256ELi2ELi0ELi0EEvPfPT_S0_PhS0_ii' for 'sm_89'
ptxas info    : Function properties for _Z18kQuantizeBlockwiseIfLi256ELi2ELi0ELi0EEvPfPT_S0_PhS0_ii
    0 bytes stack frame, 0 bytes spill stores, 0 bytes spill loads
ptxas info    : Used 39 registers, used 1 barriers, 400 bytes cmem[0]
ptxas info    : Compile time = 11.310 ms
ptxas info    : Compiling entry function '_Z18kQuantizeBlockwiseIfLi512ELi2ELi0ELi0EEvPfPT_S0_PhS0_ii' for 'sm_89'
ptxas info    : Function properties for _Z18kQuantizeBlockwiseIfLi512ELi2ELi0ELi0EEvPfPT_S0_PhS0_ii
    0 bytes stack frame, 0 bytes spill stores, 0 bytes spill loads
ptxas info    : Used 39 registers, used 1 barriers, 400 bytes cmem[0]
ptxas info    : Compile time = 11.825 ms
ptxas info    : Compiling entry function '_Z18kQuantizeBlockwiseIfLi1024ELi4ELi0ELi0EEvPfPT_S0_PhS0_ii' for 'sm_89'
ptxas info    : Function properties for _Z18kQuantizeBlockwiseIfLi1024ELi4ELi0ELi0EEvPfPT_S0_PhS0_ii
    0 bytes stack frame, 0 bytes spill stores, 0 bytes spill loads
ptxas info    : Used 40 registers, used 1 barriers, 400 bytes cmem[0]
ptxas info    : Compile time = 16.914 ms
ptxas info    : Compiling entry function '_Z18kQuantizeBlockwiseIfLi2048ELi4ELi0ELi0EEvPfPT_S0_PhS0_ii' for 'sm_89'
ptxas info    : Function properties for _Z18kQuantizeBlockwiseIfLi2048ELi4ELi0ELi0EEvPfPT_S0_PhS0_ii
    0 bytes stack frame, 0 bytes spill stores, 0 bytes spill loads
ptxas info    : Used 40 registers, used 1 barriers, 400 bytes cmem[0]
ptxas info    : Compile time = 18.234 ms
ptxas info    : Compiling entry function '_Z18kQuantizeBlockwiseIfLi4096ELi4ELi1ELi0EEvPfPT_S0_PhS0_ii' for 'sm_89'
ptxas info    : Function properties for _Z18kQuantizeBlockwiseIfLi4096ELi4ELi1ELi0EEvPfPT_S0_PhS0_ii
    0 bytes stack frame, 0 bytes spill stores, 0 bytes spill loads
ptxas info    : Used 48 registers, used 1 barriers, 400 bytes cmem[0]
ptxas info    : Compile time = 22.166 ms
ptxas info    : Compiling entry function '_Z18kQuantizeBlockwiseIfLi4096ELi4ELi0ELi0EEvPfPT_S0_PhS0_ii' for 'sm_89'
ptxas info    : Function properties for _Z18kQuantizeBlockwiseIfLi4096ELi4ELi0ELi0EEvPfPT_S0_PhS0_ii
    0 bytes stack frame, 0 bytes spill stores, 0 bytes spill loads
ptxas info    : Used 40 registers, used 1 barriers, 400 bytes cmem[0]
ptxas info    : Compile time = 20.610 ms
ptxas info    : Compiling entry function '_Z18kQuantizeBlockwiseI6__halfLi64ELi2ELi0ELi2EEvPfPT_S1_PhS1_ii' for 'sm_89'
ptxas info    : Function properties for _Z18kQuantizeBlockwiseI6__halfLi64ELi2ELi0ELi2EEvPfPT_S1_PhS1_ii
    0 bytes stack frame, 0 bytes spill stores, 0 bytes spill loads
ptxas info    : Used 24 registers, used 1 barriers, 400 bytes cmem[0]
ptxas info    : Compile time = 7.620 ms
ptxas info    : Compiling entry function '_Z18kQuantizeBlockwiseI6__halfLi128ELi2ELi0ELi2EEvPfPT_S1_PhS1_ii' for 'sm_89'
ptxas info    : Function properties for _Z18kQuantizeBlockwiseI6__halfLi128ELi2ELi0ELi2EEvPfPT_S1_PhS1_ii
    0 bytes stack frame, 0 bytes spill stores, 0 bytes spill loads
ptxas info    : Used 25 registers, used 1 barriers, 400 bytes cmem[0]
ptxas info    : Compile time = 8.204 ms
ptxas info    : Compiling entry function '_Z18kQuantizeBlockwiseI6__halfLi256ELi2ELi0ELi2EEvPfPT_S1_PhS1_ii' for 'sm_89'
ptxas info    : Function properties for _Z18kQuantizeBlockwiseI6__halfLi256ELi2ELi0ELi2EEvPfPT_S1_PhS1_ii
    0 bytes stack frame, 0 bytes spill stores, 0 bytes spill loads
ptxas info    : Used 24 registers, used 1 barriers, 400 bytes cmem[0]
ptxas info    : Compile time = 8.428 ms
ptxas info    : Compiling entry function '_Z18kQuantizeBlockwiseI6__halfLi512ELi2ELi0ELi2EEvPfPT_S1_PhS1_ii' for 'sm_89'
ptxas info    : Function properties for _Z18kQuantizeBlockwiseI6__halfLi512ELi2ELi0ELi2EEvPfPT_S1_PhS1_ii
    0 bytes stack frame, 0 bytes spill stores, 0 bytes spill loads
ptxas info    : Used 28 registers, used 1 barriers, 400 bytes cmem[0]
ptxas info    : Compile time = 8.894 ms
ptxas info    : Compiling entry function '_Z18kQuantizeBlockwiseI6__halfLi1024ELi4ELi0ELi2EEvPfPT_S1_PhS1_ii' for 'sm_89'
ptxas info    : Function properties for _Z18kQuantizeBlockwiseI6__halfLi1024ELi4ELi0ELi2EEvPfPT_S1_PhS1_ii
    0 bytes stack frame, 0 bytes spill stores, 0 bytes spill loads
ptxas info    : Used 32 registers, used 1 barriers, 400 bytes cmem[0]
ptxas info    : Compile time = 11.158 ms
ptxas info    : Compiling entry function '_Z18kQuantizeBlockwiseI6__halfLi2048ELi4ELi0ELi2EEvPfPT_S1_PhS1_ii' for 'sm_89'
ptxas info    : Function properties for _Z18kQuantizeBlockwiseI6__halfLi2048ELi4ELi0ELi2EEvPfPT_S1_PhS1_ii
    0 bytes stack frame, 0 bytes spill stores, 0 bytes spill loads
ptxas info    : Used 32 registers, used 1 barriers, 400 bytes cmem[0]
ptxas info    : Compile time = 12.276 ms
ptxas info    : Compiling entry function '_Z18kQuantizeBlockwiseI6__halfLi4096ELi4ELi0ELi2EEvPfPT_S1_PhS1_ii' for 'sm_89'
ptxas info    : Function properties for _Z18kQuantizeBlockwiseI6__halfLi4096ELi4ELi0ELi2EEvPfPT_S1_PhS1_ii
    0 bytes stack frame, 0 bytes spill stores, 0 bytes spill loads
ptxas info    : Used 32 registers, used 1 barriers, 400 bytes cmem[0]
ptxas info    : Compile time = 14.196 ms
ptxas info    : Compiling entry function '_Z18kQuantizeBlockwiseI6__halfLi64ELi2ELi0ELi1EEvPfPT_S1_PhS1_ii' for 'sm_89'
ptxas info    : Function properties for _Z18kQuantizeBlockwiseI6__halfLi64ELi2ELi0ELi1EEvPfPT_S1_PhS1_ii
    0 bytes stack frame, 0 bytes spill stores, 0 bytes spill loads
ptxas info    : Used 24 registers, used 1 barriers, 400 bytes cmem[0]
ptxas info    : Compile time = 7.302 ms
ptxas info    : Compiling entry function '_Z18kQuantizeBlockwiseI6__halfLi128ELi2ELi0ELi1EEvPfPT_S1_PhS1_ii' for 'sm_89'
ptxas info    : Function properties for _Z18kQuantizeBlockwiseI6__halfLi128ELi2ELi0ELi1EEvPfPT_S1_PhS1_ii
    0 bytes stack frame, 0 bytes spill stores, 0 bytes spill loads
ptxas info    : Used 25 registers, used 1 barriers, 400 bytes cmem[0]
ptxas info    : Compile time = 7.929 ms
ptxas info    : Compiling entry function '_Z18kQuantizeBlockwiseI6__halfLi256ELi2ELi0ELi1EEvPfPT_S1_PhS1_ii' for 'sm_89'
ptxas info    : Function properties for _Z18kQuantizeBlockwiseI6__halfLi256ELi2ELi0ELi1EEvPfPT_S1_PhS1_ii
    0 bytes stack frame, 0 bytes spill stores, 0 bytes spill loads
ptxas info    : Used 24 registers, used 1 barriers, 400 bytes cmem[0]
ptxas info    : Compile time = 8.110 ms
ptxas info    : Compiling entry function '_Z18kQuantizeBlockwiseI6__halfLi512ELi2ELi0ELi1EEvPfPT_S1_PhS1_ii' for 'sm_89'
ptxas info    : Function properties for _Z18kQuantizeBlockwiseI6__halfLi512ELi2ELi0ELi1EEvPfPT_S1_PhS1_ii
    0 bytes stack frame, 0 bytes spill stores, 0 bytes spill loads
ptxas info    : Used 28 registers, used 1 barriers, 400 bytes cmem[0]
ptxas info    : Compile time = 8.568 ms
ptxas info    : Compiling entry function '_Z18kQuantizeBlockwiseI6__halfLi1024ELi4ELi0ELi1EEvPfPT_S1_PhS1_ii' for 'sm_89'
ptxas info    : Function properties for _Z18kQuantizeBlockwiseI6__halfLi1024ELi4ELi0ELi1EEvPfPT_S1_PhS1_ii
    0 bytes stack frame, 0 bytes spill stores, 0 bytes spill loads
ptxas info    : Used 32 registers, used 1 barriers, 400 bytes cmem[0]
ptxas info    : Compile time = 10.680 ms
ptxas info    : Compiling entry function '_Z18kQuantizeBlockwiseI6__halfLi2048ELi4ELi0ELi1EEvPfPT_S1_PhS1_ii' for 'sm_89'
ptxas info    : Function properties for _Z18kQuantizeBlockwiseI6__halfLi2048ELi4ELi0ELi1EEvPfPT_S1_PhS1_ii
    0 bytes stack frame, 0 bytes spill stores, 0 bytes spill loads
ptxas info    : Used 32 registers, used 1 barriers, 400 bytes cmem[0]
ptxas info    : Compile time = 11.730 ms
ptxas info    : Compiling entry function '_Z18kQuantizeBlockwiseI6__halfLi4096ELi4ELi0ELi1EEvPfPT_S1_PhS1_ii' for 'sm_89'
ptxas info    : Function properties for _Z18kQuantizeBlockwiseI6__halfLi4096ELi4ELi0ELi1EEvPfPT_S1_PhS1_ii
    0 bytes stack frame, 0 bytes spill stores, 0 bytes spill loads
ptxas info    : Used 32 registers, used 1 barriers, 400 bytes cmem[0]
ptxas info    : Compile time = 13.603 ms
ptxas info    : Compiling entry function '_Z18kQuantizeBlockwiseI6__halfLi64ELi2ELi0ELi0EEvPfPT_S1_PhS1_ii' for 'sm_89'
ptxas info    : Function properties for _Z18kQuantizeBlockwiseI6__halfLi64ELi2ELi0ELi0EEvPfPT_S1_PhS1_ii
    0 bytes stack frame, 0 bytes spill stores, 0 bytes spill loads
ptxas info    : Used 38 registers, used 1 barriers, 400 bytes cmem[0]
ptxas info    : Compile time = 10.805 ms
ptxas info    : Compiling entry function '_Z18kQuantizeBlockwiseI6__halfLi128ELi2ELi0ELi0EEvPfPT_S1_PhS1_ii' for 'sm_89'
ptxas info    : Function properties for _Z18kQuantizeBlockwiseI6__halfLi128ELi2ELi0ELi0EEvPfPT_S1_PhS1_ii
    0 bytes stack frame, 0 bytes spill stores, 0 bytes spill loads
ptxas info    : Used 39 registers, used 1 barriers, 400 bytes cmem[0]
ptxas info    : Compile time = 11.465 ms
ptxas info    : Compiling entry function '_Z18kQuantizeBlockwiseI6__halfLi256ELi2ELi0ELi0EEvPfPT_S1_PhS1_ii' for 'sm_89'
ptxas info    : Function properties for _Z18kQuantizeBlockwiseI6__halfLi256ELi2ELi0ELi0EEvPfPT_S1_PhS1_ii
    0 bytes stack frame, 0 bytes spill stores, 0 bytes spill loads
ptxas info    : Used 39 registers, used 1 barriers, 400 bytes cmem[0]
ptxas info    : Compile time = 11.531 ms
ptxas info    : Compiling entry function '_Z18kQuantizeBlockwiseI6__halfLi512ELi2ELi0ELi0EEvPfPT_S1_PhS1_ii' for 'sm_89'
ptxas info    : Function properties for _Z18kQuantizeBlockwiseI6__halfLi512ELi2ELi0ELi0EEvPfPT_S1_PhS1_ii
    0 bytes stack frame, 0 bytes spill stores, 0 bytes spill loads
ptxas info    : Used 39 registers, used 1 barriers, 400 bytes cmem[0]
ptxas info    : Compile time = 12.060 ms
ptxas info    : Compiling entry function '_Z18kQuantizeBlockwiseI6__halfLi1024ELi4ELi0ELi0EEvPfPT_S1_PhS1_ii' for 'sm_89'
ptxas info    : Function properties for _Z18kQuantizeBlockwiseI6__halfLi1024ELi4ELi0ELi0EEvPfPT_S1_PhS1_ii
    0 bytes stack frame, 0 bytes spill stores, 0 bytes spill loads
ptxas info    : Used 40 registers, used 1 barriers, 400 bytes cmem[0]
ptxas info    : Compile time = 17.476 ms
ptxas info    : Compiling entry function '_Z18kQuantizeBlockwiseI6__halfLi2048ELi4ELi0ELi0EEvPfPT_S1_PhS1_ii' for 'sm_89'
ptxas info    : Function properties for _Z18kQuantizeBlockwiseI6__halfLi2048ELi4ELi0ELi0EEvPfPT_S1_PhS1_ii
    0 bytes stack frame, 0 bytes spill stores, 0 bytes spill loads
ptxas info    : Used 40 registers, used 1 barriers, 400 bytes cmem[0]
ptxas info    : Compile time = 18.791 ms
ptxas info    : Compiling entry function '_Z18kQuantizeBlockwiseI6__halfLi4096ELi4ELi1ELi0EEvPfPT_S1_PhS1_ii' for 'sm_89'
ptxas info    : Function properties for _Z18kQuantizeBlockwiseI6__halfLi4096ELi4ELi1ELi0EEvPfPT_S1_PhS1_ii
    0 bytes stack frame, 0 bytes spill stores, 0 bytes spill loads
ptxas info    : Used 40 registers, used 1 barriers, 400 bytes cmem[0]
ptxas info    : Compile time = 22.452 ms
ptxas info    : Compiling entry function '_Z18kQuantizeBlockwiseI6__halfLi4096ELi4ELi0ELi0EEvPfPT_S1_PhS1_ii' for 'sm_89'
ptxas info    : Function properties for _Z18kQuantizeBlockwiseI6__halfLi4096ELi4ELi0ELi0EEvPfPT_S1_PhS1_ii
    0 bytes stack frame, 0 bytes spill stores, 0 bytes spill loads
ptxas info    : Used 40 registers, used 1 barriers, 400 bytes cmem[0]
ptxas info    : Compile time = 20.982 ms
ptxas info    : Compiling entry function '_Z19kPercentileClippingI6__halfLi2048ELi4EEvPT_Pfii' for 'sm_89'
ptxas info    : Function properties for _Z19kPercentileClippingI6__halfLi2048ELi4EEvPT_Pfii
    0 bytes stack frame, 0 bytes spill stores, 0 bytes spill loads
ptxas info    : Used 37 registers, used 1 barriers, 376 bytes cmem[0]
ptxas info    : Compile time = 9.770 ms
ptxas info    : Compiling entry function '_Z19kPercentileClippingIfLi2048ELi4EEvPT_Pfii' for 'sm_89'
ptxas info    : Function properties for _Z19kPercentileClippingIfLi2048ELi4EEvPT_Pfii
    0 bytes stack frame, 0 bytes spill stores, 0 bytes spill loads
ptxas info    : Used 39 registers, used 1 barriers, 376 bytes cmem[0]
ptxas info    : Compile time = 9.578 ms
ptxas info    : Compiling entry function '_Z26kOptimizerStatic8bit2StateIfLi0EEvPT_S1_PhS2_PKffffffifPfS5_S5_S5_S5_S5_ffi' for 'sm_89'
ptxas info    : Function properties for _Z26kOptimizerStatic8bit2StateIfLi0EEvPT_S1_PhS2_PKffffffifPfS5_S5_S5_S5_S5_ffi
    0 bytes stack frame, 0 bytes spill stores, 0 bytes spill loads
ptxas info    : Used 64 registers, used 1 barriers, 484 bytes cmem[0]
ptxas info    : Compile time = 38.908 ms
ptxas info    : Compiling entry function '_Z26kOptimizerStatic8bit2StateI6__halfLi0EEvPT_S2_PhS3_PKffffffifPfS6_S6_S6_S6_S6_ffi' for 'sm_89'
ptxas info    : Function properties for _Z26kOptimizerStatic8bit2StateI6__halfLi0EEvPT_S2_PhS3_PKffffffifPfS6_S6_S6_S6_S6_ffi
    0 bytes stack frame, 0 bytes spill stores, 0 bytes spill loads
ptxas info    : Used 64 registers, used 1 barriers, 484 bytes cmem[0]
ptxas info    : Compile time = 40.773 ms
ptxas info    : Compiling entry function '_Z38kPreconditionOptimizerStatic8bit2StateIfLi0EEvPT_S1_PhS2_PffffiS3_S3_S3_S3_S3_S3_fi' for 'sm_89'
ptxas info    : Function properties for _Z38kPreconditionOptimizerStatic8bit2StateIfLi0EEvPT_S1_PhS2_PffffiS3_S3_S3_S3_S3_S3_fi
    0 bytes stack frame, 0 bytes spill stores, 0 bytes spill loads
ptxas info    : Used 109 registers, used 1 barriers, 464 bytes cmem[0]
ptxas info    : Compile time = 37.478 ms
ptxas info    : Compiling entry function '_Z38kPreconditionOptimizerStatic8bit2StateI6__halfLi0EEvPT_S2_PhS3_PffffiS4_S4_S4_S4_S4_S4_fi' for 'sm_89'
ptxas info    : Function properties for _Z38kPreconditionOptimizerStatic8bit2StateI6__halfLi0EEvPT_S2_PhS3_PffffiS4_S4_S4_S4_S4_S4_fi
    0 bytes stack frame, 0 bytes spill stores, 0 bytes spill loads
ptxas info    : Used 110 registers, used 1 barriers, 464 bytes cmem[0]
ptxas info    : Compile time = 39.792 ms
ptxas info    : Compiling entry function '_Z26kOptimizerStatic8bit1StateIfLi5EEvPT_S1_PhPKffffffifPfS5_S5_ffi' for 'sm_89'
ptxas info    : Function properties for _Z26kOptimizerStatic8bit1StateIfLi5EEvPT_S1_PhPKffffffifPfS5_S5_ffi
    0 bytes stack frame, 0 bytes spill stores, 0 bytes spill loads
ptxas info    : Used 63 registers, used 1 barriers, 452 bytes cmem[0]
ptxas info    : Compile time = 36.468 ms
ptxas info    : Compiling entry function '_Z26kOptimizerStatic8bit1StateI6__halfLi5EEvPT_S2_PhPKffffffifPfS6_S6_ffi' for 'sm_89'
ptxas info    : Function properties for _Z26kOptimizerStatic8bit1StateI6__halfLi5EEvPT_S2_PhPKffffffifPfS6_S6_ffi
    0 bytes stack frame, 0 bytes spill stores, 0 bytes spill loads
ptxas info    : Used 64 registers, used 1 barriers, 452 bytes cmem[0]
ptxas info    : Compile time = 37.896 ms
ptxas info    : Compiling entry function '_Z26kOptimizerStatic8bit1StateIfLi2EEvPT_S1_PhPKffffffifPfS5_S5_ffi' for 'sm_89'
ptxas info    : Function properties for _Z26kOptimizerStatic8bit1StateIfLi2EEvPT_S1_PhPKffffffifPfS5_S5_ffi
    0 bytes stack frame, 0 bytes spill stores, 0 bytes spill loads
ptxas info    : Used 62 registers, used 1 barriers, 452 bytes cmem[0]
ptxas info    : Compile time = 35.513 ms
ptxas info    : Compiling entry function '_Z26kOptimizerStatic8bit1StateI6__halfLi2EEvPT_S2_PhPKffffffifPfS6_S6_ffi' for 'sm_89'
ptxas info    : Function properties for _Z26kOptimizerStatic8bit1StateI6__halfLi2EEvPT_S2_PhPKffffffifPfS6_S6_ffi
    0 bytes stack frame, 0 bytes spill stores, 0 bytes spill loads
ptxas info    : Used 63 registers, used 1 barriers, 452 bytes cmem[0]
ptxas info    : Compile time = 36.854 ms
ptxas info    : Compiling entry function '_Z26kOptimizerStatic8bit1StateIfLi1EEvPT_S1_PhPKffffffifPfS5_S5_ffi' for 'sm_89'
ptxas info    : Function properties for _Z26kOptimizerStatic8bit1StateIfLi1EEvPT_S1_PhPKffffffifPfS5_S5_ffi
    0 bytes stack frame, 0 bytes spill stores, 0 bytes spill loads
ptxas info    : Used 63 registers, used 1 barriers, 452 bytes cmem[0]
ptxas info    : Compile time = 33.239 ms
ptxas info    : Compiling entry function '_Z26kOptimizerStatic8bit1StateI6__halfLi1EEvPT_S2_PhPKffffffifPfS6_S6_ffi' for 'sm_89'
ptxas info    : Function properties for _Z26kOptimizerStatic8bit1StateI6__halfLi1EEvPT_S2_PhPKffffffifPfS6_S6_ffi
    0 bytes stack frame, 0 bytes spill stores, 0 bytes spill loads
ptxas info    : Used 64 registers, used 1 barriers, 452 bytes cmem[0]
ptxas info    : Compile time = 36.205 ms
ptxas info    : Compiling entry function '_Z38kPreconditionOptimizerStatic8bit1StateIfLi5EEvPT_S1_PhPffffiS3_S3_S3_ffi' for 'sm_89'
ptxas info    : Function properties for _Z38kPreconditionOptimizerStatic8bit1StateIfLi5EEvPT_S1_PhPffffiS3_S3_S3_ffi
    0 bytes stack frame, 0 bytes spill stores, 0 bytes spill loads
ptxas info    : Used 80 registers, used 1 barriers, 436 bytes cmem[0]
ptxas info    : Compile time = 22.232 ms
ptxas info    : Compiling entry function '_Z38kPreconditionOptimizerStatic8bit1StateI6__halfLi5EEvPT_S2_PhPffffiS4_S4_S4_ffi' for 'sm_89'
ptxas info    : Function properties for _Z38kPreconditionOptimizerStatic8bit1StateI6__halfLi5EEvPT_S2_PhPffffiS4_S4_S4_ffi
    0 bytes stack frame, 0 bytes spill stores, 0 bytes spill loads
ptxas info    : Used 77 registers, used 1 barriers, 436 bytes cmem[0]
ptxas info    : Compile time = 23.115 ms
ptxas info    : Compiling entry function '_Z38kPreconditionOptimizerStatic8bit1StateIfLi2EEvPT_S1_PhPffffiS3_S3_S3_ffi' for 'sm_89'
ptxas info    : Function properties for _Z38kPreconditionOptimizerStatic8bit1StateIfLi2EEvPT_S1_PhPffffiS3_S3_S3_ffi
    0 bytes stack frame, 0 bytes spill stores, 0 bytes spill loads
ptxas info    : Used 80 registers, used 1 barriers, 436 bytes cmem[0]
ptxas info    : Compile time = 22.496 ms
ptxas info    : Compiling entry function '_Z38kPreconditionOptimizerStatic8bit1StateI6__halfLi2EEvPT_S2_PhPffffiS4_S4_S4_ffi' for 'sm_89'
ptxas info    : Function properties for _Z38kPreconditionOptimizerStatic8bit1StateI6__halfLi2EEvPT_S2_PhPffffiS4_S4_S4_ffi
    0 bytes stack frame, 0 bytes spill stores, 0 bytes spill loads
ptxas info    : Used 77 registers, used 1 barriers, 436 bytes cmem[0]
ptxas info    : Compile time = 23.152 ms
ptxas info    : Compiling entry function '_Z38kPreconditionOptimizerStatic8bit1StateIfLi1EEvPT_S1_PhPffffiS3_S3_S3_ffi' for 'sm_89'
ptxas info    : Function properties for _Z38kPreconditionOptimizerStatic8bit1StateIfLi1EEvPT_S1_PhPffffiS3_S3_S3_ffi
    0 bytes stack frame, 0 bytes spill stores, 0 bytes spill loads
ptxas info    : Used 64 registers, used 1 barriers, 436 bytes cmem[0]
ptxas info    : Compile time = 25.023 ms
ptxas info    : Compiling entry function '_Z38kPreconditionOptimizerStatic8bit1StateI6__halfLi1EEvPT_S2_PhPffffiS4_S4_S4_ffi' for 'sm_89'
ptxas info    : Function properties for _Z38kPreconditionOptimizerStatic8bit1StateI6__halfLi1EEvPT_S2_PhPffffiS4_S4_S4_ffi
    0 bytes stack frame, 0 bytes spill stores, 0 bytes spill loads
ptxas info    : Used 64 registers, used 1 barriers, 436 bytes cmem[0]
ptxas info    : Compile time = 27.245 ms
ptxas info    : Compiling entry function '_Z21kOptimizer32bit2StateI13__nv_bfloat16Li0EEvPT_S2_PfS3_S3_ffffffiffbi' for 'sm_89'
ptxas info    : Function properties for _Z21kOptimizer32bit2StateI13__nv_bfloat16Li0EEvPT_S2_PfS3_S3_ffffffiffbi
    0 bytes stack frame, 0 bytes spill stores, 0 bytes spill loads
ptxas info    : Used 48 registers, used 1 barriers, 436 bytes cmem[0]
ptxas info    : Compile time = 14.241 ms
ptxas info    : Compiling entry function '_Z21kOptimizer32bit2StateI6__halfLi0EEvPT_S2_PfS3_S3_ffffffiffbi' for 'sm_89'
ptxas info    : Function properties for _Z21kOptimizer32bit2StateI6__halfLi0EEvPT_S2_PfS3_S3_ffffffiffbi
    0 bytes stack frame, 0 bytes spill stores, 0 bytes spill loads
ptxas info    : Used 48 registers, used 1 barriers, 436 bytes cmem[0]
ptxas info    : Compile time = 13.939 ms
ptxas info    : Compiling entry function '_Z21kOptimizer32bit2StateIfLi0EEvPT_S1_PfS2_S2_ffffffiffbi' for 'sm_89'
ptxas info    : Function properties for _Z21kOptimizer32bit2StateIfLi0EEvPT_S1_PfS2_S2_ffffffiffbi
    0 bytes stack frame, 0 bytes spill stores, 0 bytes spill loads
ptxas info    : Used 48 registers, used 1 barriers, 436 bytes cmem[0]
ptxas info    : Compile time = 12.257 ms
ptxas info    : Compiling entry function '_Z33kPreconditionOptimizer32bit2StateI13__nv_bfloat16Li0ELi4096ELi8EEvPT_S2_PfS3_S3_ffffiffi' for 'sm_89'
ptxas info    : Function properties for _Z33kPreconditionOptimizer32bit2StateI13__nv_bfloat16Li0ELi4096ELi8EEvPT_S2_PfS3_S3_ffffiffi
    0 bytes stack frame, 0 bytes spill stores, 0 bytes spill loads
ptxas info    : Used 56 registers, used 1 barriers, 424 bytes cmem[0]
ptxas info    : Compile time = 12.327 ms
ptxas info    : Compiling entry function '_Z33kPreconditionOptimizer32bit2StateI6__halfLi0ELi4096ELi8EEvPT_S2_PfS3_S3_ffffiffi' for 'sm_89'
ptxas info    : Function properties for _Z33kPreconditionOptimizer32bit2StateI6__halfLi0ELi4096ELi8EEvPT_S2_PfS3_S3_ffffiffi
    0 bytes stack frame, 0 bytes spill stores, 0 bytes spill loads
ptxas info    : Used 56 registers, used 1 barriers, 424 bytes cmem[0]
ptxas info    : Compile time = 12.339 ms
ptxas info    : Compiling entry function '_Z33kPreconditionOptimizer32bit2StateIfLi0ELi4096ELi8EEvPT_S1_PfS2_S2_ffffiffi' for 'sm_89'
ptxas info    : Function properties for _Z33kPreconditionOptimizer32bit2StateIfLi0ELi4096ELi8EEvPT_S1_PfS2_S2_ffffiffi
    0 bytes stack frame, 0 bytes spill stores, 0 bytes spill loads
ptxas info    : Used 56 registers, used 1 barriers, 424 bytes cmem[0]
ptxas info    : Compile time = 11.137 ms
ptxas info    : Compiling entry function '_Z21kOptimizer32bit1StateIfLi4EEvPT_S1_PfS2_ffffffiffbi' for 'sm_89'
ptxas info    : Function properties for _Z21kOptimizer32bit1StateIfLi4EEvPT_S1_PfS2_ffffffiffbi
    0 bytes stack frame, 0 bytes spill stores, 0 bytes spill loads
ptxas info    : Used 40 registers, used 1 barriers, 428 bytes cmem[0]
ptxas info    : Compile time = 8.349 ms
ptxas info    : Compiling entry function '_Z21kOptimizer32bit1StateI6__halfLi4EEvPT_S2_PfS3_ffffffiffbi' for 'sm_89'
ptxas info    : Function properties for _Z21kOptimizer32bit1StateI6__halfLi4EEvPT_S2_PfS3_ffffffiffbi
    0 bytes stack frame, 0 bytes spill stores, 0 bytes spill loads
ptxas info    : Used 40 registers, used 1 barriers, 428 bytes cmem[0]
ptxas info    : Compile time = 9.663 ms
ptxas info    : Compiling entry function '_Z21kOptimizer32bit1StateI13__nv_bfloat16Li5EEvPT_S2_PfS3_ffffffiffbi' for 'sm_89'
ptxas info    : Function properties for _Z21kOptimizer32bit1StateI13__nv_bfloat16Li5EEvPT_S2_PfS3_ffffffiffbi
    0 bytes stack frame, 0 bytes spill stores, 0 bytes spill loads
ptxas info    : Used 40 registers, used 1 barriers, 428 bytes cmem[0]
ptxas info    : Compile time = 11.126 ms
ptxas info    : Compiling entry function '_Z21kOptimizer32bit1StateIfLi5EEvPT_S1_PfS2_ffffffiffbi' for 'sm_89'
ptxas info    : Function properties for _Z21kOptimizer32bit1StateIfLi5EEvPT_S1_PfS2_ffffffiffbi
    0 bytes stack frame, 0 bytes spill stores, 0 bytes spill loads
ptxas info    : Used 40 registers, used 1 barriers, 428 bytes cmem[0]
ptxas info    : Compile time = 9.896 ms
ptxas info    : Compiling entry function '_Z21kOptimizer32bit1StateI6__halfLi5EEvPT_S2_PfS3_ffffffiffbi' for 'sm_89'
ptxas info    : Function properties for _Z21kOptimizer32bit1StateI6__halfLi5EEvPT_S2_PfS3_ffffffiffbi
    0 bytes stack frame, 0 bytes spill stores, 0 bytes spill loads
ptxas info    : Used 40 registers, used 1 barriers, 428 bytes cmem[0]
ptxas info    : Compile time = 11.152 ms
ptxas info    : Compiling entry function '_Z21kOptimizer32bit1StateIfLi2EEvPT_S1_PfS2_ffffffiffbi' for 'sm_89'
ptxas info    : Function properties for _Z21kOptimizer32bit1StateIfLi2EEvPT_S1_PfS2_ffffffiffbi
    0 bytes stack frame, 0 bytes spill stores, 0 bytes spill loads
ptxas info    : Used 40 registers, used 1 barriers, 428 bytes cmem[0]
ptxas info    : Compile time = 9.263 ms
ptxas info    : Compiling entry function '_Z21kOptimizer32bit1StateI6__halfLi2EEvPT_S2_PfS3_ffffffiffbi' for 'sm_89'
ptxas info    : Function properties for _Z21kOptimizer32bit1StateI6__halfLi2EEvPT_S2_PfS3_ffffffiffbi
    0 bytes stack frame, 0 bytes spill stores, 0 bytes spill loads
ptxas info    : Used 40 registers, used 1 barriers, 428 bytes cmem[0]
ptxas info    : Compile time = 10.524 ms
ptxas info    : Compiling entry function '_Z21kOptimizer32bit1StateIfLi1EEvPT_S1_PfS2_ffffffiffbi' for 'sm_89'
ptxas info    : Function properties for _Z21kOptimizer32bit1StateIfLi1EEvPT_S1_PfS2_ffffffiffbi
    0 bytes stack frame, 0 bytes spill stores, 0 bytes spill loads
ptxas info    : Used 40 registers, used 1 barriers, 428 bytes cmem[0]
ptxas info    : Compile time = 8.650 ms
ptxas info    : Compiling entry function '_Z21kOptimizer32bit1StateI6__halfLi1EEvPT_S2_PfS3_ffffffiffbi' for 'sm_89'
ptxas info    : Function properties for _Z21kOptimizer32bit1StateI6__halfLi1EEvPT_S2_PfS3_ffffffiffbi
    0 bytes stack frame, 0 bytes spill stores, 0 bytes spill loads
ptxas info    : Used 40 registers, used 1 barriers, 428 bytes cmem[0]
ptxas info    : Compile time = 10.298 ms
ptxas info    : Compiling entry function '_Z33kPreconditionOptimizer32bit1StateIfLi4ELi4096ELi8EEvPT_S1_PfS2_ffffiffi' for 'sm_89'
ptxas info    : Function properties for _Z33kPreconditionOptimizer32bit1StateIfLi4ELi4096ELi8EEvPT_S1_PfS2_ffffiffi
    0 bytes stack frame, 0 bytes spill stores, 0 bytes spill loads
ptxas info    : Used 42 registers, used 1 barriers, 416 bytes cmem[0]
ptxas info    : Compile time = 12.644 ms
ptxas info    : Compiling entry function '_Z33kPreconditionOptimizer32bit1StateI6__halfLi4ELi4096ELi8EEvPT_S2_PfS3_ffffiffi' for 'sm_89'
ptxas info    : Function properties for _Z33kPreconditionOptimizer32bit1StateI6__halfLi4ELi4096ELi8EEvPT_S2_PfS3_ffffiffi
    0 bytes stack frame, 0 bytes spill stores, 0 bytes spill loads
ptxas info    : Used 44 registers, used 1 barriers, 416 bytes cmem[0]
ptxas info    : Compile time = 13.734 ms
ptxas info    : Compiling entry function '_Z33kPreconditionOptimizer32bit1StateI13__nv_bfloat16Li5ELi4096ELi8EEvPT_S2_PfS3_ffffiffi' for 'sm_89'
ptxas info    : Function properties for _Z33kPreconditionOptimizer32bit1StateI13__nv_bfloat16Li5ELi4096ELi8EEvPT_S2_PfS3_ffffiffi
    0 bytes stack frame, 0 bytes spill stores, 0 bytes spill loads
ptxas info    : Used 44 registers, used 1 barriers, 416 bytes cmem[0]
ptxas info    : Compile time = 13.233 ms
ptxas info    : Compiling entry function '_Z33kPreconditionOptimizer32bit1StateIfLi5ELi4096ELi8EEvPT_S1_PfS2_ffffiffi' for 'sm_89'
ptxas info    : Function properties for _Z33kPreconditionOptimizer32bit1StateIfLi5ELi4096ELi8EEvPT_S1_PfS2_ffffiffi
    0 bytes stack frame, 0 bytes spill stores, 0 bytes spill loads
ptxas info    : Used 42 registers, used 1 barriers, 416 bytes cmem[0]
ptxas info    : Compile time = 12.234 ms
ptxas info    : Compiling entry function '_Z33kPreconditionOptimizer32bit1StateI6__halfLi5ELi4096ELi8EEvPT_S2_PfS3_ffffiffi' for 'sm_89'
ptxas info    : Function properties for _Z33kPreconditionOptimizer32bit1StateI6__halfLi5ELi4096ELi8EEvPT_S2_PfS3_ffffiffi
    0 bytes stack frame, 0 bytes spill stores, 0 bytes spill loads
ptxas info    : Used 44 registers, used 1 barriers, 416 bytes cmem[0]
ptxas info    : Compile time = 13.177 ms
ptxas info    : Compiling entry function '_Z33kPreconditionOptimizer32bit1StateIfLi2ELi4096ELi8EEvPT_S1_PfS2_ffffiffi' for 'sm_89'
ptxas info    : Function properties for _Z33kPreconditionOptimizer32bit1StateIfLi2ELi4096ELi8EEvPT_S1_PfS2_ffffiffi
    0 bytes stack frame, 0 bytes spill stores, 0 bytes spill loads
ptxas info    : Used 44 registers, used 1 barriers, 416 bytes cmem[0]
ptxas info    : Compile time = 13.024 ms
ptxas info    : Compiling entry function '_Z33kPreconditionOptimizer32bit1StateI6__halfLi2ELi4096ELi8EEvPT_S2_PfS3_ffffiffi' for 'sm_89'
ptxas info    : Function properties for _Z33kPreconditionOptimizer32bit1StateI6__halfLi2ELi4096ELi8EEvPT_S2_PfS3_ffffiffi
    0 bytes stack frame, 0 bytes spill stores, 0 bytes spill loads
ptxas info    : Used 44 registers, used 1 barriers, 416 bytes cmem[0]
ptxas info    : Compile time = 14.224 ms
ptxas info    : Compiling entry function '_Z33kPreconditionOptimizer32bit1StateIfLi1ELi4096ELi8EEvPT_S1_PfS2_ffffiffi' for 'sm_89'
ptxas info    : Function properties for _Z33kPreconditionOptimizer32bit1StateIfLi1ELi4096ELi8EEvPT_S1_PfS2_ffffiffi
    0 bytes stack frame, 0 bytes spill stores, 0 bytes spill loads
ptxas info    : Used 46 registers, used 1 barriers, 416 bytes cmem[0]
ptxas info    : Compile time = 12.952 ms
ptxas info    : Compiling entry function '_Z33kPreconditionOptimizer32bit1StateI6__halfLi1ELi4096ELi8EEvPT_S2_PfS3_ffffiffi' for 'sm_89'
ptxas info    : Function properties for _Z33kPreconditionOptimizer32bit1StateI6__halfLi1ELi4096ELi8EEvPT_S2_PfS3_ffffiffi
    0 bytes stack frame, 0 bytes spill stores, 0 bytes spill loads
ptxas info    : Used 45 registers, used 1 barriers, 416 bytes cmem[0]
ptxas info    : Compile time = 13.810 ms
ptxas info    : Compiling entry function '_Z18kEstimateQuantilesI6__halfEvPT_PffS1_i' for 'sm_89'
ptxas info    : Function properties for _Z18kEstimateQuantilesI6__halfEvPT_PffS1_i
    16 bytes stack frame, 0 bytes spill stores, 0 bytes spill loads
ptxas info    : Used 81 registers, used 1 barriers, 380 bytes cmem[0]
ptxas info    : Compile time = 26.209 ms
ptxas info    : Compiling entry function '_Z18kEstimateQuantilesIfEvPT_PffS0_i' for 'sm_89'
ptxas info    : Function properties for _Z18kEstimateQuantilesIfEvPT_PffS0_i
    32 bytes stack frame, 0 bytes spill stores, 0 bytes spill loads
ptxas info    : Used 83 registers, used 1 barriers, 380 bytes cmem[0]
ptxas info    : Compile time = 23.915 ms
ptxas info    : Compiling entry function '_Z18kDoubleRowColQuantILi64ELi4ELi16ELi256ELi1EEvP6__halfPfS2_PcS3_PiS4_S1_S4_fiii' for 'sm_89'
ptxas info    : Function properties for _Z18kDoubleRowColQuantILi64ELi4ELi16ELi256ELi1EEvP6__halfPfS2_PcS3_PiS4_S1_S4_fiii
    0 bytes stack frame, 0 bytes spill stores, 0 bytes spill loads
ptxas info    : Used 40 registers, used 1 barriers, 440 bytes cmem[0]
ptxas info    : Compile time = 7.361 ms
ptxas info    : Compiling entry function '_Z18kDoubleRowColQuantILi64ELi4ELi16ELi256ELi0EEvP6__halfPfS2_PcS3_PiS4_S1_S4_fiii' for 'sm_89'
ptxas info    : Function properties for _Z18kDoubleRowColQuantILi64ELi4ELi16ELi256ELi0EEvP6__halfPfS2_PcS3_PiS4_S1_S4_fiii
    0 bytes stack frame, 0 bytes spill stores, 0 bytes spill loads
ptxas info    : Used 36 registers, used 1 barriers, 440 bytes cmem[0]
ptxas info    : Compile time = 5.233 ms
ptxas info    : Compiling entry function '_Z22kdequant_mm_int32_fp16ILi4ELi128ELi512EEvPiPfS1_P6__halfS1_S1_S3_iiii' for 'sm_89'
ptxas info    : Function properties for _Z22kdequant_mm_int32_fp16ILi4ELi128ELi512EEvPiPfS1_P6__halfS1_S1_S3_iiii
    0 bytes stack frame, 0 bytes spill stores, 0 bytes spill loads
ptxas info    : Used 37 registers, used 1 barriers, 424 bytes cmem[0]
ptxas info    : Compile time = 6.835 ms
ptxas info    : Compiling entry function '_Z21kTransformRowToFormatILi256ELi8ELi32ELi256ELi1ELi4EEvPcS0_iiiii' for 'sm_89'
ptxas info    : Function properties for _Z21kTransformRowToFormatILi256ELi8ELi32ELi256ELi1ELi4EEvPcS0_iiiii
    0 bytes stack frame, 0 bytes spill stores, 0 bytes spill loads
ptxas info    : Used 31 registers, used 1 barriers, 388 bytes cmem[0]
ptxas info    : Compile time = 7.285 ms
ptxas info    : Compiling entry function '_Z21kTransformRowToFormatILi256ELi8ELi32ELi256ELi0ELi4EEvPcS0_iiiii' for 'sm_89'
ptxas info    : Function properties for _Z21kTransformRowToFormatILi256ELi8ELi32ELi256ELi0ELi4EEvPcS0_iiiii
    0 bytes stack frame, 0 bytes spill stores, 0 bytes spill loads
ptxas info    : Used 40 registers, used 1 barriers, 388 bytes cmem[0]
ptxas info    : Compile time = 6.672 ms
ptxas info    : Compiling entry function '_Z21kTransformRowToFormatILi256ELi8ELi32ELi256ELi1ELi3EEvPcS0_iiiii' for 'sm_89'
ptxas info    : Function properties for _Z21kTransformRowToFormatILi256ELi8ELi32ELi256ELi1ELi3EEvPcS0_iiiii
    0 bytes stack frame, 0 bytes spill stores, 0 bytes spill loads
ptxas info    : Used 30 registers, used 1 barriers, 388 bytes cmem[0]
ptxas info    : Compile time = 7.135 ms
ptxas info    : Compiling entry function '_Z21kTransformRowToFormatILi256ELi8ELi32ELi256ELi0ELi3EEvPcS0_iiiii' for 'sm_89'
ptxas info    : Function properties for _Z21kTransformRowToFormatILi256ELi8ELi32ELi256ELi0ELi3EEvPcS0_iiiii
    0 bytes stack frame, 0 bytes spill stores, 0 bytes spill loads
ptxas info    : Used 32 registers, used 1 barriers, 388 bytes cmem[0]
ptxas info    : Compile time = 7.687 ms
ptxas info    : Compiling entry function '_Z21kTransformRowToFormatILi256ELi8ELi32ELi256ELi1ELi2EEvPcS0_iiiii' for 'sm_89'
ptxas info    : Function properties for _Z21kTransformRowToFormatILi256ELi8ELi32ELi256ELi1ELi2EEvPcS0_iiiii
    0 bytes stack frame, 0 bytes spill stores, 0 bytes spill loads
ptxas info    : Used 40 registers, used 1 barriers, 388 bytes cmem[0]
ptxas info    : Compile time = 6.528 ms
ptxas info    : Compiling entry function '_Z21kTransformRowToFormatILi256ELi8ELi32ELi256ELi0ELi2EEvPcS0_iiiii' for 'sm_89'
ptxas info    : Function properties for _Z21kTransformRowToFormatILi256ELi8ELi32ELi256ELi0ELi2EEvPcS0_iiiii
    0 bytes stack frame, 0 bytes spill stores, 0 bytes spill loads
ptxas info    : Used 40 registers, used 1 barriers, 388 bytes cmem[0]
ptxas info    : Compile time = 6.223 ms
ptxas info    : Compiling entry function '_Z27kspmm_coo_very_sparse_naiveIaLi32ELi8EEvPiS0_S0_S0_S0_P6__halfPT_S2_Pfiiii' for 'sm_89'
ptxas info    : Function properties for _Z27kspmm_coo_very_sparse_naiveIaLi32ELi8EEvPiS0_S0_S0_S0_P6__halfPT_S2_Pfiiii
    192 bytes stack frame, 0 bytes spill stores, 0 bytes spill loads
ptxas info    : Used 48 registers, used 1 barriers, 440 bytes cmem[0]
ptxas info    : Compile time = 68.469 ms
ptxas info    : Compiling entry function '_Z27kspmm_coo_very_sparse_naiveIaLi16ELi8EEvPiS0_S0_S0_S0_P6__halfPT_S2_Pfiiii' for 'sm_89'
ptxas info    : Function properties for _Z27kspmm_coo_very_sparse_naiveIaLi16ELi8EEvPiS0_S0_S0_S0_P6__halfPT_S2_Pfiiii
    192 bytes stack frame, 0 bytes spill stores, 0 bytes spill loads
ptxas info    : Used 40 registers, used 1 barriers, 440 bytes cmem[0]
ptxas info    : Compile time = 38.930 ms
ptxas info    : Compiling entry function '_Z27kspmm_coo_very_sparse_naiveIaLi8ELi8EEvPiS0_S0_S0_S0_P6__halfPT_S2_Pfiiii' for 'sm_89'
ptxas info    : Function properties for _Z27kspmm_coo_very_sparse_naiveIaLi8ELi8EEvPiS0_S0_S0_S0_P6__halfPT_S2_Pfiiii
    192 bytes stack frame, 0 bytes spill stores, 0 bytes spill loads
ptxas info    : Used 39 registers, used 1 barriers, 440 bytes cmem[0]
ptxas info    : Compile time = 25.385 ms
ptxas info    : Compiling entry function '_Z27kspmm_coo_very_sparse_naiveI6__halfLi32ELi16EEvPiS1_S1_S1_S1_PS0_PT_S2_Pfiiii' for 'sm_89'
ptxas info    : Function properties for _Z27kspmm_coo_very_sparse_naiveI6__halfLi32ELi16EEvPiS1_S1_S1_S1_PS0_PT_S2_Pfiiii
    192 bytes stack frame, 0 bytes spill stores, 0 bytes spill loads
ptxas info    : Used 40 registers, used 1 barriers, 440 bytes cmem[0]
ptxas info    : Compile time = 36.847 ms
ptxas info    : Compiling entry function '_Z27kspmm_coo_very_sparse_naiveI6__halfLi16ELi16EEvPiS1_S1_S1_S1_PS0_PT_S2_Pfiiii' for 'sm_89'
ptxas info    : Function properties for _Z27kspmm_coo_very_sparse_naiveI6__halfLi16ELi16EEvPiS1_S1_S1_S1_PS0_PT_S2_Pfiiii
    192 bytes stack frame, 0 bytes spill stores, 0 bytes spill loads
ptxas info    : Used 40 registers, used 1 barriers, 440 bytes cmem[0]
ptxas info    : Compile time = 23.766 ms
ptxas info    : Compiling entry function '_Z27kspmm_coo_very_sparse_naiveI6__halfLi8ELi16EEvPiS1_S1_S1_S1_PS0_PT_S2_Pfiiii' for 'sm_89'
ptxas info    : Function properties for _Z27kspmm_coo_very_sparse_naiveI6__halfLi8ELi16EEvPiS1_S1_S1_S1_PS0_PT_S2_Pfiiii
    192 bytes stack frame, 0 bytes spill stores, 0 bytes spill loads
ptxas info    : Used 40 registers, used 1 barriers, 440 bytes cmem[0]
ptxas info    : Compile time = 17.979 ms
ptxas info    : Compiling entry function '_Z16kExtractOutliersILi4EEvPcPiS0_iiiii' for 'sm_89'
ptxas info    : Function properties for _Z16kExtractOutliersILi4EEvPcPiS0_iiiii
    0 bytes stack frame, 0 bytes spill stores, 0 bytes spill loads
ptxas info    : Used 14 registers, used 0 barriers, 396 bytes cmem[0]
ptxas info    : Compile time = 2.381 ms
ptxas info    : Compiling entry function '_Z16kExtractOutliersILi3EEvPcPiS0_iiiii' for 'sm_89'
ptxas info    : Function properties for _Z16kExtractOutliersILi3EEvPcPiS0_iiiii
    0 bytes stack frame, 0 bytes spill stores, 0 bytes spill loads
ptxas info    : Used 13 registers, used 0 barriers, 396 bytes cmem[0]
ptxas info    : Compile time = 2.392 ms
ptxas info    : Compiling entry function '_Z26kgemm_4bit_inference_naiveIfLi128ELi32EEviiiPT_PhPfPKfS1_iiii' for 'sm_89'
ptxas info    : Function properties for _Z26kgemm_4bit_inference_naiveIfLi128ELi32EEviiiPT_PhPfPKfS1_iiii
    0 bytes stack frame, 0 bytes spill stores, 0 bytes spill loads
ptxas info    : Used 40 registers, used 1 barriers, 424 bytes cmem[0]
ptxas info    : Compile time = 19.354 ms
ptxas info    : Compiling entry function '_Z26kgemm_4bit_inference_naiveI13__nv_bfloat16Li128ELi16EEviiiPT_PhPfPKfS2_iiii' for 'sm_89'
ptxas info    : Function properties for _Z26kgemm_4bit_inference_naiveI13__nv_bfloat16Li128ELi16EEviiiPT_PhPfPKfS2_iiii
    0 bytes stack frame, 0 bytes spill stores, 0 bytes spill loads
ptxas info    : Used 40 registers, used 1 barriers, 424 bytes cmem[0]
ptxas info    : Compile time = 23.047 ms
ptxas info    : Compiling entry function '_Z26kgemm_4bit_inference_naiveI6__halfLi128ELi16EEviiiPT_PhPfPKfS2_iiii' for 'sm_89'
ptxas info    : Function properties for _Z26kgemm_4bit_inference_naiveI6__halfLi128ELi16EEviiiPT_PhPfPKfS2_iiii
    0 bytes stack frame, 0 bytes spill stores, 0 bytes spill loads
ptxas info    : Used 40 registers, used 1 barriers, 424 bytes cmem[0]
ptxas info    : Compile time = 22.877 ms
ptxas info    : Compiling entry function '_Z20kgemm_4bit_inferenceI6__halfLi256EEviiiPT_PhPfS2_iiii' for 'sm_89'
ptxas info    : Function properties for _Z20kgemm_4bit_inferenceI6__halfLi256EEviiiPT_PhPfS2_iiii
    32 bytes stack frame, 0 bytes spill stores, 0 bytes spill loads
ptxas info    : Used 56 registers, used 1 barriers, 416 bytes cmem[0]
ptxas info    : Compile time = 24.400 ms
ptxas info    : Compiling entry function '_Z20kgemm_4bit_inferenceI6__halfLi160EEviiiPT_PhPfS2_iiii' for 'sm_89'
ptxas info    : Function properties for _Z20kgemm_4bit_inferenceI6__halfLi160EEviiiPT_PhPfS2_iiii
    32 bytes stack frame, 0 bytes spill stores, 0 bytes spill loads
ptxas info    : Used 56 registers, used 1 barriers, 416 bytes cmem[0]
ptxas info    : Compile time = 24.231 ms
ptxas info    : Compiling entry function '_Z20kgemm_4bit_inferenceI6__halfLi128EEviiiPT_PhPfS2_iiii' for 'sm_89'
ptxas info    : Function properties for _Z20kgemm_4bit_inferenceI6__halfLi128EEviiiPT_PhPfS2_iiii
    32 bytes stack frame, 0 bytes spill stores, 0 bytes spill loads
ptxas info    : Used 56 registers, used 1 barriers, 416 bytes cmem[0]
ptxas info    : Compile time = 24.340 ms
ptxas info    : Compiling entry function '_Z20kgemm_4bit_inferenceI6__halfLi96EEviiiPT_PhPfS2_iiii' for 'sm_89'
ptxas info    : Function properties for _Z20kgemm_4bit_inferenceI6__halfLi96EEviiiPT_PhPfS2_iiii
    32 bytes stack frame, 0 bytes spill stores, 0 bytes spill loads
ptxas info    : Used 56 registers, used 1 barriers, 416 bytes cmem[0]
ptxas info    : Compile time = 24.129 ms
ptxas info    : Compiling entry function '_Z11gemm_deviceI6__halfLi16ELi96EEviiiPT_S2_S2_iii' for 'sm_89'
ptxas info    : Function properties for _Z11gemm_deviceI6__halfLi16ELi96EEviiiPT_S2_S2_iii
    0 bytes stack frame, 0 bytes spill stores, 0 bytes spill loads
ptxas info    : Used 167 registers, used 1 barriers, 404 bytes cmem[0]
ptxas info    : Compile time = 35.617 ms
ptxas info    : Compiling entry function '_Z11gemm_deviceI6__halfLi16ELi64EEviiiPT_S2_S2_iii' for 'sm_89'
ptxas info    : Function properties for _Z11gemm_deviceI6__halfLi16ELi64EEviiiPT_S2_S2_iii
    0 bytes stack frame, 0 bytes spill stores, 0 bytes spill loads
ptxas info    : Used 167 registers, used 1 barriers, 404 bytes cmem[0]
ptxas info    : Compile time = 35.429 ms
ptxas info    : Compiling entry function '_Z11gemm_deviceI6__halfLi16ELi32EEviiiPT_S2_S2_iii' for 'sm_89'
ptxas info    : Function properties for _Z11gemm_deviceI6__halfLi16ELi32EEviiiPT_S2_S2_iii
    0 bytes stack frame, 0 bytes spill stores, 0 bytes spill loads
ptxas info    : Used 167 registers, used 1 barriers, 404 bytes cmem[0]
ptxas info    : Compile time = 35.191 ms
ptxas info    : Compiling entry function '_Z11gemm_deviceI6__halfLi16ELi128EEviiiPT_S2_S2_iii' for 'sm_89'
ptxas info    : Function properties for _Z11gemm_deviceI6__halfLi16ELi128EEviiiPT_S2_S2_iii
    0 bytes stack frame, 0 bytes spill stores, 0 bytes spill loads
ptxas info    : Used 167 registers, used 1 barriers, 404 bytes cmem[0]
ptxas info    : Compile time = 35.097 ms
ptxas info    : Compiling entry function '_Z11gemm_deviceI6__halfLi16ELi160EEviiiPT_S2_S2_iii' for 'sm_89'
ptxas info    : Function properties for _Z11gemm_deviceI6__halfLi16ELi160EEviiiPT_S2_S2_iii
    0 bytes stack frame, 0 bytes spill stores, 0 bytes spill loads
ptxas info    : Used 167 registers, used 1 barriers, 404 bytes cmem[0]
ptxas info    : Compile time = 35.178 ms
ptxas info    : Compiling entry function '_Z11gemm_deviceI6__halfLi16ELi192EEviiiPT_S2_S2_iii' for 'sm_89'
ptxas info    : Function properties for _Z11gemm_deviceI6__halfLi16ELi192EEviiiPT_S2_S2_iii
    0 bytes stack frame, 0 bytes spill stores, 0 bytes spill loads
ptxas info    : Used 167 registers, used 1 barriers, 404 bytes cmem[0]
ptxas info    : Compile time = 34.961 ms
ptxas info    : Compiling entry function '_Z11gemm_deviceI6__halfLi16ELi256EEviiiPT_S2_S2_iii' for 'sm_89'
ptxas info    : Function properties for _Z11gemm_deviceI6__halfLi16ELi256EEviiiPT_S2_S2_iii
    0 bytes stack frame, 0 bytes spill stores, 0 bytes spill loads
ptxas info    : Used 167 registers, used 1 barriers, 404 bytes cmem[0]
ptxas info    : Compile time = 35.241 ms
ptxas info    : Compiling entry function '_Z11gemm_deviceI6__halfLi32ELi96EEviiiPT_S2_S2_iii' for 'sm_89'
ptxas info    : Function properties for _Z11gemm_deviceI6__halfLi32ELi96EEviiiPT_S2_S2_iii
    0 bytes stack frame, 0 bytes spill stores, 0 bytes spill loads
ptxas info    : Used 167 registers, used 1 barriers, 404 bytes cmem[0]
ptxas info    : Compile time = 35.037 ms
ptxas info    : Compiling entry function '_Z11gemm_deviceI6__halfLi32ELi64EEviiiPT_S2_S2_iii' for 'sm_89'
ptxas info    : Function properties for _Z11gemm_deviceI6__halfLi32ELi64EEviiiPT_S2_S2_iii
    0 bytes stack frame, 0 bytes spill stores, 0 bytes spill loads
ptxas info    : Used 167 registers, used 1 barriers, 404 bytes cmem[0]
ptxas info    : Compile time = 35.047 ms
ptxas info    : Compiling entry function '_Z11gemm_deviceI6__halfLi32ELi32EEviiiPT_S2_S2_iii' for 'sm_89'
ptxas info    : Function properties for _Z11gemm_deviceI6__halfLi32ELi32EEviiiPT_S2_S2_iii
    0 bytes stack frame, 0 bytes spill stores, 0 bytes spill loads
ptxas info    : Used 167 registers, used 1 barriers, 404 bytes cmem[0]
ptxas info    : Compile time = 35.102 ms
ptxas info    : Compiling entry function '_Z11gemm_deviceI6__halfLi32ELi128EEviiiPT_S2_S2_iii' for 'sm_89'
ptxas info    : Function properties for _Z11gemm_deviceI6__halfLi32ELi128EEviiiPT_S2_S2_iii
    0 bytes stack frame, 0 bytes spill stores, 0 bytes spill loads
ptxas info    : Used 167 registers, used 1 barriers, 404 bytes cmem[0]
ptxas info    : Compile time = 35.228 ms
ptxas info    : Compiling entry function '_Z11gemm_deviceI6__halfLi32ELi160EEviiiPT_S2_S2_iii' for 'sm_89'
ptxas info    : Function properties for _Z11gemm_deviceI6__halfLi32ELi160EEviiiPT_S2_S2_iii
    0 bytes stack frame, 0 bytes spill stores, 0 bytes spill loads
ptxas info    : Used 167 registers, used 1 barriers, 404 bytes cmem[0]
ptxas info    : Compile time = 35.817 ms
ptxas info    : Compiling entry function '_Z11gemm_deviceI6__halfLi32ELi192EEviiiPT_S2_S2_iii' for 'sm_89'
ptxas info    : Function properties for _Z11gemm_deviceI6__halfLi32ELi192EEviiiPT_S2_S2_iii
    0 bytes stack frame, 0 bytes spill stores, 0 bytes spill loads
ptxas info    : Used 167 registers, used 1 barriers, 404 bytes cmem[0]
ptxas info    : Compile time = 35.714 ms
ptxas info    : Compiling entry function '_Z11gemm_deviceI6__halfLi32ELi256EEviiiPT_S2_S2_iii' for 'sm_89'
ptxas info    : Function properties for _Z11gemm_deviceI6__halfLi32ELi256EEviiiPT_S2_S2_iii
    0 bytes stack frame, 0 bytes spill stores, 0 bytes spill loads
ptxas info    : Used 167 registers, used 1 barriers, 404 bytes cmem[0]
ptxas info    : Compile time = 35.545 ms
ptxas info    : Compiling entry function '_Z5kfuncIfLi2EEvPT_S1_S0_l' for 'sm_89'
ptxas info    : Function properties for _Z5kfuncIfLi2EEvPT_S1_S0_l
    0 bytes stack frame, 0 bytes spill stores, 0 bytes spill loads
ptxas info    : Used 24 registers, used 0 barriers, 384 bytes cmem[0]
ptxas info    : Compile time = 4.411 ms
ptxas info    : Compiling entry function '_Z5kfuncIfLi1EEvPT_S1_S0_l' for 'sm_89'
ptxas info    : Function properties for _Z5kfuncIfLi1EEvPT_S1_S0_l
    0 bytes stack frame, 0 bytes spill stores, 0 bytes spill loads
ptxas info    : Used 30 registers, used 0 barriers, 384 bytes cmem[0]
ptxas info    : Compile time = 3.667 ms
ptxas info    : Compiling entry function '_Z5kfuncIhLi0EEvPT_S1_S0_l' for 'sm_89'
ptxas info    : Function properties for _Z5kfuncIhLi0EEvPT_S1_S0_l
    0 bytes stack frame, 0 bytes spill stores, 0 bytes spill loads
ptxas info    : Used 24 registers, used 0 barriers, 384 bytes cmem[0]
ptxas info    : Compile time = 3.347 ms
ptxas info    : Compiling entry function '_Z5kfuncIfLi0EEvPT_S1_S0_l' for 'sm_89'
ptxas info    : Function properties for _Z5kfuncIfLi0EEvPT_S1_S0_l
    0 bytes stack frame, 0 bytes spill stores, 0 bytes spill loads
ptxas info    : Used 24 registers, used 0 barriers, 384 bytes cmem[0]
ptxas info    : Compile time = 3.529 ms
ptxas info    : Compiling entry function '_Z15kgetColRowStatsI6__halfLi64ELi4ELi16ELi256ELi1EEvPT_PfS3_Pifiiii' for 'sm_89'
ptxas info    : Function properties for _Z15kgetColRowStatsI6__halfLi64ELi4ELi16ELi256ELi1EEvPT_PfS3_Pifiiii
    0 bytes stack frame, 0 bytes spill stores, 0 bytes spill loads
ptxas info    : Used 30 registers, used 1 barriers, 404 bytes cmem[0]
ptxas info    : Compile time = 9.654 ms
ptxas info    : Compiling entry function '_Z15kgetColRowStatsI6__halfLi64ELi4ELi16ELi256ELi0EEvPT_PfS3_Pifiiii' for 'sm_89'
ptxas info    : Function properties for _Z15kgetColRowStatsI6__halfLi64ELi4ELi16ELi256ELi0EEvPT_PfS3_Pifiiii
    0 bytes stack frame, 0 bytes spill stores, 0 bytes spill loads
ptxas info    : Used 28 registers, used 1 barriers, 404 bytes cmem[0]
ptxas info    : Compile time = 8.462 ms
ptxas info    : Compiling entry function '_Z11kDequantizePfPhS_i' for 'sm_89'
ptxas info    : Function properties for _Z11kDequantizePfPhS_i
    0 bytes stack frame, 0 bytes spill stores, 0 bytes spill loads
ptxas info    : Used 12 registers, used 1 barriers, 1024 bytes smem, 380 bytes cmem[0]
ptxas info    : Compile time = 2.122 ms
ptxas info    : Compiling entry function '_Z9kQuantizePfS_Phi' for 'sm_89'
ptxas info    : Function properties for _Z9kQuantizePfS_Phi
    0 bytes stack frame, 0 bytes spill stores, 0 bytes spill loads
ptxas info    : Used 51 registers, used 1 barriers, 21520 bytes smem, 380 bytes cmem[0]
ptxas info    : Compile time = 12.302 ms
ptxas info    : Compiling entry function '_Z22kHistogramScatterAdd2DPfPiS0_S_ii' for 'sm_89'
ptxas info    : Function properties for _Z22kHistogramScatterAdd2DPfPiS0_S_ii
    0 bytes stack frame, 0 bytes spill stores, 0 bytes spill loads
ptxas info    : Used 14 registers, used 0 barriers, 392 bytes cmem[0]
ptxas info    : Compile time = 1.920 ms
ptxas info    : Function properties for _Z9dQuantizeILi1EEhPfff
    0 bytes stack frame, 0 bytes spill stores, 0 bytes spill loads
ptxas info    : Compile time = 3.198 ms
ptxas info    : Function properties for _Z12printnonzeroI6__halfEvPT_iPKc
    32 bytes stack frame, 8 bytes spill stores, 8 bytes spill loads
ptxas info    : Compile time = 4.648 ms
ptxas info    : Function properties for _Z12printnonzeroIfEvPT_iPKc
    32 bytes stack frame, 8 bytes spill stores, 8 bytes spill loads
ptxas info    : Compile time = 4.506 ms
ptxas info    : Function properties for _Z9dQuantizeILi0EEhPfff
    0 bytes stack frame, 0 bytes spill stores, 0 bytes spill loads
ptxas info    : Compile time = 3.211 ms
ptxas info    : Function properties for _Z12dQuantizeNF4f
    0 bytes stack frame, 0 bytes spill stores, 0 bytes spill loads
ptxas info    : Compile time = 2.064 ms
ptxas info    : Function properties for _Z14dDequantizeNF4h
    0 bytes stack frame, 0 bytes spill stores, 0 bytes spill loads
ptxas info    : Compile time = 2.042 ms
ptxas info    : Function properties for _Z15dhDequantizeNF4h
    0 bytes stack frame, 0 bytes spill stores, 0 bytes spill loads
ptxas info    : Compile time = 2.362 ms
ptxas info    : Function properties for _Z12dQuantizeFP4f
    0 bytes stack frame, 0 bytes spill stores, 0 bytes spill loads
ptxas info    : Compile time = 1.803 ms
ptxas info    : Function properties for _Z18dDequantizeFP4Treehf
    0 bytes stack frame, 0 bytes spill stores, 0 bytes spill loads
ptxas info    : Compile time = 1.952 ms
ptxas info    : Function properties for _Z15d2DequantizeFP4h
    0 bytes stack frame, 0 bytes spill stores, 0 bytes spill loads
ptxas info    : Compile time = 1.761 ms
ptxas info    : Function properties for _Z14dDequantizeFP4hf
    0 bytes stack frame, 0 bytes spill stores, 0 bytes spill loads
ptxas info    : Compile time = 1.799 ms
ptxas info    : Function properties for _Z9atomicMinPff
    0 bytes stack frame, 0 bytes spill stores, 0 bytes spill loads
ptxas info    : Compile time = 1.678 ms
ptxas info    : Function properties for _Z9atomicMaxPff
    0 bytes stack frame, 0 bytes spill stores, 0 bytes spill loads
ptxas info    : Compile time = 1.631 ms
ptxas warning : Value of threads per SM for entry _Z9kQuantizePfS_Phi is out of range. .minnctapersm will be ignored
ptxas info    : 124 bytes gmem
ptxas info    : Compiling entry function '_ZN3cub33CUB_200700_750_800_860_890_900_NS11EmptyKernelIvEEvv' for 'sm_90'
ptxas info    : Function properties for _ZN3cub33CUB_200700_750_800_860_890_900_NS11EmptyKernelIvEEvv
    0 bytes stack frame, 0 bytes spill stores, 0 bytes spill loads
ptxas info    : Used 4 registers, used 0 barriers
ptxas info    : Compile time = 2.191 ms
ptxas info    : Compiling entry function '_Z35kOptimizerStatic8bit1StateBlockwiseI6__halfLi4ELi2048ELi8EEvPT_S2_PhfffifPfS4_ffbi' for 'sm_90'
ptxas info    : Function properties for _Z35kOptimizerStatic8bit1StateBlockwiseI6__halfLi4ELi2048ELi8EEvPT_S2_PhfffifPfS4_ffbi
    0 bytes stack frame, 0 bytes spill stores, 0 bytes spill loads
ptxas info    : Used 80 registers, used 1 barriers
ptxas info    : Compile time = 60.723 ms
ptxas info    : Compiling entry function '_Z35kOptimizerStatic8bit1StateBlockwiseIfLi4ELi2048ELi8EEvPT_S1_PhfffifPfS3_ffbi' for 'sm_90'
ptxas info    : Function properties for _Z35kOptimizerStatic8bit1StateBlockwiseIfLi4ELi2048ELi8EEvPT_S1_PhfffifPfS3_ffbi
    0 bytes stack frame, 0 bytes spill stores, 0 bytes spill loads
ptxas info    : Used 80 registers, used 1 barriers
ptxas info    : Compile time = 55.113 ms
ptxas info    : Compiling entry function '_Z35kOptimizerStatic8bit1StateBlockwiseI13__nv_bfloat16Li5ELi2048ELi8EEvPT_S2_PhfffifPfS4_ffbi' for 'sm_90'
ptxas info    : Function properties for _Z35kOptimizerStatic8bit1StateBlockwiseI13__nv_bfloat16Li5ELi2048ELi8EEvPT_S2_PhfffifPfS4_ffbi
    0 bytes stack frame, 0 bytes spill stores, 0 bytes spill loads
ptxas info    : Used 80 registers, used 1 barriers
ptxas info    : Compile time = 67.541 ms
ptxas info    : Compiling entry function '_Z35kOptimizerStatic8bit1StateBlockwiseI6__halfLi5ELi2048ELi8EEvPT_S2_PhfffifPfS4_ffbi' for 'sm_90'
ptxas info    : Function properties for _Z35kOptimizerStatic8bit1StateBlockwiseI6__halfLi5ELi2048ELi8EEvPT_S2_PhfffifPfS4_ffbi
    0 bytes stack frame, 0 bytes spill stores, 0 bytes spill loads
ptxas info    : Used 80 registers, used 1 barriers
ptxas info    : Compile time = 70.979 ms
ptxas info    : Compiling entry function '_Z35kOptimizerStatic8bit1StateBlockwiseIfLi5ELi2048ELi8EEvPT_S1_PhfffifPfS3_ffbi' for 'sm_90'
ptxas info    : Function properties for _Z35kOptimizerStatic8bit1StateBlockwiseIfLi5ELi2048ELi8EEvPT_S1_PhfffifPfS3_ffbi
    0 bytes stack frame, 0 bytes spill stores, 0 bytes spill loads
ptxas info    : Used 80 registers, used 1 barriers
ptxas info    : Compile time = 61.756 ms
ptxas info    : Compiling entry function '_Z35kOptimizerStatic8bit1StateBlockwiseI6__halfLi2ELi2048ELi8EEvPT_S2_PhfffifPfS4_ffbi' for 'sm_90'
ptxas info    : Function properties for _Z35kOptimizerStatic8bit1StateBlockwiseI6__halfLi2ELi2048ELi8EEvPT_S2_PhfffifPfS4_ffbi
    0 bytes stack frame, 0 bytes spill stores, 0 bytes spill loads
ptxas info    : Used 80 registers, used 1 barriers
ptxas info    : Compile time = 61.239 ms
ptxas info    : Compiling entry function '_Z35kOptimizerStatic8bit1StateBlockwiseIfLi2ELi2048ELi8EEvPT_S1_PhfffifPfS3_ffbi' for 'sm_90'
ptxas info    : Function properties for _Z35kOptimizerStatic8bit1StateBlockwiseIfLi2ELi2048ELi8EEvPT_S1_PhfffifPfS3_ffbi
    0 bytes stack frame, 0 bytes spill stores, 0 bytes spill loads
ptxas info    : Used 80 registers, used 1 barriers
ptxas info    : Compile time = 57.038 ms
ptxas info    : Compiling entry function '_Z35kOptimizerStatic8bit1StateBlockwiseI6__halfLi1ELi2048ELi8EEvPT_S2_PhfffifPfS4_ffbi' for 'sm_90'
ptxas info    : Function properties for _Z35kOptimizerStatic8bit1StateBlockwiseI6__halfLi1ELi2048ELi8EEvPT_S2_PhfffifPfS4_ffbi
    0 bytes stack frame, 0 bytes spill stores, 0 bytes spill loads
ptxas info    : Used 80 registers, used 1 barriers
ptxas info    : Compile time = 58.850 ms
ptxas info    : Compiling entry function '_Z35kOptimizerStatic8bit1StateBlockwiseIfLi1ELi2048ELi8EEvPT_S1_PhfffifPfS3_ffbi' for 'sm_90'
ptxas info    : Function properties for _Z35kOptimizerStatic8bit1StateBlockwiseIfLi1ELi2048ELi8EEvPT_S1_PhfffifPfS3_ffbi
    0 bytes stack frame, 0 bytes spill stores, 0 bytes spill loads
ptxas info    : Used 79 registers, used 1 barriers
ptxas info    : Compile time = 54.362 ms
ptxas info    : Compiling entry function '_Z35kOptimizerStatic8bit2StateBlockwiseI13__nv_bfloat16Li0ELi2048ELi8EEvPT_S2_PhS3_fffifPfS4_S4_S4_ffbi' for 'sm_90'
ptxas info    : Function properties for _Z35kOptimizerStatic8bit2StateBlockwiseI13__nv_bfloat16Li0ELi2048ELi8EEvPT_S2_PhS3_fffifPfS4_S4_S4_ffbi
    32 bytes stack frame, 32 bytes spill stores, 32 bytes spill loads
ptxas info    : Used 80 registers, used 1 barriers
ptxas info    : Compile time = 98.286 ms
ptxas info    : Compiling entry function '_Z35kOptimizerStatic8bit2StateBlockwiseI6__halfLi0ELi2048ELi8EEvPT_S2_PhS3_fffifPfS4_S4_S4_ffbi' for 'sm_90'
ptxas info    : Function properties for _Z35kOptimizerStatic8bit2StateBlockwiseI6__halfLi0ELi2048ELi8EEvPT_S2_PhS3_fffifPfS4_S4_S4_ffbi
    32 bytes stack frame, 32 bytes spill stores, 32 bytes spill loads
ptxas info    : Used 80 registers, used 1 barriers
ptxas info    : Compile time = 98.320 ms
ptxas info    : Compiling entry function '_Z35kOptimizerStatic8bit2StateBlockwiseIfLi0ELi2048ELi8EEvPT_S1_PhS2_fffifPfS3_S3_S3_ffbi' for 'sm_90'
ptxas info    : Function properties for _Z35kOptimizerStatic8bit2StateBlockwiseIfLi0ELi2048ELi8EEvPT_S1_PhS2_fffifPfS3_S3_S3_ffbi
    32 bytes stack frame, 32 bytes spill stores, 32 bytes spill loads
ptxas info    : Used 80 registers, used 1 barriers
ptxas info    : Compile time = 92.166 ms
ptxas info    : Compiling entry function '_Z20kDequantizeBlockwiseI13__nv_bfloat16Li512ELi64ELi8ELi2EEvPfPhS1_PT_ii' for 'sm_90'
ptxas info    : Function properties for _Z20kDequantizeBlockwiseI13__nv_bfloat16Li512ELi64ELi8ELi2EEvPfPhS1_PT_ii
    0 bytes stack frame, 0 bytes spill stores, 0 bytes spill loads
ptxas info    : Used 48 registers, used 1 barriers
ptxas info    : Compile time = 29.417 ms
ptxas info    : Compiling entry function '_Z20kDequantizeBlockwiseI13__nv_bfloat16Li512ELi64ELi8ELi0EEvPfPhS1_PT_ii' for 'sm_90'
ptxas info    : Function properties for _Z20kDequantizeBlockwiseI13__nv_bfloat16Li512ELi64ELi8ELi0EEvPfPhS1_PT_ii
    0 bytes stack frame, 0 bytes spill stores, 0 bytes spill loads
ptxas info    : Used 32 registers, used 1 barriers
ptxas info    : Compile time = 9.111 ms
ptxas info    : Compiling entry function '_Z20kDequantizeBlockwiseI13__nv_bfloat16Li512ELi64ELi8ELi1EEvPfPhS1_PT_ii' for 'sm_90'
ptxas info    : Function properties for _Z20kDequantizeBlockwiseI13__nv_bfloat16Li512ELi64ELi8ELi1EEvPfPhS1_PT_ii
    0 bytes stack frame, 0 bytes spill stores, 0 bytes spill loads
ptxas info    : Used 40 registers, used 1 barriers
ptxas info    : Compile time = 19.936 ms
ptxas info    : Compiling entry function '_Z20kDequantizeBlockwiseIfLi512ELi64ELi8ELi2EEvPfPhS0_PT_ii' for 'sm_90'
ptxas info    : Function properties for _Z20kDequantizeBlockwiseIfLi512ELi64ELi8ELi2EEvPfPhS0_PT_ii
    0 bytes stack frame, 0 bytes spill stores, 0 bytes spill loads
ptxas info    : Used 48 registers, used 1 barriers
ptxas info    : Compile time = 27.886 ms
ptxas info    : Compiling entry function '_Z20kDequantizeBlockwiseIfLi512ELi64ELi8ELi0EEvPfPhS0_PT_ii' for 'sm_90'
ptxas info    : Function properties for _Z20kDequantizeBlockwiseIfLi512ELi64ELi8ELi0EEvPfPhS0_PT_ii
    0 bytes stack frame, 0 bytes spill stores, 0 bytes spill loads
ptxas info    : Used 39 registers, used 1 barriers
ptxas info    : Compile time = 8.775 ms
ptxas info    : Compiling entry function '_Z20kDequantizeBlockwiseIfLi512ELi64ELi8ELi1EEvPfPhS0_PT_ii' for 'sm_90'
ptxas info    : Function properties for _Z20kDequantizeBlockwiseIfLi512ELi64ELi8ELi1EEvPfPhS0_PT_ii
    0 bytes stack frame, 0 bytes spill stores, 0 bytes spill loads
ptxas info    : Used 40 registers, used 1 barriers
ptxas info    : Compile time = 19.486 ms
ptxas info    : Compiling entry function '_Z20kDequantizeBlockwiseI6__halfLi512ELi64ELi8ELi2EEvPfPhS1_PT_ii' for 'sm_90'
ptxas info    : Function properties for _Z20kDequantizeBlockwiseI6__halfLi512ELi64ELi8ELi2EEvPfPhS1_PT_ii
    0 bytes stack frame, 0 bytes spill stores, 0 bytes spill loads
ptxas info    : Used 48 registers, used 1 barriers
ptxas info    : Compile time = 28.893 ms
ptxas info    : Compiling entry function '_Z20kDequantizeBlockwiseI6__halfLi512ELi64ELi8ELi0EEvPfPhS1_PT_ii' for 'sm_90'
ptxas info    : Function properties for _Z20kDequantizeBlockwiseI6__halfLi512ELi64ELi8ELi0EEvPfPhS1_PT_ii
    0 bytes stack frame, 0 bytes spill stores, 0 bytes spill loads
ptxas info    : Used 32 registers, used 1 barriers
ptxas info    : Compile time = 9.103 ms
ptxas info    : Compiling entry function '_Z20kDequantizeBlockwiseI6__halfLi512ELi64ELi8ELi1EEvPfPhS1_PT_ii' for 'sm_90'
ptxas info    : Function properties for _Z20kDequantizeBlockwiseI6__halfLi512ELi64ELi8ELi1EEvPfPhS1_PT_ii
    0 bytes stack frame, 0 bytes spill stores, 0 bytes spill loads
ptxas info    : Used 40 registers, used 1 barriers
ptxas info    : Compile time = 20.099 ms
ptxas info    : Compiling entry function '_Z18kQuantizeBlockwiseI13__nv_bfloat16Li64ELi2ELi0ELi2EEvPfPT_S1_PhS1_ii' for 'sm_90'
ptxas info    : Function properties for _Z18kQuantizeBlockwiseI13__nv_bfloat16Li64ELi2ELi0ELi2EEvPfPT_S1_PhS1_ii
    0 bytes stack frame, 0 bytes spill stores, 0 bytes spill loads
ptxas info    : Used 22 registers, used 1 barriers
ptxas info    : Compile time = 7.344 ms
ptxas info    : Compiling entry function '_Z18kQuantizeBlockwiseI13__nv_bfloat16Li128ELi2ELi0ELi2EEvPfPT_S1_PhS1_ii' for 'sm_90'
ptxas info    : Function properties for _Z18kQuantizeBlockwiseI13__nv_bfloat16Li128ELi2ELi0ELi2EEvPfPT_S1_PhS1_ii
    0 bytes stack frame, 0 bytes spill stores, 0 bytes spill loads
ptxas info    : Used 28 registers, used 1 barriers
ptxas info    : Compile time = 8.077 ms
ptxas info    : Compiling entry function '_Z18kQuantizeBlockwiseI13__nv_bfloat16Li256ELi2ELi0ELi2EEvPfPT_S1_PhS1_ii' for 'sm_90'
ptxas info    : Function properties for _Z18kQuantizeBlockwiseI13__nv_bfloat16Li256ELi2ELi0ELi2EEvPfPT_S1_PhS1_ii
    0 bytes stack frame, 0 bytes spill stores, 0 bytes spill loads
ptxas info    : Used 28 registers, used 1 barriers
ptxas info    : Compile time = 8.471 ms
ptxas info    : Compiling entry function '_Z18kQuantizeBlockwiseI13__nv_bfloat16Li512ELi2ELi0ELi2EEvPfPT_S1_PhS1_ii' for 'sm_90'
ptxas info    : Function properties for _Z18kQuantizeBlockwiseI13__nv_bfloat16Li512ELi2ELi0ELi2EEvPfPT_S1_PhS1_ii
    0 bytes stack frame, 0 bytes spill stores, 0 bytes spill loads
ptxas info    : Used 31 registers, used 1 barriers
ptxas info    : Compile time = 9.129 ms
ptxas info    : Compiling entry function '_Z18kQuantizeBlockwiseI13__nv_bfloat16Li1024ELi4ELi0ELi2EEvPfPT_S1_PhS1_ii' for 'sm_90'
ptxas info    : Function properties for _Z18kQuantizeBlockwiseI13__nv_bfloat16Li1024ELi4ELi0ELi2EEvPfPT_S1_PhS1_ii
    0 bytes stack frame, 0 bytes spill stores, 0 bytes spill loads
ptxas info    : Used 30 registers, used 1 barriers
ptxas info    : Compile time = 11.564 ms
ptxas info    : Compiling entry function '_Z18kQuantizeBlockwiseI13__nv_bfloat16Li2048ELi4ELi0ELi2EEvPfPT_S1_PhS1_ii' for 'sm_90'
ptxas info    : Function properties for _Z18kQuantizeBlockwiseI13__nv_bfloat16Li2048ELi4ELi0ELi2EEvPfPT_S1_PhS1_ii
    0 bytes stack frame, 0 bytes spill stores, 0 bytes spill loads
ptxas info    : Used 30 registers, used 1 barriers
ptxas info    : Compile time = 12.929 ms
ptxas info    : Compiling entry function '_Z18kQuantizeBlockwiseI13__nv_bfloat16Li4096ELi4ELi0ELi2EEvPfPT_S1_PhS1_ii' for 'sm_90'
ptxas info    : Function properties for _Z18kQuantizeBlockwiseI13__nv_bfloat16Li4096ELi4ELi0ELi2EEvPfPT_S1_PhS1_ii
    0 bytes stack frame, 0 bytes spill stores, 0 bytes spill loads
ptxas info    : Used 30 registers, used 1 barriers
ptxas info    : Compile time = 15.328 ms
ptxas info    : Compiling entry function '_Z18kQuantizeBlockwiseI13__nv_bfloat16Li64ELi2ELi0ELi1EEvPfPT_S1_PhS1_ii' for 'sm_90'
ptxas info    : Function properties for _Z18kQuantizeBlockwiseI13__nv_bfloat16Li64ELi2ELi0ELi1EEvPfPT_S1_PhS1_ii
    0 bytes stack frame, 0 bytes spill stores, 0 bytes spill loads
ptxas info    : Used 22 registers, used 1 barriers
ptxas info    : Compile time = 6.989 ms
ptxas info    : Compiling entry function '_Z18kQuantizeBlockwiseI13__nv_bfloat16Li128ELi2ELi0ELi1EEvPfPT_S1_PhS1_ii' for 'sm_90'
ptxas info    : Function properties for _Z18kQuantizeBlockwiseI13__nv_bfloat16Li128ELi2ELi0ELi1EEvPfPT_S1_PhS1_ii
    0 bytes stack frame, 0 bytes spill stores, 0 bytes spill loads
ptxas info    : Used 28 registers, used 1 barriers
ptxas info    : Compile time = 7.705 ms
ptxas info    : Compiling entry function '_Z18kQuantizeBlockwiseI13__nv_bfloat16Li256ELi2ELi0ELi1EEvPfPT_S1_PhS1_ii' for 'sm_90'
ptxas info    : Function properties for _Z18kQuantizeBlockwiseI13__nv_bfloat16Li256ELi2ELi0ELi1EEvPfPT_S1_PhS1_ii
    0 bytes stack frame, 0 bytes spill stores, 0 bytes spill loads
ptxas info    : Used 28 registers, used 1 barriers
ptxas info    : Compile time = 8.086 ms
ptxas info    : Compiling entry function '_Z18kQuantizeBlockwiseI13__nv_bfloat16Li512ELi2ELi0ELi1EEvPfPT_S1_PhS1_ii' for 'sm_90'
ptxas info    : Function properties for _Z18kQuantizeBlockwiseI13__nv_bfloat16Li512ELi2ELi0ELi1EEvPfPT_S1_PhS1_ii
    0 bytes stack frame, 0 bytes spill stores, 0 bytes spill loads
ptxas info    : Used 31 registers, used 1 barriers
ptxas info    : Compile time = 8.694 ms
ptxas info    : Compiling entry function '_Z18kQuantizeBlockwiseI13__nv_bfloat16Li1024ELi4ELi0ELi1EEvPfPT_S1_PhS1_ii' for 'sm_90'
ptxas info    : Function properties for _Z18kQuantizeBlockwiseI13__nv_bfloat16Li1024ELi4ELi0ELi1EEvPfPT_S1_PhS1_ii
    0 bytes stack frame, 0 bytes spill stores, 0 bytes spill loads
ptxas info    : Used 30 registers, used 1 barriers
ptxas info    : Compile time = 10.895 ms
ptxas info    : Compiling entry function '_Z18kQuantizeBlockwiseI13__nv_bfloat16Li2048ELi4ELi0ELi1EEvPfPT_S1_PhS1_ii' for 'sm_90'
ptxas info    : Function properties for _Z18kQuantizeBlockwiseI13__nv_bfloat16Li2048ELi4ELi0ELi1EEvPfPT_S1_PhS1_ii
    0 bytes stack frame, 0 bytes spill stores, 0 bytes spill loads
ptxas info    : Used 30 registers, used 1 barriers
ptxas info    : Compile time = 12.154 ms
ptxas info    : Compiling entry function '_Z18kQuantizeBlockwiseI13__nv_bfloat16Li4096ELi4ELi0ELi1EEvPfPT_S1_PhS1_ii' for 'sm_90'
ptxas info    : Function properties for _Z18kQuantizeBlockwiseI13__nv_bfloat16Li4096ELi4ELi0ELi1EEvPfPT_S1_PhS1_ii
    0 bytes stack frame, 0 bytes spill stores, 0 bytes spill loads
ptxas info    : Used 30 registers, used 1 barriers
ptxas info    : Compile time = 14.842 ms
ptxas info    : Compiling entry function '_Z18kQuantizeBlockwiseI13__nv_bfloat16Li64ELi2ELi0ELi0EEvPfPT_S1_PhS1_ii' for 'sm_90'
ptxas info    : Function properties for _Z18kQuantizeBlockwiseI13__nv_bfloat16Li64ELi2ELi0ELi0EEvPfPT_S1_PhS1_ii
    0 bytes stack frame, 0 bytes spill stores, 0 bytes spill loads
ptxas info    : Used 32 registers, used 1 barriers
ptxas info    : Compile time = 11.026 ms
ptxas info    : Compiling entry function '_Z18kQuantizeBlockwiseI13__nv_bfloat16Li128ELi2ELi0ELi0EEvPfPT_S1_PhS1_ii' for 'sm_90'
ptxas info    : Function properties for _Z18kQuantizeBlockwiseI13__nv_bfloat16Li128ELi2ELi0ELi0EEvPfPT_S1_PhS1_ii
    0 bytes stack frame, 0 bytes spill stores, 0 bytes spill loads
ptxas info    : Used 32 registers, used 1 barriers
ptxas info    : Compile time = 12.012 ms
ptxas info    : Compiling entry function '_Z18kQuantizeBlockwiseI13__nv_bfloat16Li256ELi2ELi0ELi0EEvPfPT_S1_PhS1_ii' for 'sm_90'
ptxas info    : Function properties for _Z18kQuantizeBlockwiseI13__nv_bfloat16Li256ELi2ELi0ELi0EEvPfPT_S1_PhS1_ii
    0 bytes stack frame, 0 bytes spill stores, 0 bytes spill loads
ptxas info    : Used 32 registers, used 1 barriers
ptxas info    : Compile time = 12.231 ms
ptxas info    : Compiling entry function '_Z18kQuantizeBlockwiseI13__nv_bfloat16Li512ELi2ELi0ELi0EEvPfPT_S1_PhS1_ii' for 'sm_90'
ptxas info    : Function properties for _Z18kQuantizeBlockwiseI13__nv_bfloat16Li512ELi2ELi0ELi0EEvPfPT_S1_PhS1_ii
    0 bytes stack frame, 0 bytes spill stores, 0 bytes spill loads
ptxas info    : Used 32 registers, used 1 barriers
ptxas info    : Compile time = 12.928 ms
ptxas info    : Compiling entry function '_Z18kQuantizeBlockwiseI13__nv_bfloat16Li1024ELi4ELi0ELi0EEvPfPT_S1_PhS1_ii' for 'sm_90'
ptxas info    : Function properties for _Z18kQuantizeBlockwiseI13__nv_bfloat16Li1024ELi4ELi0ELi0EEvPfPT_S1_PhS1_ii
    0 bytes stack frame, 0 bytes spill stores, 0 bytes spill loads
ptxas info    : Used 32 registers, used 1 barriers
ptxas info    : Compile time = 18.752 ms
ptxas info    : Compiling entry function '_Z18kQuantizeBlockwiseI13__nv_bfloat16Li2048ELi4ELi0ELi0EEvPfPT_S1_PhS1_ii' for 'sm_90'
ptxas info    : Function properties for _Z18kQuantizeBlockwiseI13__nv_bfloat16Li2048ELi4ELi0ELi0EEvPfPT_S1_PhS1_ii
    0 bytes stack frame, 0 bytes spill stores, 0 bytes spill loads
ptxas info    : Used 32 registers, used 1 barriers
ptxas info    : Compile time = 20.416 ms
ptxas info    : Compiling entry function '_Z18kQuantizeBlockwiseI13__nv_bfloat16Li4096ELi4ELi1ELi0EEvPfPT_S1_PhS1_ii' for 'sm_90'
ptxas info    : Function properties for _Z18kQuantizeBlockwiseI13__nv_bfloat16Li4096ELi4ELi1ELi0EEvPfPT_S1_PhS1_ii
    0 bytes stack frame, 0 bytes spill stores, 0 bytes spill loads
ptxas info    : Used 40 registers, used 1 barriers
ptxas info    : Compile time = 24.965 ms
ptxas info    : Compiling entry function '_Z18kQuantizeBlockwiseI13__nv_bfloat16Li4096ELi4ELi0ELi0EEvPfPT_S1_PhS1_ii' for 'sm_90'
ptxas info    : Function properties for _Z18kQuantizeBlockwiseI13__nv_bfloat16Li4096ELi4ELi0ELi0EEvPfPT_S1_PhS1_ii
    0 bytes stack frame, 0 bytes spill stores, 0 bytes spill loads
ptxas info    : Used 32 registers, used 1 barriers
ptxas info    : Compile time = 23.319 ms
ptxas info    : Compiling entry function '_Z18kQuantizeBlockwiseIfLi64ELi2ELi0ELi2EEvPfPT_S0_PhS0_ii' for 'sm_90'
ptxas info    : Function properties for _Z18kQuantizeBlockwiseIfLi64ELi2ELi0ELi2EEvPfPT_S0_PhS0_ii
    0 bytes stack frame, 0 bytes spill stores, 0 bytes spill loads
ptxas info    : Used 22 registers, used 1 barriers
ptxas info    : Compile time = 7.205 ms
ptxas info    : Compiling entry function '_Z18kQuantizeBlockwiseIfLi128ELi2ELi0ELi2EEvPfPT_S0_PhS0_ii' for 'sm_90'
ptxas info    : Function properties for _Z18kQuantizeBlockwiseIfLi128ELi2ELi0ELi2EEvPfPT_S0_PhS0_ii
    0 bytes stack frame, 0 bytes spill stores, 0 bytes spill loads
ptxas info    : Used 29 registers, used 1 barriers
ptxas info    : Compile time = 7.928 ms
ptxas info    : Compiling entry function '_Z18kQuantizeBlockwiseIfLi256ELi2ELi0ELi2EEvPfPT_S0_PhS0_ii' for 'sm_90'
ptxas info    : Function properties for _Z18kQuantizeBlockwiseIfLi256ELi2ELi0ELi2EEvPfPT_S0_PhS0_ii
    0 bytes stack frame, 0 bytes spill stores, 0 bytes spill loads
ptxas info    : Used 29 registers, used 1 barriers
ptxas info    : Compile time = 8.320 ms
ptxas info    : Compiling entry function '_Z18kQuantizeBlockwiseIfLi512ELi2ELi0ELi2EEvPfPT_S0_PhS0_ii' for 'sm_90'
ptxas info    : Function properties for _Z18kQuantizeBlockwiseIfLi512ELi2ELi0ELi2EEvPfPT_S0_PhS0_ii
    0 bytes stack frame, 0 bytes spill stores, 0 bytes spill loads
ptxas info    : Used 31 registers, used 1 barriers
ptxas info    : Compile time = 8.916 ms
ptxas info    : Compiling entry function '_Z18kQuantizeBlockwiseIfLi1024ELi4ELi0ELi2EEvPfPT_S0_PhS0_ii' for 'sm_90'
ptxas info    : Function properties for _Z18kQuantizeBlockwiseIfLi1024ELi4ELi0ELi2EEvPfPT_S0_PhS0_ii
    0 bytes stack frame, 0 bytes spill stores, 0 bytes spill loads
ptxas info    : Used 30 registers, used 1 barriers
ptxas info    : Compile time = 11.378 ms
ptxas info    : Compiling entry function '_Z18kQuantizeBlockwiseIfLi2048ELi4ELi0ELi2EEvPfPT_S0_PhS0_ii' for 'sm_90'
ptxas info    : Function properties for _Z18kQuantizeBlockwiseIfLi2048ELi4ELi0ELi2EEvPfPT_S0_PhS0_ii
    0 bytes stack frame, 0 bytes spill stores, 0 bytes spill loads
ptxas info    : Used 30 registers, used 1 barriers
ptxas info    : Compile time = 12.686 ms
ptxas info    : Compiling entry function '_Z18kQuantizeBlockwiseIfLi4096ELi4ELi0ELi2EEvPfPT_S0_PhS0_ii' for 'sm_90'
ptxas info    : Function properties for _Z18kQuantizeBlockwiseIfLi4096ELi4ELi0ELi2EEvPfPT_S0_PhS0_ii
    0 bytes stack frame, 0 bytes spill stores, 0 bytes spill loads
ptxas info    : Used 30 registers, used 1 barriers
ptxas info    : Compile time = 15.319 ms
ptxas info    : Compiling entry function '_Z18kQuantizeBlockwiseIfLi64ELi2ELi0ELi1EEvPfPT_S0_PhS0_ii' for 'sm_90'
ptxas info    : Function properties for _Z18kQuantizeBlockwiseIfLi64ELi2ELi0ELi1EEvPfPT_S0_PhS0_ii
    0 bytes stack frame, 0 bytes spill stores, 0 bytes spill loads
ptxas info    : Used 22 registers, used 1 barriers
ptxas info    : Compile time = 6.887 ms
ptxas info    : Compiling entry function '_Z18kQuantizeBlockwiseIfLi128ELi2ELi0ELi1EEvPfPT_S0_PhS0_ii' for 'sm_90'
ptxas info    : Function properties for _Z18kQuantizeBlockwiseIfLi128ELi2ELi0ELi1EEvPfPT_S0_PhS0_ii
    0 bytes stack frame, 0 bytes spill stores, 0 bytes spill loads
ptxas info    : Used 29 registers, used 1 barriers
ptxas info    : Compile time = 7.565 ms
ptxas info    : Compiling entry function '_Z18kQuantizeBlockwiseIfLi256ELi2ELi0ELi1EEvPfPT_S0_PhS0_ii' for 'sm_90'
ptxas info    : Function properties for _Z18kQuantizeBlockwiseIfLi256ELi2ELi0ELi1EEvPfPT_S0_PhS0_ii
    0 bytes stack frame, 0 bytes spill stores, 0 bytes spill loads
ptxas info    : Used 29 registers, used 1 barriers
ptxas info    : Compile time = 8.006 ms
ptxas info    : Compiling entry function '_Z18kQuantizeBlockwiseIfLi512ELi2ELi0ELi1EEvPfPT_S0_PhS0_ii' for 'sm_90'
ptxas info    : Function properties for _Z18kQuantizeBlockwiseIfLi512ELi2ELi0ELi1EEvPfPT_S0_PhS0_ii
    0 bytes stack frame, 0 bytes spill stores, 0 bytes spill loads
ptxas info    : Used 31 registers, used 1 barriers
ptxas info    : Compile time = 8.579 ms
ptxas info    : Compiling entry function '_Z18kQuantizeBlockwiseIfLi1024ELi4ELi0ELi1EEvPfPT_S0_PhS0_ii' for 'sm_90'
ptxas info    : Function properties for _Z18kQuantizeBlockwiseIfLi1024ELi4ELi0ELi1EEvPfPT_S0_PhS0_ii
    0 bytes stack frame, 0 bytes spill stores, 0 bytes spill loads
ptxas info    : Used 30 registers, used 1 barriers
ptxas info    : Compile time = 10.646 ms
ptxas info    : Compiling entry function '_Z18kQuantizeBlockwiseIfLi2048ELi4ELi0ELi1EEvPfPT_S0_PhS0_ii' for 'sm_90'
ptxas info    : Function properties for _Z18kQuantizeBlockwiseIfLi2048ELi4ELi0ELi1EEvPfPT_S0_PhS0_ii
    0 bytes stack frame, 0 bytes spill stores, 0 bytes spill loads
ptxas info    : Used 30 registers, used 1 barriers
ptxas info    : Compile time = 11.956 ms
ptxas info    : Compiling entry function '_Z18kQuantizeBlockwiseIfLi4096ELi4ELi0ELi1EEvPfPT_S0_PhS0_ii' for 'sm_90'
ptxas info    : Function properties for _Z18kQuantizeBlockwiseIfLi4096ELi4ELi0ELi1EEvPfPT_S0_PhS0_ii
    0 bytes stack frame, 0 bytes spill stores, 0 bytes spill loads
ptxas info    : Used 30 registers, used 1 barriers
ptxas info    : Compile time = 14.624 ms
ptxas info    : Compiling entry function '_Z18kQuantizeBlockwiseIfLi64ELi2ELi0ELi0EEvPfPT_S0_PhS0_ii' for 'sm_90'
ptxas info    : Function properties for _Z18kQuantizeBlockwiseIfLi64ELi2ELi0ELi0EEvPfPT_S0_PhS0_ii
    0 bytes stack frame, 0 bytes spill stores, 0 bytes spill loads
ptxas info    : Used 32 registers, used 1 barriers
ptxas info    : Compile time = 10.799 ms
ptxas info    : Compiling entry function '_Z18kQuantizeBlockwiseIfLi128ELi2ELi0ELi0EEvPfPT_S0_PhS0_ii' for 'sm_90'
ptxas info    : Function properties for _Z18kQuantizeBlockwiseIfLi128ELi2ELi0ELi0EEvPfPT_S0_PhS0_ii
    0 bytes stack frame, 0 bytes spill stores, 0 bytes spill loads
ptxas info    : Used 32 registers, used 1 barriers
ptxas info    : Compile time = 11.674 ms
ptxas info    : Compiling entry function '_Z18kQuantizeBlockwiseIfLi256ELi2ELi0ELi0EEvPfPT_S0_PhS0_ii' for 'sm_90'
ptxas info    : Function properties for _Z18kQuantizeBlockwiseIfLi256ELi2ELi0ELi0EEvPfPT_S0_PhS0_ii
    0 bytes stack frame, 0 bytes spill stores, 0 bytes spill loads
ptxas info    : Used 32 registers, used 1 barriers
ptxas info    : Compile time = 12.096 ms
ptxas info    : Compiling entry function '_Z18kQuantizeBlockwiseIfLi512ELi2ELi0ELi0EEvPfPT_S0_PhS0_ii' for 'sm_90'
ptxas info    : Function properties for _Z18kQuantizeBlockwiseIfLi512ELi2ELi0ELi0EEvPfPT_S0_PhS0_ii
    0 bytes stack frame, 0 bytes spill stores, 0 bytes spill loads
ptxas info    : Used 32 registers, used 1 barriers
ptxas info    : Compile time = 12.793 ms
ptxas info    : Compiling entry function '_Z18kQuantizeBlockwiseIfLi1024ELi4ELi0ELi0EEvPfPT_S0_PhS0_ii' for 'sm_90'
ptxas info    : Function properties for _Z18kQuantizeBlockwiseIfLi1024ELi4ELi0ELi0EEvPfPT_S0_PhS0_ii
    0 bytes stack frame, 0 bytes spill stores, 0 bytes spill loads
ptxas info    : Used 32 registers, used 1 barriers
ptxas info    : Compile time = 18.582 ms
ptxas info    : Compiling entry function '_Z18kQuantizeBlockwiseIfLi2048ELi4ELi0ELi0EEvPfPT_S0_PhS0_ii' for 'sm_90'
ptxas info    : Function properties for _Z18kQuantizeBlockwiseIfLi2048ELi4ELi0ELi0EEvPfPT_S0_PhS0_ii
    0 bytes stack frame, 0 bytes spill stores, 0 bytes spill loads
ptxas info    : Used 32 registers, used 1 barriers
ptxas info    : Compile time = 19.925 ms
ptxas info    : Compiling entry function '_Z18kQuantizeBlockwiseIfLi4096ELi4ELi1ELi0EEvPfPT_S0_PhS0_ii' for 'sm_90'
ptxas info    : Function properties for _Z18kQuantizeBlockwiseIfLi4096ELi4ELi1ELi0EEvPfPT_S0_PhS0_ii
    0 bytes stack frame, 0 bytes spill stores, 0 bytes spill loads
ptxas info    : Used 40 registers, used 1 barriers
ptxas info    : Compile time = 24.907 ms
ptxas info    : Compiling entry function '_Z18kQuantizeBlockwiseIfLi4096ELi4ELi0ELi0EEvPfPT_S0_PhS0_ii' for 'sm_90'
ptxas info    : Function properties for _Z18kQuantizeBlockwiseIfLi4096ELi4ELi0ELi0EEvPfPT_S0_PhS0_ii
    0 bytes stack frame, 0 bytes spill stores, 0 bytes spill loads
ptxas info    : Used 32 registers, used 1 barriers
ptxas info    : Compile time = 23.231 ms
ptxas info    : Compiling entry function '_Z18kQuantizeBlockwiseI6__halfLi64ELi2ELi0ELi2EEvPfPT_S1_PhS1_ii' for 'sm_90'
ptxas info    : Function properties for _Z18kQuantizeBlockwiseI6__halfLi64ELi2ELi0ELi2EEvPfPT_S1_PhS1_ii
    0 bytes stack frame, 0 bytes spill stores, 0 bytes spill loads
ptxas info    : Used 22 registers, used 1 barriers
ptxas info    : Compile time = 7.351 ms
ptxas info    : Compiling entry function '_Z18kQuantizeBlockwiseI6__halfLi128ELi2ELi0ELi2EEvPfPT_S1_PhS1_ii' for 'sm_90'
ptxas info    : Function properties for _Z18kQuantizeBlockwiseI6__halfLi128ELi2ELi0ELi2EEvPfPT_S1_PhS1_ii
    0 bytes stack frame, 0 bytes spill stores, 0 bytes spill loads
ptxas info    : Used 28 registers, used 1 barriers
ptxas info    : Compile time = 8.045 ms
ptxas info    : Compiling entry function '_Z18kQuantizeBlockwiseI6__halfLi256ELi2ELi0ELi2EEvPfPT_S1_PhS1_ii' for 'sm_90'
ptxas info    : Function properties for _Z18kQuantizeBlockwiseI6__halfLi256ELi2ELi0ELi2EEvPfPT_S1_PhS1_ii
    0 bytes stack frame, 0 bytes spill stores, 0 bytes spill loads
ptxas info    : Used 28 registers, used 1 barriers
ptxas info    : Compile time = 8.470 ms
ptxas info    : Compiling entry function '_Z18kQuantizeBlockwiseI6__halfLi512ELi2ELi0ELi2EEvPfPT_S1_PhS1_ii' for 'sm_90'
ptxas info    : Function properties for _Z18kQuantizeBlockwiseI6__halfLi512ELi2ELi0ELi2EEvPfPT_S1_PhS1_ii
    0 bytes stack frame, 0 bytes spill stores, 0 bytes spill loads
ptxas info    : Used 31 registers, used 1 barriers
ptxas info    : Compile time = 9.061 ms
ptxas info    : Compiling entry function '_Z18kQuantizeBlockwiseI6__halfLi1024ELi4ELi0ELi2EEvPfPT_S1_PhS1_ii' for 'sm_90'
ptxas info    : Function properties for _Z18kQuantizeBlockwiseI6__halfLi1024ELi4ELi0ELi2EEvPfPT_S1_PhS1_ii
    0 bytes stack frame, 0 bytes spill stores, 0 bytes spill loads
ptxas info    : Used 30 registers, used 1 barriers
ptxas info    : Compile time = 11.596 ms
ptxas info    : Compiling entry function '_Z18kQuantizeBlockwiseI6__halfLi2048ELi4ELi0ELi2EEvPfPT_S1_PhS1_ii' for 'sm_90'
ptxas info    : Function properties for _Z18kQuantizeBlockwiseI6__halfLi2048ELi4ELi0ELi2EEvPfPT_S1_PhS1_ii
    0 bytes stack frame, 0 bytes spill stores, 0 bytes spill loads
ptxas info    : Used 30 registers, used 1 barriers
ptxas info    : Compile time = 13.015 ms
ptxas info    : Compiling entry function '_Z18kQuantizeBlockwiseI6__halfLi4096ELi4ELi0ELi2EEvPfPT_S1_PhS1_ii' for 'sm_90'
ptxas info    : Function properties for _Z18kQuantizeBlockwiseI6__halfLi4096ELi4ELi0ELi2EEvPfPT_S1_PhS1_ii
    0 bytes stack frame, 0 bytes spill stores, 0 bytes spill loads
ptxas info    : Used 30 registers, used 1 barriers
ptxas info    : Compile time = 15.477 ms
ptxas info    : Compiling entry function '_Z18kQuantizeBlockwiseI6__halfLi64ELi2ELi0ELi1EEvPfPT_S1_PhS1_ii' for 'sm_90'
ptxas info    : Function properties for _Z18kQuantizeBlockwiseI6__halfLi64ELi2ELi0ELi1EEvPfPT_S1_PhS1_ii
    0 bytes stack frame, 0 bytes spill stores, 0 bytes spill loads
ptxas info    : Used 22 registers, used 1 barriers
ptxas info    : Compile time = 6.935 ms
ptxas info    : Compiling entry function '_Z18kQuantizeBlockwiseI6__halfLi128ELi2ELi0ELi1EEvPfPT_S1_PhS1_ii' for 'sm_90'
ptxas info    : Function properties for _Z18kQuantizeBlockwiseI6__halfLi128ELi2ELi0ELi1EEvPfPT_S1_PhS1_ii
    0 bytes stack frame, 0 bytes spill stores, 0 bytes spill loads
ptxas info    : Used 28 registers, used 1 barriers
ptxas info    : Compile time = 7.730 ms
ptxas info    : Compiling entry function '_Z18kQuantizeBlockwiseI6__halfLi256ELi2ELi0ELi1EEvPfPT_S1_PhS1_ii' for 'sm_90'
ptxas info    : Function properties for _Z18kQuantizeBlockwiseI6__halfLi256ELi2ELi0ELi1EEvPfPT_S1_PhS1_ii
    0 bytes stack frame, 0 bytes spill stores, 0 bytes spill loads
ptxas info    : Used 28 registers, used 1 barriers
ptxas info    : Compile time = 8.131 ms
ptxas info    : Compiling entry function '_Z18kQuantizeBlockwiseI6__halfLi512ELi2ELi0ELi1EEvPfPT_S1_PhS1_ii' for 'sm_90'
ptxas info    : Function properties for _Z18kQuantizeBlockwiseI6__halfLi512ELi2ELi0ELi1EEvPfPT_S1_PhS1_ii
    0 bytes stack frame, 0 bytes spill stores, 0 bytes spill loads
ptxas info    : Used 31 registers, used 1 barriers
ptxas info    : Compile time = 8.791 ms
ptxas info    : Compiling entry function '_Z18kQuantizeBlockwiseI6__halfLi1024ELi4ELi0ELi1EEvPfPT_S1_PhS1_ii' for 'sm_90'
ptxas info    : Function properties for _Z18kQuantizeBlockwiseI6__halfLi1024ELi4ELi0ELi1EEvPfPT_S1_PhS1_ii
    0 bytes stack frame, 0 bytes spill stores, 0 bytes spill loads
ptxas info    : Used 30 registers, used 1 barriers
ptxas info    : Compile time = 10.872 ms
ptxas info    : Compiling entry function '_Z18kQuantizeBlockwiseI6__halfLi2048ELi4ELi0ELi1EEvPfPT_S1_PhS1_ii' for 'sm_90'
ptxas info    : Function properties for _Z18kQuantizeBlockwiseI6__halfLi2048ELi4ELi0ELi1EEvPfPT_S1_PhS1_ii
    0 bytes stack frame, 0 bytes spill stores, 0 bytes spill loads
ptxas info    : Used 30 registers, used 1 barriers
ptxas info    : Compile time = 12.110 ms
ptxas info    : Compiling entry function '_Z18kQuantizeBlockwiseI6__halfLi4096ELi4ELi0ELi1EEvPfPT_S1_PhS1_ii' for 'sm_90'
ptxas info    : Function properties for _Z18kQuantizeBlockwiseI6__halfLi4096ELi4ELi0ELi1EEvPfPT_S1_PhS1_ii
    0 bytes stack frame, 0 bytes spill stores, 0 bytes spill loads
ptxas info    : Used 30 registers, used 1 barriers
ptxas info    : Compile time = 14.892 ms
ptxas info    : Compiling entry function '_Z18kQuantizeBlockwiseI6__halfLi64ELi2ELi0ELi0EEvPfPT_S1_PhS1_ii' for 'sm_90'
ptxas info    : Function properties for _Z18kQuantizeBlockwiseI6__halfLi64ELi2ELi0ELi0EEvPfPT_S1_PhS1_ii
    0 bytes stack frame, 0 bytes spill stores, 0 bytes spill loads
ptxas info    : Used 32 registers, used 1 barriers
ptxas info    : Compile time = 10.922 ms
ptxas info    : Compiling entry function '_Z18kQuantizeBlockwiseI6__halfLi128ELi2ELi0ELi0EEvPfPT_S1_PhS1_ii' for 'sm_90'
ptxas info    : Function properties for _Z18kQuantizeBlockwiseI6__halfLi128ELi2ELi0ELi0EEvPfPT_S1_PhS1_ii
    0 bytes stack frame, 0 bytes spill stores, 0 bytes spill loads
ptxas info    : Used 32 registers, used 1 barriers
ptxas info    : Compile time = 11.915 ms
ptxas info    : Compiling entry function '_Z18kQuantizeBlockwiseI6__halfLi256ELi2ELi0ELi0EEvPfPT_S1_PhS1_ii' for 'sm_90'
ptxas info    : Function properties for _Z18kQuantizeBlockwiseI6__halfLi256ELi2ELi0ELi0EEvPfPT_S1_PhS1_ii
    0 bytes stack frame, 0 bytes spill stores, 0 bytes spill loads
ptxas info    : Used 32 registers, used 1 barriers
ptxas info    : Compile time = 12.305 ms
ptxas info    : Compiling entry function '_Z18kQuantizeBlockwiseI6__halfLi512ELi2ELi0ELi0EEvPfPT_S1_PhS1_ii' for 'sm_90'
ptxas info    : Function properties for _Z18kQuantizeBlockwiseI6__halfLi512ELi2ELi0ELi0EEvPfPT_S1_PhS1_ii
    0 bytes stack frame, 0 bytes spill stores, 0 bytes spill loads
ptxas info    : Used 32 registers, used 1 barriers
ptxas info    : Compile time = 12.942 ms
ptxas info    : Compiling entry function '_Z18kQuantizeBlockwiseI6__halfLi1024ELi4ELi0ELi0EEvPfPT_S1_PhS1_ii' for 'sm_90'
ptxas info    : Function properties for _Z18kQuantizeBlockwiseI6__halfLi1024ELi4ELi0ELi0EEvPfPT_S1_PhS1_ii
    0 bytes stack frame, 0 bytes spill stores, 0 bytes spill loads
ptxas info    : Used 32 registers, used 1 barriers
ptxas info    : Compile time = 18.731 ms
ptxas info    : Compiling entry function '_Z18kQuantizeBlockwiseI6__halfLi2048ELi4ELi0ELi0EEvPfPT_S1_PhS1_ii' for 'sm_90'
ptxas info    : Function properties for _Z18kQuantizeBlockwiseI6__halfLi2048ELi4ELi0ELi0EEvPfPT_S1_PhS1_ii
    0 bytes stack frame, 0 bytes spill stores, 0 bytes spill loads
ptxas info    : Used 32 registers, used 1 barriers
ptxas info    : Compile time = 20.295 ms
ptxas info    : Compiling entry function '_Z18kQuantizeBlockwiseI6__halfLi4096ELi4ELi1ELi0EEvPfPT_S1_PhS1_ii' for 'sm_90'
ptxas info    : Function properties for _Z18kQuantizeBlockwiseI6__halfLi4096ELi4ELi1ELi0EEvPfPT_S1_PhS1_ii
    0 bytes stack frame, 0 bytes spill stores, 0 bytes spill loads
ptxas info    : Used 40 registers, used 1 barriers
ptxas info    : Compile time = 24.947 ms
ptxas info    : Compiling entry function '_Z18kQuantizeBlockwiseI6__halfLi4096ELi4ELi0ELi0EEvPfPT_S1_PhS1_ii' for 'sm_90'
ptxas info    : Function properties for _Z18kQuantizeBlockwiseI6__halfLi4096ELi4ELi0ELi0EEvPfPT_S1_PhS1_ii
    0 bytes stack frame, 0 bytes spill stores, 0 bytes spill loads
ptxas info    : Used 32 registers, used 1 barriers
ptxas info    : Compile time = 23.088 ms
ptxas info    : Compiling entry function '_Z19kPercentileClippingI6__halfLi2048ELi4EEvPT_Pfii' for 'sm_90'
ptxas info    : Function properties for _Z19kPercentileClippingI6__halfLi2048ELi4EEvPT_Pfii
    0 bytes stack frame, 0 bytes spill stores, 0 bytes spill loads
ptxas info    : Used 31 registers, used 1 barriers
ptxas info    : Compile time = 10.291 ms
ptxas info    : Compiling entry function '_Z19kPercentileClippingIfLi2048ELi4EEvPT_Pfii' for 'sm_90'
ptxas info    : Function properties for _Z19kPercentileClippingIfLi2048ELi4EEvPT_Pfii
    0 bytes stack frame, 0 bytes spill stores, 0 bytes spill loads
ptxas info    : Used 31 registers, used 1 barriers
ptxas info    : Compile time = 9.612 ms
ptxas info    : Compiling entry function '_Z26kOptimizerStatic8bit2StateIfLi0EEvPT_S1_PhS2_PKffffffifPfS5_S5_S5_S5_S5_ffi' for 'sm_90'
ptxas info    : Function properties for _Z26kOptimizerStatic8bit2StateIfLi0EEvPT_S1_PhS2_PKffffffifPfS5_S5_S5_S5_S5_ffi
    0 bytes stack frame, 0 bytes spill stores, 0 bytes spill loads
ptxas info    : Used 64 registers, used 1 barriers
ptxas info    : Compile time = 42.383 ms
ptxas info    : Compiling entry function '_Z26kOptimizerStatic8bit2StateI6__halfLi0EEvPT_S2_PhS3_PKffffffifPfS6_S6_S6_S6_S6_ffi' for 'sm_90'
ptxas info    : Function properties for _Z26kOptimizerStatic8bit2StateI6__halfLi0EEvPT_S2_PhS3_PKffffffifPfS6_S6_S6_S6_S6_ffi
    0 bytes stack frame, 0 bytes spill stores, 0 bytes spill loads
ptxas info    : Used 64 registers, used 1 barriers
ptxas info    : Compile time = 43.290 ms
ptxas info    : Compiling entry function '_Z38kPreconditionOptimizerStatic8bit2StateIfLi0EEvPT_S1_PhS2_PffffiS3_S3_S3_S3_S3_S3_fi' for 'sm_90'
ptxas info    : Function properties for _Z38kPreconditionOptimizerStatic8bit2StateIfLi0EEvPT_S1_PhS2_PffffiS3_S3_S3_S3_S3_S3_fi
    0 bytes stack frame, 0 bytes spill stores, 0 bytes spill loads
ptxas info    : Used 111 registers, used 1 barriers
ptxas info    : Compile time = 39.671 ms
ptxas info    : Compiling entry function '_Z38kPreconditionOptimizerStatic8bit2StateI6__halfLi0EEvPT_S2_PhS3_PffffiS4_S4_S4_S4_S4_S4_fi' for 'sm_90'
ptxas info    : Function properties for _Z38kPreconditionOptimizerStatic8bit2StateI6__halfLi0EEvPT_S2_PhS3_PffffiS4_S4_S4_S4_S4_S4_fi
    0 bytes stack frame, 0 bytes spill stores, 0 bytes spill loads
ptxas info    : Used 108 registers, used 1 barriers
ptxas info    : Compile time = 41.017 ms
ptxas info    : Compiling entry function '_Z26kOptimizerStatic8bit1StateIfLi5EEvPT_S1_PhPKffffffifPfS5_S5_ffi' for 'sm_90'
ptxas info    : Function properties for _Z26kOptimizerStatic8bit1StateIfLi5EEvPT_S1_PhPKffffffifPfS5_S5_ffi
    0 bytes stack frame, 0 bytes spill stores, 0 bytes spill loads
ptxas info    : Used 63 registers, used 1 barriers
ptxas info    : Compile time = 38.704 ms
ptxas info    : Compiling entry function '_Z26kOptimizerStatic8bit1StateI6__halfLi5EEvPT_S2_PhPKffffffifPfS6_S6_ffi' for 'sm_90'
ptxas info    : Function properties for _Z26kOptimizerStatic8bit1StateI6__halfLi5EEvPT_S2_PhPKffffffifPfS6_S6_ffi
    0 bytes stack frame, 0 bytes spill stores, 0 bytes spill loads
ptxas info    : Used 64 registers, used 1 barriers
ptxas info    : Compile time = 40.053 ms
ptxas info    : Compiling entry function '_Z26kOptimizerStatic8bit1StateIfLi2EEvPT_S1_PhPKffffffifPfS5_S5_ffi' for 'sm_90'
ptxas info    : Function properties for _Z26kOptimizerStatic8bit1StateIfLi2EEvPT_S1_PhPKffffffifPfS5_S5_ffi
    0 bytes stack frame, 0 bytes spill stores, 0 bytes spill loads
ptxas info    : Used 64 registers, used 1 barriers
ptxas info    : Compile time = 37.762 ms
ptxas info    : Compiling entry function '_Z26kOptimizerStatic8bit1StateI6__halfLi2EEvPT_S2_PhPKffffffifPfS6_S6_ffi' for 'sm_90'
ptxas info    : Function properties for _Z26kOptimizerStatic8bit1StateI6__halfLi2EEvPT_S2_PhPKffffffifPfS6_S6_ffi
    0 bytes stack frame, 0 bytes spill stores, 0 bytes spill loads
ptxas info    : Used 63 registers, used 1 barriers
ptxas info    : Compile time = 39.858 ms
ptxas info    : Compiling entry function '_Z26kOptimizerStatic8bit1StateIfLi1EEvPT_S1_PhPKffffffifPfS5_S5_ffi' for 'sm_90'
ptxas info    : Function properties for _Z26kOptimizerStatic8bit1StateIfLi1EEvPT_S1_PhPKffffffifPfS5_S5_ffi
    0 bytes stack frame, 0 bytes spill stores, 0 bytes spill loads
ptxas info    : Used 63 registers, used 1 barriers
ptxas info    : Compile time = 35.914 ms
ptxas info    : Compiling entry function '_Z26kOptimizerStatic8bit1StateI6__halfLi1EEvPT_S2_PhPKffffffifPfS6_S6_ffi' for 'sm_90'
ptxas info    : Function properties for _Z26kOptimizerStatic8bit1StateI6__halfLi1EEvPT_S2_PhPKffffffifPfS6_S6_ffi
    0 bytes stack frame, 0 bytes spill stores, 0 bytes spill loads
ptxas info    : Used 63 registers, used 1 barriers
ptxas info    : Compile time = 38.474 ms
ptxas info    : Compiling entry function '_Z38kPreconditionOptimizerStatic8bit1StateIfLi5EEvPT_S1_PhPffffiS3_S3_S3_ffi' for 'sm_90'
ptxas info    : Function properties for _Z38kPreconditionOptimizerStatic8bit1StateIfLi5EEvPT_S1_PhPffffiS3_S3_S3_ffi
    0 bytes stack frame, 0 bytes spill stores, 0 bytes spill loads
ptxas info    : Used 122 registers, used 1 barriers
ptxas info    : Compile time = 22.519 ms
ptxas info    : Compiling entry function '_Z38kPreconditionOptimizerStatic8bit1StateI6__halfLi5EEvPT_S2_PhPffffiS4_S4_S4_ffi' for 'sm_90'
ptxas info    : Function properties for _Z38kPreconditionOptimizerStatic8bit1StateI6__halfLi5EEvPT_S2_PhPffffiS4_S4_S4_ffi
    0 bytes stack frame, 0 bytes spill stores, 0 bytes spill loads
ptxas info    : Used 111 registers, used 1 barriers
ptxas info    : Compile time = 23.268 ms
ptxas info    : Compiling entry function '_Z38kPreconditionOptimizerStatic8bit1StateIfLi2EEvPT_S1_PhPffffiS3_S3_S3_ffi' for 'sm_90'
ptxas info    : Function properties for _Z38kPreconditionOptimizerStatic8bit1StateIfLi2EEvPT_S1_PhPffffiS3_S3_S3_ffi
    0 bytes stack frame, 0 bytes spill stores, 0 bytes spill loads
ptxas info    : Used 122 registers, used 1 barriers
ptxas info    : Compile time = 22.812 ms
ptxas info    : Compiling entry function '_Z38kPreconditionOptimizerStatic8bit1StateI6__halfLi2EEvPT_S2_PhPffffiS4_S4_S4_ffi' for 'sm_90'
ptxas info    : Function properties for _Z38kPreconditionOptimizerStatic8bit1StateI6__halfLi2EEvPT_S2_PhPffffiS4_S4_S4_ffi
    0 bytes stack frame, 0 bytes spill stores, 0 bytes spill loads
ptxas info    : Used 111 registers, used 1 barriers
ptxas info    : Compile time = 23.632 ms
ptxas info    : Compiling entry function '_Z38kPreconditionOptimizerStatic8bit1StateIfLi1EEvPT_S1_PhPffffiS3_S3_S3_ffi' for 'sm_90'
ptxas info    : Function properties for _Z38kPreconditionOptimizerStatic8bit1StateIfLi1EEvPT_S1_PhPffffiS3_S3_S3_ffi
    0 bytes stack frame, 0 bytes spill stores, 0 bytes spill loads
ptxas info    : Used 66 registers, used 1 barriers
ptxas info    : Compile time = 24.911 ms
ptxas info    : Compiling entry function '_Z38kPreconditionOptimizerStatic8bit1StateI6__halfLi1EEvPT_S2_PhPffffiS4_S4_S4_ffi' for 'sm_90'
ptxas info    : Function properties for _Z38kPreconditionOptimizerStatic8bit1StateI6__halfLi1EEvPT_S2_PhPffffiS4_S4_S4_ffi
    0 bytes stack frame, 0 bytes spill stores, 0 bytes spill loads
ptxas info    : Used 66 registers, used 1 barriers
ptxas info    : Compile time = 26.391 ms
ptxas info    : Compiling entry function '_Z21kOptimizer32bit2StateI13__nv_bfloat16Li0EEvPT_S2_PfS3_S3_ffffffiffbi' for 'sm_90'
ptxas info    : Function properties for _Z21kOptimizer32bit2StateI13__nv_bfloat16Li0EEvPT_S2_PfS3_S3_ffffffiffbi
    0 bytes stack frame, 0 bytes spill stores, 0 bytes spill loads
ptxas info    : Used 56 registers, used 1 barriers
ptxas info    : Compile time = 15.644 ms
ptxas info    : Compiling entry function '_Z21kOptimizer32bit2StateI6__halfLi0EEvPT_S2_PfS3_S3_ffffffiffbi' for 'sm_90'
ptxas info    : Function properties for _Z21kOptimizer32bit2StateI6__halfLi0EEvPT_S2_PfS3_S3_ffffffiffbi
    0 bytes stack frame, 0 bytes spill stores, 0 bytes spill loads
ptxas info    : Used 56 registers, used 1 barriers
ptxas info    : Compile time = 15.597 ms
ptxas info    : Compiling entry function '_Z21kOptimizer32bit2StateIfLi0EEvPT_S1_PfS2_S2_ffffffiffbi' for 'sm_90'
ptxas info    : Function properties for _Z21kOptimizer32bit2StateIfLi0EEvPT_S1_PfS2_S2_ffffffiffbi
    0 bytes stack frame, 0 bytes spill stores, 0 bytes spill loads
ptxas info    : Used 56 registers, used 1 barriers
ptxas info    : Compile time = 13.712 ms
ptxas info    : Compiling entry function '_Z33kPreconditionOptimizer32bit2StateI13__nv_bfloat16Li0ELi4096ELi8EEvPT_S2_PfS3_S3_ffffiffi' for 'sm_90'
ptxas info    : Function properties for _Z33kPreconditionOptimizer32bit2StateI13__nv_bfloat16Li0ELi4096ELi8EEvPT_S2_PfS3_S3_ffffiffi
    0 bytes stack frame, 0 bytes spill stores, 0 bytes spill loads
ptxas info    : Used 64 registers, used 1 barriers
ptxas info    : Compile time = 13.584 ms
ptxas info    : Compiling entry function '_Z33kPreconditionOptimizer32bit2StateI6__halfLi0ELi4096ELi8EEvPT_S2_PfS3_S3_ffffiffi' for 'sm_90'
ptxas info    : Function properties for _Z33kPreconditionOptimizer32bit2StateI6__halfLi0ELi4096ELi8EEvPT_S2_PfS3_S3_ffffiffi
    0 bytes stack frame, 0 bytes spill stores, 0 bytes spill loads
ptxas info    : Used 64 registers, used 1 barriers
ptxas info    : Compile time = 13.728 ms
ptxas info    : Compiling entry function '_Z33kPreconditionOptimizer32bit2StateIfLi0ELi4096ELi8EEvPT_S1_PfS2_S2_ffffiffi' for 'sm_90'
ptxas info    : Function properties for _Z33kPreconditionOptimizer32bit2StateIfLi0ELi4096ELi8EEvPT_S1_PfS2_S2_ffffiffi
    0 bytes stack frame, 0 bytes spill stores, 0 bytes spill loads
ptxas info    : Used 61 registers, used 1 barriers
ptxas info    : Compile time = 12.228 ms
ptxas info    : Compiling entry function '_Z21kOptimizer32bit1StateIfLi4EEvPT_S1_PfS2_ffffffiffbi' for 'sm_90'
ptxas info    : Function properties for _Z21kOptimizer32bit1StateIfLi4EEvPT_S1_PfS2_ffffffiffbi
    0 bytes stack frame, 0 bytes spill stores, 0 bytes spill loads
ptxas info    : Used 40 registers, used 1 barriers
ptxas info    : Compile time = 9.390 ms
ptxas info    : Compiling entry function '_Z21kOptimizer32bit1StateI6__halfLi4EEvPT_S2_PfS3_ffffffiffbi' for 'sm_90'
ptxas info    : Function properties for _Z21kOptimizer32bit1StateI6__halfLi4EEvPT_S2_PfS3_ffffffiffbi
    0 bytes stack frame, 0 bytes spill stores, 0 bytes spill loads
ptxas info    : Used 42 registers, used 1 barriers
ptxas info    : Compile time = 10.921 ms
ptxas info    : Compiling entry function '_Z21kOptimizer32bit1StateI13__nv_bfloat16Li5EEvPT_S2_PfS3_ffffffiffbi' for 'sm_90'
ptxas info    : Function properties for _Z21kOptimizer32bit1StateI13__nv_bfloat16Li5EEvPT_S2_PfS3_ffffffiffbi
    0 bytes stack frame, 0 bytes spill stores, 0 bytes spill loads
ptxas info    : Used 48 registers, used 1 barriers
ptxas info    : Compile time = 12.425 ms
ptxas info    : Compiling entry function '_Z21kOptimizer32bit1StateIfLi5EEvPT_S1_PfS2_ffffffiffbi' for 'sm_90'
ptxas info    : Function properties for _Z21kOptimizer32bit1StateIfLi5EEvPT_S1_PfS2_ffffffiffbi
    0 bytes stack frame, 0 bytes spill stores, 0 bytes spill loads
ptxas info    : Used 43 registers, used 1 barriers
ptxas info    : Compile time = 11.003 ms
ptxas info    : Compiling entry function '_Z21kOptimizer32bit1StateI6__halfLi5EEvPT_S2_PfS3_ffffffiffbi' for 'sm_90'
ptxas info    : Function properties for _Z21kOptimizer32bit1StateI6__halfLi5EEvPT_S2_PfS3_ffffffiffbi
    0 bytes stack frame, 0 bytes spill stores, 0 bytes spill loads
ptxas info    : Used 48 registers, used 1 barriers
ptxas info    : Compile time = 12.371 ms
ptxas info    : Compiling entry function '_Z21kOptimizer32bit1StateIfLi2EEvPT_S1_PfS2_ffffffiffbi' for 'sm_90'
ptxas info    : Function properties for _Z21kOptimizer32bit1StateIfLi2EEvPT_S1_PfS2_ffffffiffbi
    0 bytes stack frame, 0 bytes spill stores, 0 bytes spill loads
ptxas info    : Used 42 registers, used 1 barriers
ptxas info    : Compile time = 10.380 ms
ptxas info    : Compiling entry function '_Z21kOptimizer32bit1StateI6__halfLi2EEvPT_S2_PfS3_ffffffiffbi' for 'sm_90'
ptxas info    : Function properties for _Z21kOptimizer32bit1StateI6__halfLi2EEvPT_S2_PfS3_ffffffiffbi
    0 bytes stack frame, 0 bytes spill stores, 0 bytes spill loads
ptxas info    : Used 44 registers, used 1 barriers
ptxas info    : Compile time = 11.884 ms
ptxas info    : Compiling entry function '_Z21kOptimizer32bit1StateIfLi1EEvPT_S1_PfS2_ffffffiffbi' for 'sm_90'
ptxas info    : Function properties for _Z21kOptimizer32bit1StateIfLi1EEvPT_S1_PfS2_ffffffiffbi
    0 bytes stack frame, 0 bytes spill stores, 0 bytes spill loads
ptxas info    : Used 44 registers, used 1 barriers
ptxas info    : Compile time = 9.701 ms
ptxas info    : Compiling entry function '_Z21kOptimizer32bit1StateI6__halfLi1EEvPT_S2_PfS3_ffffffiffbi' for 'sm_90'
ptxas info    : Function properties for _Z21kOptimizer32bit1StateI6__halfLi1EEvPT_S2_PfS3_ffffffiffbi
    0 bytes stack frame, 0 bytes spill stores, 0 bytes spill loads
ptxas info    : Used 44 registers, used 1 barriers
ptxas info    : Compile time = 11.536 ms
ptxas info    : Compiling entry function '_Z33kPreconditionOptimizer32bit1StateIfLi4ELi4096ELi8EEvPT_S1_PfS2_ffffiffi' for 'sm_90'
ptxas info    : Function properties for _Z33kPreconditionOptimizer32bit1StateIfLi4ELi4096ELi8EEvPT_S1_PfS2_ffffiffi
    0 bytes stack frame, 0 bytes spill stores, 0 bytes spill loads
ptxas info    : Used 46 registers, used 1 barriers
ptxas info    : Compile time = 10.877 ms
ptxas info    : Compiling entry function '_Z33kPreconditionOptimizer32bit1StateI6__halfLi4ELi4096ELi8EEvPT_S2_PfS3_ffffiffi' for 'sm_90'
ptxas info    : Function properties for _Z33kPreconditionOptimizer32bit1StateI6__halfLi4ELi4096ELi8EEvPT_S2_PfS3_ffffiffi
    0 bytes stack frame, 0 bytes spill stores, 0 bytes spill loads
ptxas info    : Used 47 registers, used 1 barriers
ptxas info    : Compile time = 11.883 ms
ptxas info    : Compiling entry function '_Z33kPreconditionOptimizer32bit1StateI13__nv_bfloat16Li5ELi4096ELi8EEvPT_S2_PfS3_ffffiffi' for 'sm_90'
ptxas info    : Function properties for _Z33kPreconditionOptimizer32bit1StateI13__nv_bfloat16Li5ELi4096ELi8EEvPT_S2_PfS3_ffffiffi
    0 bytes stack frame, 0 bytes spill stores, 0 bytes spill loads
ptxas info    : Used 47 registers, used 1 barriers
ptxas info    : Compile time = 11.356 ms
ptxas info    : Compiling entry function '_Z33kPreconditionOptimizer32bit1StateIfLi5ELi4096ELi8EEvPT_S1_PfS2_ffffiffi' for 'sm_90'
ptxas info    : Function properties for _Z33kPreconditionOptimizer32bit1StateIfLi5ELi4096ELi8EEvPT_S1_PfS2_ffffiffi
    0 bytes stack frame, 0 bytes spill stores, 0 bytes spill loads
ptxas info    : Used 48 registers, used 1 barriers
ptxas info    : Compile time = 10.381 ms
ptxas info    : Compiling entry function '_Z33kPreconditionOptimizer32bit1StateI6__halfLi5ELi4096ELi8EEvPT_S2_PfS3_ffffiffi' for 'sm_90'
ptxas info    : Function properties for _Z33kPreconditionOptimizer32bit1StateI6__halfLi5ELi4096ELi8EEvPT_S2_PfS3_ffffiffi
    0 bytes stack frame, 0 bytes spill stores, 0 bytes spill loads
ptxas info    : Used 48 registers, used 1 barriers
ptxas info    : Compile time = 11.379 ms
ptxas info    : Compiling entry function '_Z33kPreconditionOptimizer32bit1StateIfLi2ELi4096ELi8EEvPT_S1_PfS2_ffffiffi' for 'sm_90'
ptxas info    : Function properties for _Z33kPreconditionOptimizer32bit1StateIfLi2ELi4096ELi8EEvPT_S1_PfS2_ffffiffi
    0 bytes stack frame, 0 bytes spill stores, 0 bytes spill loads
ptxas info    : Used 48 registers, used 1 barriers
ptxas info    : Compile time = 11.268 ms
ptxas info    : Compiling entry function '_Z33kPreconditionOptimizer32bit1StateI6__halfLi2ELi4096ELi8EEvPT_S2_PfS3_ffffiffi' for 'sm_90'
ptxas info    : Function properties for _Z33kPreconditionOptimizer32bit1StateI6__halfLi2ELi4096ELi8EEvPT_S2_PfS3_ffffiffi
    0 bytes stack frame, 0 bytes spill stores, 0 bytes spill loads
ptxas info    : Used 48 registers, used 1 barriers
ptxas info    : Compile time = 12.250 ms
ptxas info    : Compiling entry function '_Z33kPreconditionOptimizer32bit1StateIfLi1ELi4096ELi8EEvPT_S1_PfS2_ffffiffi' for 'sm_90'
ptxas info    : Function properties for _Z33kPreconditionOptimizer32bit1StateIfLi1ELi4096ELi8EEvPT_S1_PfS2_ffffiffi
    0 bytes stack frame, 0 bytes spill stores, 0 bytes spill loads
ptxas info    : Used 47 registers, used 1 barriers
ptxas info    : Compile time = 11.172 ms
ptxas info    : Compiling entry function '_Z33kPreconditionOptimizer32bit1StateI6__halfLi1ELi4096ELi8EEvPT_S2_PfS3_ffffiffi' for 'sm_90'
ptxas info    : Function properties for _Z33kPreconditionOptimizer32bit1StateI6__halfLi1ELi4096ELi8EEvPT_S2_PfS3_ffffiffi
    0 bytes stack frame, 0 bytes spill stores, 0 bytes spill loads
ptxas info    : Used 48 registers, used 1 barriers
ptxas info    : Compile time = 11.896 ms
ptxas info    : Compiling entry function '_Z18kEstimateQuantilesI6__halfEvPT_PffS1_i' for 'sm_90'
ptxas info    : Function properties for _Z18kEstimateQuantilesI6__halfEvPT_PffS1_i
    16 bytes stack frame, 0 bytes spill stores, 0 bytes spill loads
ptxas info    : Used 87 registers, used 1 barriers
ptxas info    : Compile time = 33.035 ms
ptxas info    : Compiling entry function '_Z18kEstimateQuantilesIfEvPT_PffS0_i' for 'sm_90'
ptxas info    : Function properties for _Z18kEstimateQuantilesIfEvPT_PffS0_i
    32 bytes stack frame, 0 bytes spill stores, 0 bytes spill loads
ptxas info    : Used 88 registers, used 1 barriers
ptxas info    : Compile time = 30.246 ms
ptxas info    : Compiling entry function '_Z18kDoubleRowColQuantILi64ELi4ELi16ELi256ELi1EEvP6__halfPfS2_PcS3_PiS4_S1_S4_fiii' for 'sm_90'
ptxas info    : Function properties for _Z18kDoubleRowColQuantILi64ELi4ELi16ELi256ELi1EEvP6__halfPfS2_PcS3_PiS4_S1_S4_fiii
    0 bytes stack frame, 0 bytes spill stores, 0 bytes spill loads
ptxas info    : Used 40 registers, used 1 barriers
ptxas info    : Compile time = 9.249 ms
ptxas info    : Compiling entry function '_Z18kDoubleRowColQuantILi64ELi4ELi16ELi256ELi0EEvP6__halfPfS2_PcS3_PiS4_S1_S4_fiii' for 'sm_90'
ptxas info    : Function properties for _Z18kDoubleRowColQuantILi64ELi4ELi16ELi256ELi0EEvP6__halfPfS2_PcS3_PiS4_S1_S4_fiii
    0 bytes stack frame, 0 bytes spill stores, 0 bytes spill loads
ptxas info    : Used 32 registers, used 1 barriers
ptxas info    : Compile time = 6.287 ms
ptxas info    : Compiling entry function '_Z22kdequant_mm_int32_fp16ILi4ELi128ELi512EEvPiPfS1_P6__halfS1_S1_S3_iiii' for 'sm_90'
ptxas info    : Function properties for _Z22kdequant_mm_int32_fp16ILi4ELi128ELi512EEvPiPfS1_P6__halfS1_S1_S3_iiii
    0 bytes stack frame, 0 bytes spill stores, 0 bytes spill loads
ptxas info    : Used 32 registers, used 1 barriers
ptxas info    : Compile time = 7.622 ms
ptxas info    : Compiling entry function '_Z21kTransformRowToFormatILi256ELi8ELi32ELi256ELi1ELi4EEvPcS0_iiiii' for 'sm_90'
ptxas info    : Function properties for _Z21kTransformRowToFormatILi256ELi8ELi32ELi256ELi1ELi4EEvPcS0_iiiii
    0 bytes stack frame, 0 bytes spill stores, 0 bytes spill loads
ptxas info    : Used 32 registers, used 1 barriers
ptxas info    : Compile time = 8.776 ms
ptxas info    : Compiling entry function '_Z21kTransformRowToFormatILi256ELi8ELi32ELi256ELi0ELi4EEvPcS0_iiiii' for 'sm_90'
ptxas info    : Function properties for _Z21kTransformRowToFormatILi256ELi8ELi32ELi256ELi0ELi4EEvPcS0_iiiii
    0 bytes stack frame, 0 bytes spill stores, 0 bytes spill loads
ptxas info    : Used 31 registers, used 1 barriers
ptxas info    : Compile time = 8.560 ms
ptxas info    : Compiling entry function '_Z21kTransformRowToFormatILi256ELi8ELi32ELi256ELi1ELi3EEvPcS0_iiiii' for 'sm_90'
ptxas info    : Function properties for _Z21kTransformRowToFormatILi256ELi8ELi32ELi256ELi1ELi3EEvPcS0_iiiii
    0 bytes stack frame, 0 bytes spill stores, 0 bytes spill loads
ptxas info    : Used 32 registers, used 1 barriers
ptxas info    : Compile time = 8.721 ms
ptxas info    : Compiling entry function '_Z21kTransformRowToFormatILi256ELi8ELi32ELi256ELi0ELi3EEvPcS0_iiiii' for 'sm_90'
ptxas info    : Function properties for _Z21kTransformRowToFormatILi256ELi8ELi32ELi256ELi0ELi3EEvPcS0_iiiii
    0 bytes stack frame, 0 bytes spill stores, 0 bytes spill loads
ptxas info    : Used 32 registers, used 1 barriers
ptxas info    : Compile time = 9.380 ms
ptxas info    : Compiling entry function '_Z21kTransformRowToFormatILi256ELi8ELi32ELi256ELi1ELi2EEvPcS0_iiiii' for 'sm_90'
ptxas info    : Function properties for _Z21kTransformRowToFormatILi256ELi8ELi32ELi256ELi1ELi2EEvPcS0_iiiii
    0 bytes stack frame, 0 bytes spill stores, 0 bytes spill loads
ptxas info    : Used 40 registers, used 1 barriers
ptxas info    : Compile time = 7.999 ms
ptxas info    : Compiling entry function '_Z21kTransformRowToFormatILi256ELi8ELi32ELi256ELi0ELi2EEvPcS0_iiiii' for 'sm_90'
ptxas info    : Function properties for _Z21kTransformRowToFormatILi256ELi8ELi32ELi256ELi0ELi2EEvPcS0_iiiii
    0 bytes stack frame, 0 bytes spill stores, 0 bytes spill loads
ptxas info    : Used 30 registers, used 1 barriers
ptxas info    : Compile time = 7.834 ms
ptxas info    : Compiling entry function '_Z27kspmm_coo_very_sparse_naiveIaLi32ELi8EEvPiS0_S0_S0_S0_P6__halfPT_S2_Pfiiii' for 'sm_90'
ptxas info    : Function properties for _Z27kspmm_coo_very_sparse_naiveIaLi32ELi8EEvPiS0_S0_S0_S0_P6__halfPT_S2_Pfiiii
    192 bytes stack frame, 0 bytes spill stores, 0 bytes spill loads
ptxas info    : Used 48 registers, used 1 barriers
ptxas info    : Compile time = 75.208 ms
ptxas info    : Compiling entry function '_Z27kspmm_coo_very_sparse_naiveIaLi16ELi8EEvPiS0_S0_S0_S0_P6__halfPT_S2_Pfiiii' for 'sm_90'
ptxas info    : Function properties for _Z27kspmm_coo_very_sparse_naiveIaLi16ELi8EEvPiS0_S0_S0_S0_P6__halfPT_S2_Pfiiii
    192 bytes stack frame, 0 bytes spill stores, 0 bytes spill loads
ptxas info    : Used 40 registers, used 1 barriers
ptxas info    : Compile time = 44.292 ms
ptxas info    : Compiling entry function '_Z27kspmm_coo_very_sparse_naiveIaLi8ELi8EEvPiS0_S0_S0_S0_P6__halfPT_S2_Pfiiii' for 'sm_90'
ptxas info    : Function properties for _Z27kspmm_coo_very_sparse_naiveIaLi8ELi8EEvPiS0_S0_S0_S0_P6__halfPT_S2_Pfiiii
    192 bytes stack frame, 0 bytes spill stores, 0 bytes spill loads
ptxas info    : Used 32 registers, used 1 barriers
ptxas info    : Compile time = 29.034 ms
ptxas info    : Compiling entry function '_Z27kspmm_coo_very_sparse_naiveI6__halfLi32ELi16EEvPiS1_S1_S1_S1_PS0_PT_S2_Pfiiii' for 'sm_90'
ptxas info    : Function properties for _Z27kspmm_coo_very_sparse_naiveI6__halfLi32ELi16EEvPiS1_S1_S1_S1_PS0_PT_S2_Pfiiii
    192 bytes stack frame, 0 bytes spill stores, 0 bytes spill loads
ptxas info    : Used 48 registers, used 1 barriers
ptxas info    : Compile time = 41.400 ms
ptxas info    : Compiling entry function '_Z27kspmm_coo_very_sparse_naiveI6__halfLi16ELi16EEvPiS1_S1_S1_S1_PS0_PT_S2_Pfiiii' for 'sm_90'
ptxas info    : Function properties for _Z27kspmm_coo_very_sparse_naiveI6__halfLi16ELi16EEvPiS1_S1_S1_S1_PS0_PT_S2_Pfiiii
    192 bytes stack frame, 0 bytes spill stores, 0 bytes spill loads
ptxas info    : Used 40 registers, used 1 barriers
ptxas info    : Compile time = 26.761 ms
ptxas info    : Compiling entry function '_Z27kspmm_coo_very_sparse_naiveI6__halfLi8ELi16EEvPiS1_S1_S1_S1_PS0_PT_S2_Pfiiii' for 'sm_90'
ptxas info    : Function properties for _Z27kspmm_coo_very_sparse_naiveI6__halfLi8ELi16EEvPiS1_S1_S1_S1_PS0_PT_S2_Pfiiii
    192 bytes stack frame, 0 bytes spill stores, 0 bytes spill loads
ptxas info    : Used 32 registers, used 1 barriers
ptxas info    : Compile time = 20.216 ms
ptxas info    : Compiling entry function '_Z16kExtractOutliersILi4EEvPcPiS0_iiiii' for 'sm_90'
ptxas info    : Function properties for _Z16kExtractOutliersILi4EEvPcPiS0_iiiii
    0 bytes stack frame, 0 bytes spill stores, 0 bytes spill loads
ptxas info    : Used 14 registers, used 0 barriers
ptxas info    : Compile time = 2.714 ms
ptxas info    : Compiling entry function '_Z16kExtractOutliersILi3EEvPcPiS0_iiiii' for 'sm_90'
ptxas info    : Function properties for _Z16kExtractOutliersILi3EEvPcPiS0_iiiii
    0 bytes stack frame, 0 bytes spill stores, 0 bytes spill loads
ptxas info    : Used 13 registers, used 0 barriers
ptxas info    : Compile time = 2.742 ms
ptxas info    : Compiling entry function '_Z26kgemm_4bit_inference_naiveIfLi128ELi32EEviiiPT_PhPfPKfS1_iiii' for 'sm_90'
ptxas info    : Function properties for _Z26kgemm_4bit_inference_naiveIfLi128ELi32EEviiiPT_PhPfPKfS1_iiii
    0 bytes stack frame, 0 bytes spill stores, 0 bytes spill loads
ptxas info    : Used 48 registers, used 1 barriers
ptxas info    : Compile time = 20.044 ms
ptxas info    : Compiling entry function '_Z26kgemm_4bit_inference_naiveI13__nv_bfloat16Li128ELi16EEviiiPT_PhPfPKfS2_iiii' for 'sm_90'
ptxas info    : Function properties for _Z26kgemm_4bit_inference_naiveI13__nv_bfloat16Li128ELi16EEviiiPT_PhPfPKfS2_iiii
    0 bytes stack frame, 0 bytes spill stores, 0 bytes spill loads
ptxas info    : Used 47 registers, used 1 barriers
ptxas info    : Compile time = 24.773 ms
ptxas info    : Compiling entry function '_Z26kgemm_4bit_inference_naiveI6__halfLi128ELi16EEviiiPT_PhPfPKfS2_iiii' for 'sm_90'
ptxas info    : Function properties for _Z26kgemm_4bit_inference_naiveI6__halfLi128ELi16EEviiiPT_PhPfPKfS2_iiii
    0 bytes stack frame, 0 bytes spill stores, 0 bytes spill loads
ptxas info    : Used 48 registers, used 1 barriers
ptxas info    : Compile time = 24.325 ms
ptxas info    : Compiling entry function '_Z20kgemm_4bit_inferenceI6__halfLi256EEviiiPT_PhPfS2_iiii' for 'sm_90'
ptxas info    : Function properties for _Z20kgemm_4bit_inferenceI6__halfLi256EEviiiPT_PhPfS2_iiii
    32 bytes stack frame, 0 bytes spill stores, 0 bytes spill loads
ptxas info    : Used 64 registers, used 1 barriers
ptxas info    : Compile time = 28.145 ms
ptxas info    : Compiling entry function '_Z20kgemm_4bit_inferenceI6__halfLi160EEviiiPT_PhPfS2_iiii' for 'sm_90'
ptxas info    : Function properties for _Z20kgemm_4bit_inferenceI6__halfLi160EEviiiPT_PhPfS2_iiii
    32 bytes stack frame, 0 bytes spill stores, 0 bytes spill loads
ptxas info    : Used 64 registers, used 1 barriers
ptxas info    : Compile time = 28.387 ms
ptxas info    : Compiling entry function '_Z20kgemm_4bit_inferenceI6__halfLi128EEviiiPT_PhPfS2_iiii' for 'sm_90'
ptxas info    : Function properties for _Z20kgemm_4bit_inferenceI6__halfLi128EEviiiPT_PhPfS2_iiii
    32 bytes stack frame, 0 bytes spill stores, 0 bytes spill loads
ptxas info    : Used 64 registers, used 1 barriers
ptxas info    : Compile time = 27.891 ms
ptxas info    : Compiling entry function '_Z20kgemm_4bit_inferenceI6__halfLi96EEviiiPT_PhPfS2_iiii' for 'sm_90'
ptxas info    : Function properties for _Z20kgemm_4bit_inferenceI6__halfLi96EEviiiPT_PhPfS2_iiii
    32 bytes stack frame, 0 bytes spill stores, 0 bytes spill loads
ptxas info    : Used 64 registers, used 1 barriers
ptxas info    : Compile time = 28.029 ms
ptxas info    : Compiling entry function '_Z11gemm_deviceI6__halfLi16ELi96EEviiiPT_S2_S2_iii' for 'sm_90'
ptxas info    : Function properties for _Z11gemm_deviceI6__halfLi16ELi96EEviiiPT_S2_S2_iii
    0 bytes stack frame, 0 bytes spill stores, 0 bytes spill loads
ptxas info    : Used 167 registers, used 1 barriers
ptxas info    : Compile time = 38.669 ms
ptxas info    : Compiling entry function '_Z11gemm_deviceI6__halfLi16ELi64EEviiiPT_S2_S2_iii' for 'sm_90'
ptxas info    : Function properties for _Z11gemm_deviceI6__halfLi16ELi64EEviiiPT_S2_S2_iii
    0 bytes stack frame, 0 bytes spill stores, 0 bytes spill loads
ptxas info    : Used 167 registers, used 1 barriers
ptxas info    : Compile time = 38.584 ms
ptxas info    : Compiling entry function '_Z11gemm_deviceI6__halfLi16ELi32EEviiiPT_S2_S2_iii' for 'sm_90'
ptxas info    : Function properties for _Z11gemm_deviceI6__halfLi16ELi32EEviiiPT_S2_S2_iii
    0 bytes stack frame, 0 bytes spill stores, 0 bytes spill loads
ptxas info    : Used 167 registers, used 1 barriers
ptxas info    : Compile time = 38.382 ms
ptxas info    : Compiling entry function '_Z11gemm_deviceI6__halfLi16ELi128EEviiiPT_S2_S2_iii' for 'sm_90'
ptxas info    : Function properties for _Z11gemm_deviceI6__halfLi16ELi128EEviiiPT_S2_S2_iii
    0 bytes stack frame, 0 bytes spill stores, 0 bytes spill loads
ptxas info    : Used 167 registers, used 1 barriers
ptxas info    : Compile time = 38.140 ms
ptxas info    : Compiling entry function '_Z11gemm_deviceI6__halfLi16ELi160EEviiiPT_S2_S2_iii' for 'sm_90'
ptxas info    : Function properties for _Z11gemm_deviceI6__halfLi16ELi160EEviiiPT_S2_S2_iii
    0 bytes stack frame, 0 bytes spill stores, 0 bytes spill loads
ptxas info    : Used 167 registers, used 1 barriers
ptxas info    : Compile time = 38.213 ms
ptxas info    : Compiling entry function '_Z11gemm_deviceI6__halfLi16ELi192EEviiiPT_S2_S2_iii' for 'sm_90'
ptxas info    : Function properties for _Z11gemm_deviceI6__halfLi16ELi192EEviiiPT_S2_S2_iii
    0 bytes stack frame, 0 bytes spill stores, 0 bytes spill loads
ptxas info    : Used 167 registers, used 1 barriers
ptxas info    : Compile time = 38.447 ms
ptxas info    : Compiling entry function '_Z11gemm_deviceI6__halfLi16ELi256EEviiiPT_S2_S2_iii' for 'sm_90'
ptxas info    : Function properties for _Z11gemm_deviceI6__halfLi16ELi256EEviiiPT_S2_S2_iii
    0 bytes stack frame, 0 bytes spill stores, 0 bytes spill loads
ptxas info    : Used 167 registers, used 1 barriers
ptxas info    : Compile time = 38.369 ms
ptxas info    : Compiling entry function '_Z11gemm_deviceI6__halfLi32ELi96EEviiiPT_S2_S2_iii' for 'sm_90'
ptxas info    : Function properties for _Z11gemm_deviceI6__halfLi32ELi96EEviiiPT_S2_S2_iii
    0 bytes stack frame, 0 bytes spill stores, 0 bytes spill loads
ptxas info    : Used 167 registers, used 1 barriers
ptxas info    : Compile time = 38.533 ms
ptxas info    : Compiling entry function '_Z11gemm_deviceI6__halfLi32ELi64EEviiiPT_S2_S2_iii' for 'sm_90'
ptxas info    : Function properties for _Z11gemm_deviceI6__halfLi32ELi64EEviiiPT_S2_S2_iii
    0 bytes stack frame, 0 bytes spill stores, 0 bytes spill loads
ptxas info    : Used 167 registers, used 1 barriers
ptxas info    : Compile time = 38.336 ms
ptxas info    : Compiling entry function '_Z11gemm_deviceI6__halfLi32ELi32EEviiiPT_S2_S2_iii' for 'sm_90'
ptxas info    : Function properties for _Z11gemm_deviceI6__halfLi32ELi32EEviiiPT_S2_S2_iii
    0 bytes stack frame, 0 bytes spill stores, 0 bytes spill loads
ptxas info    : Used 167 registers, used 1 barriers
ptxas info    : Compile time = 38.402 ms
ptxas info    : Compiling entry function '_Z11gemm_deviceI6__halfLi32ELi128EEviiiPT_S2_S2_iii' for 'sm_90'
ptxas info    : Function properties for _Z11gemm_deviceI6__halfLi32ELi128EEviiiPT_S2_S2_iii
    0 bytes stack frame, 0 bytes spill stores, 0 bytes spill loads
ptxas info    : Used 167 registers, used 1 barriers
ptxas info    : Compile time = 38.293 ms
ptxas info    : Compiling entry function '_Z11gemm_deviceI6__halfLi32ELi160EEviiiPT_S2_S2_iii' for 'sm_90'
ptxas info    : Function properties for _Z11gemm_deviceI6__halfLi32ELi160EEviiiPT_S2_S2_iii
    0 bytes stack frame, 0 bytes spill stores, 0 bytes spill loads
ptxas info    : Used 167 registers, used 1 barriers
ptxas info    : Compile time = 38.879 ms
ptxas info    : Compiling entry function '_Z11gemm_deviceI6__halfLi32ELi192EEviiiPT_S2_S2_iii' for 'sm_90'
ptxas info    : Function properties for _Z11gemm_deviceI6__halfLi32ELi192EEviiiPT_S2_S2_iii
    0 bytes stack frame, 0 bytes spill stores, 0 bytes spill loads
ptxas info    : Used 167 registers, used 1 barriers
ptxas info    : Compile time = 38.643 ms
ptxas info    : Compiling entry function '_Z11gemm_deviceI6__halfLi32ELi256EEviiiPT_S2_S2_iii' for 'sm_90'
ptxas info    : Function properties for _Z11gemm_deviceI6__halfLi32ELi256EEviiiPT_S2_S2_iii
    0 bytes stack frame, 0 bytes spill stores, 0 bytes spill loads
ptxas info    : Used 167 registers, used 1 barriers
ptxas info    : Compile time = 38.355 ms
ptxas info    : Compiling entry function '_Z5kfuncIfLi2EEvPT_S1_S0_l' for 'sm_90'
ptxas info    : Function properties for _Z5kfuncIfLi2EEvPT_S1_S0_l
    0 bytes stack frame, 0 bytes spill stores, 0 bytes spill loads
ptxas info    : Used 26 registers, used 0 barriers
ptxas info    : Compile time = 5.235 ms
ptxas info    : Compiling entry function '_Z5kfuncIfLi1EEvPT_S1_S0_l' for 'sm_90'
ptxas info    : Function properties for _Z5kfuncIfLi1EEvPT_S1_S0_l
    0 bytes stack frame, 0 bytes spill stores, 0 bytes spill loads
ptxas info    : Used 30 registers, used 0 barriers
ptxas info    : Compile time = 4.322 ms
ptxas info    : Compiling entry function '_Z5kfuncIhLi0EEvPT_S1_S0_l' for 'sm_90'
ptxas info    : Function properties for _Z5kfuncIhLi0EEvPT_S1_S0_l
    0 bytes stack frame, 0 bytes spill stores, 0 bytes spill loads
ptxas info    : Used 24 registers, used 0 barriers
ptxas info    : Compile time = 3.975 ms
ptxas info    : Compiling entry function '_Z5kfuncIfLi0EEvPT_S1_S0_l' for 'sm_90'
ptxas info    : Function properties for _Z5kfuncIfLi0EEvPT_S1_S0_l
    0 bytes stack frame, 0 bytes spill stores, 0 bytes spill loads
ptxas info    : Used 24 registers, used 0 barriers
ptxas info    : Compile time = 4.170 ms
ptxas info    : Compiling entry function '_Z15kgetColRowStatsI6__halfLi64ELi4ELi16ELi256ELi1EEvPT_PfS3_Pifiiii' for 'sm_90'
ptxas info    : Function properties for _Z15kgetColRowStatsI6__halfLi64ELi4ELi16ELi256ELi1EEvPT_PfS3_Pifiiii
    0 bytes stack frame, 0 bytes spill stores, 0 bytes spill loads
ptxas info    : Used 27 registers, used 1 barriers
ptxas info    : Compile time = 11.276 ms
ptxas info    : Compiling entry function '_Z15kgetColRowStatsI6__halfLi64ELi4ELi16ELi256ELi0EEvPT_PfS3_Pifiiii' for 'sm_90'
ptxas info    : Function properties for _Z15kgetColRowStatsI6__halfLi64ELi4ELi16ELi256ELi0EEvPT_PfS3_Pifiiii
    0 bytes stack frame, 0 bytes spill stores, 0 bytes spill loads
ptxas info    : Used 25 registers, used 1 barriers
ptxas info    : Compile time = 9.872 ms
ptxas info    : Compiling entry function '_Z11kDequantizePfPhS_i' for 'sm_90'
ptxas info    : Function properties for _Z11kDequantizePfPhS_i
    0 bytes stack frame, 0 bytes spill stores, 0 bytes spill loads
ptxas info    : Used 14 registers, used 1 barriers, 1024 bytes smem
ptxas info    : Compile time = 2.639 ms
ptxas info    : Compiling entry function '_Z9kQuantizePfS_Phi' for 'sm_90'
ptxas info    : Function properties for _Z9kQuantizePfS_Phi
    0 bytes stack frame, 0 bytes spill stores, 0 bytes spill loads
ptxas info    : Used 52 registers, used 1 barriers, 21520 bytes smem
ptxas info    : Compile time = 13.845 ms
ptxas info    : Compiling entry function '_Z22kHistogramScatterAdd2DPfPiS0_S_ii' for 'sm_90'
ptxas info    : Function properties for _Z22kHistogramScatterAdd2DPfPiS0_S_ii
    0 bytes stack frame, 0 bytes spill stores, 0 bytes spill loads
ptxas info    : Used 22 registers, used 0 barriers
ptxas info    : Compile time = 2.134 ms
ptxas info    : Function properties for _Z9dQuantizeILi1EEhPfff
    0 bytes stack frame, 0 bytes spill stores, 0 bytes spill loads
ptxas info    : Compile time = 3.441 ms
ptxas info    : Function properties for _Z12printnonzeroI6__halfEvPT_iPKc
    32 bytes stack frame, 8 bytes spill stores, 8 bytes spill loads
ptxas info    : Compile time = 5.248 ms
ptxas info    : Function properties for _Z12printnonzeroIfEvPT_iPKc
    32 bytes stack frame, 8 bytes spill stores, 8 bytes spill loads
ptxas info    : Compile time = 5.087 ms
ptxas info    : Function properties for _Z9dQuantizeILi0EEhPfff
    0 bytes stack frame, 0 bytes spill stores, 0 bytes spill loads
ptxas info    : Compile time = 3.472 ms
ptxas info    : Function properties for _Z12dQuantizeNF4f
    0 bytes stack frame, 0 bytes spill stores, 0 bytes spill loads
ptxas info    : Compile time = 2.229 ms
ptxas info    : Function properties for _Z14dDequantizeNF4h
    0 bytes stack frame, 0 bytes spill stores, 0 bytes spill loads
ptxas info    : Compile time = 2.235 ms
ptxas info    : Function properties for _Z15dhDequantizeNF4h
    0 bytes stack frame, 0 bytes spill stores, 0 bytes spill loads
ptxas info    : Compile time = 2.608 ms
ptxas info    : Function properties for _Z12dQuantizeFP4f
    0 bytes stack frame, 0 bytes spill stores, 0 bytes spill loads
ptxas info    : Compile time = 1.970 ms
ptxas info    : Function properties for _Z18dDequantizeFP4Treehf
    0 bytes stack frame, 0 bytes spill stores, 0 bytes spill loads
ptxas info    : Compile time = 2.082 ms
ptxas info    : Function properties for _Z15d2DequantizeFP4h
    0 bytes stack frame, 0 bytes spill stores, 0 bytes spill loads
ptxas info    : Compile time = 1.873 ms
ptxas info    : Function properties for _Z14dDequantizeFP4hf
    0 bytes stack frame, 0 bytes spill stores, 0 bytes spill loads
ptxas info    : Compile time = 1.945 ms
ptxas info    : Function properties for _Z9atomicMinPff
    0 bytes stack frame, 0 bytes spill stores, 0 bytes spill loads
ptxas info    : Compile time = 1.778 ms
ptxas info    : Function properties for _Z9atomicMaxPff
    0 bytes stack frame, 0 bytes spill stores, 0 bytes spill loads
ptxas info    : Compile time = 1.723 ms
/usr/local/cuda/bin/nvcc -gencode arch=compute_75,code=sm_75 -gencode arch=compute_80,code=sm_80 -gencode arch=compute_86,code=sm_86 -gencode arch=compute_89,code=sm_89 -gencode arch=compute_90,code=sm_90 -Xcompiler '-fPIC' -dlink /home/ubuntu/altrux/.cache/bnb-src/build/ops.o /home/ubuntu/altrux/.cache/bnb-src/build/kernels.o -o /home/ubuntu/altrux/.cache/bnb-src/build/link.o
/usr/bin/g++ -std=c++14 -DBUILD_CUDA -shared -fPIC -I /usr/local/cuda/include -I /home/ubuntu/altrux/.cache/bnb-src/csrc -I /include -I /home/ubuntu/altrux/.cache/bnb-src/include /home/ubuntu/altrux/.cache/bnb-src/build/ops.o /home/ubuntu/altrux/.cache/bnb-src/build/kernels.o /home/ubuntu/altrux/.cache/bnb-src/build/link.o /home/ubuntu/altrux/.cache/bnb-src/csrc/common.cpp /home/ubuntu/altrux/.cache/bnb-src/csrc/cpu_ops.cpp /home/ubuntu/altrux/.cache/bnb-src/csrc/pythonInterface.c -o ./bitsandbytes/libbitsandbytes_cuda128.so -L /usr/local/cuda/lib64 -lcudart -lcublas -lcublasLt -lcusparse -L /lib
Using Python 3.10.12 environment at: /home/ubuntu/altrux/.cache/TAALM/.venv
Resolved 1 package in 367ms
   Building bitsandbytes @ file:///home/ubuntu/altrux/.cache/bnb-src
      Built bitsandbytes @ file:///home/ubuntu/altrux/.cache/bnb-src
Prepared 1 package in 609ms
Uninstalled 1 package in 1ms
Installed 1 package in 1ms
 - bitsandbytes==0.42.0
 + bitsandbytes==0.42.0 (from file:///home/ubuntu/altrux/.cache/bnb-src)
Traceback (most recent call last):
  File "<string>", line 1, in <module>
  File "/home/ubuntu/altrux/.cache/bnb-src/bitsandbytes/__init__.py", line 16, in <module>
    from .nn import modules
  File "/home/ubuntu/altrux/.cache/bnb-src/bitsandbytes/nn/__init__.py", line 6, in <module>
    from .triton_based_modules import SwitchBackLinear, SwitchBackLinearGlobal, SwitchBackLinearVectorwise, StandardLinear
  File "/home/ubuntu/altrux/.cache/bnb-src/bitsandbytes/nn/triton_based_modules.py", line 8, in <module>
    from bitsandbytes.triton.dequantize_rowwise import dequantize_rowwise
  File "/home/ubuntu/altrux/.cache/bnb-src/bitsandbytes/triton/dequantize_rowwise.py", line 12, in <module>
    from triton.ops.matmul_perf_model import early_config_prune, estimate_matmul_time
ModuleNotFoundError: No module named 'triton.ops'
EXIT=1
