
     0K .......... .......... .......... .......... ..........  0%  704K 1m43s
    50K .......... .......... .......... .......... ..........  0%  734K 1m41s
   100K .......... .......... .......... .......... ..........  0%  790K 98s
   150K .......... .......... .......... .......... ..........  0% 35.1M 74s
   200K .......... .......... .......... .......... ..........  0% 60.4M 59s
   250K .......... .......... .......... .......... ..........  0%  844K 64s
   300K .......... .......... .......... .......... ..........  0% 88.6M 55s
   350K .......... .......... .......... .......... ..........  0%  222M 48s
   400K .......... .......... .......... .......... ..........  0%  190M 43s
   450K .......... .......... .......... .......... ..........  0%  222M 38s
   500K .......... .......... .......... .......... ..........  0%  777K 43s
   550K .......... .......... .......... .......... ..........  0%  457M 40s
   600K .......... .......... .......... .......... ..........  0%  144M 37s
   650K .......... .......... .......... .......... ..........  0%  419M 34s
   700K .......... .......... .......... .......... ..........  1%  182M 32s
   750K .......... .......... .......... .......... ..........  1% 28.4M 30s
   800K .......... .......... .......... .......... ..........  1%  434M 28s
   850K .......... .......... .......... .......... ..........  1%  663M 27s
   900K .......... .......... .......... .......... ..........  1%  561M 25s
   950K .......... .......... .......... .......... ..........  1%  624M 24s
  1000K .......... .......... .......... .......... ..........  1%  600M 23s
  1050K .......... .......... .......... .......... ..........  1%  520M 22s
  1100K .......... .......... .......... .......... ..........  1%  795K 25s
  1150K .......... .......... .......... .......... ..........  1%  417M 24s
  1200K .......... .......... .......... .......... ..........  1%  205M 23s
  1250K .......... .......... .......... .......... ..........  1%  303M 22s
  1300K .......... .......... .......... .......... ..........  1%  479M 21s
  1350K .......... .......... .......... .......... ..........  1%  378M 20s
  1400K .......... .......... .......... .......... ..........  1%  279M 20s
  1450K .......... .......... .......... .......... ..........  2%  210M 19s
  1500K .......... .......... .......... .......... ..........  2%  443M 18s
  1550K .......... .......... .......... .......... ..........  2%  617M 18s
  1600K .......... .......... .......... .......... ..........  2%  189M 17s
  1650K .......... .......... .......... .......... ..........  2%  343M 17s
  1700K .......... .......... .......... .......... ..........  2%  603M 16s
  1750K .......... .......... .......... .......... ..........  2%  504M 16s
  1800K .......... .......... .......... .......... ..........  2%  594M 15s
  1850K .......... .......... .......... .......... ..........  2%  257M 15s
  1900K .......... .......... .......... .......... ..........  2%  347M 14s
  1950K .......... .......... .......... .......... ..........  2%  455M 14s
  2000K .......... .......... .......... .......... ..........  2%  543M 14s
  2050K .......... .......... .......... .......... ..........  2%  598M 13s
  2100K .......... .......... .......... .......... ..........  2%  508M 13s
  2150K .......... .......... .......... .......... ..........  3%  568M 13s
  2200K .......... .......... .......... .......... ..........  3% 1.13M 14s
  2250K .......... .......... .......... .......... ..........  3% 2.38M 14s
  2300K .......... .......... .......... .......... ..........  3%  407M 14s
  2350K .......... .......... .......... .......... ..........  3%  493M 14s
  2400K .......... .......... .......... .......... ..........  3%  258M 13s
  2450K .......... .......... .......... .......... ..........  3%  317M 13s
  2500K .......... .......... .......... .......... ..........  3%  504M 13s
  2550K .......... .......... .......... .......... ..........  3%  224M 13s
  2600K .......... .......... .......... .......... ..........  3%  100M 12s
  2650K .......... .......... .......... .......... ..........  3%  537M 12s
  2700K .......... .......... .......... .......... ..........  3%  680M 12s
  2750K .......... .......... .......... .......... ..........  3%  571M 12s
  2800K .......... .......... .......... .......... ..........  3%  590M 11s
  2850K .......... .......... .......... .......... ..........  3%  569M 11s
  2900K .......... .......... .......... .......... ..........  4%  581M 11s
  2950K .......... .......... .......... .......... ..........  4%  735M 11s
  3000K .......... .......... .......... .......... ..........  4%  682M 11s
  3050K .......... .......... .......... .......... ..........  4%  365M 10s
  3100K .......... .......... .......... .......... ..........  4%  412M 10s
  3150K .......... .......... .......... .......... ..........  4%  523M 10s
  3200K .......... .......... .......... .......... ..........  4%  567M 10s
  3250K .......... .......... .......... .......... ..........  4%  541M 10s
  3300K .......... .......... .......... .......... ..........  4%  485M 10s
  3350K .......... .......... .......... .......... ..........  4%  481M 9s
  3400K .......... .......... .......... .......... ..........  4%  632M 9s
  3450K .......... .......... .......... .......... ..........  4%  543M 9s
  3500K .......... .......... .......... .......... ..........  4%  552M 9s
  3550K .......... .......... .......... .......... ..........  4%  565M 9s
  3600K .......... .......... .......... .......... ..........  5%  656M 9s
  3650K .......... .......... .......... .......... ..........  5%  448M 9s
  3700K .......... .......... .......... .......... ..........  5%  453M 9s
  3750K .......... .......... .......... .......... ..........  5%  512M 8s
  3800K .......... .......... .......... .......... ..........  5%  558M 8s
  3850K .......... .......... .......... .......... ..........  5%  677M 8s
  3900K .......... .......... .......... .......... ..........  5%  473M 8s
  3950K .......... .......... .......... .......... ..........  5%  595M 8s
  4000K .......... .......... .......... .......... ..........  5%  596M 8s
  4050K .......... .......... .......... .......... ..........  5%  672M 8s
  4100K .......... .......... .......... .......... ..........  5%  182M 8s
  4150K .......... .......... .......... .......... ..........  5%  514M 8s
  4200K .......... .......... .......... .......... ..........  5%  413M 8s
  4250K .......... .......... .......... .......... ..........  5%  547M 7s
  4300K .......... .......... .......... .......... ..........  5%  574M 7s
  4350K .......... .......... .......... .......... ..........  6%  489M 7s
  4400K .......... .......... .......... .......... ..........  6%  604M 7s
  4450K .......... .......... .......... .......... ..........  6%  599M 7s
  4500K .......... .......... .......... .......... ..........  6% 1.20M 8s
  4550K .......... .......... .......... .......... ..........  6% 2.40M 8s
  4600K .......... .......... .......... .......... ..........  6%  311M 8s
  4650K .......... .......... .......... .......... ..........  6%  523M 8s
  4700K .......... .......... .......... .......... ..........  6%  391M 8s
  4750K .......... .......... .......... .......... ..........  6%  545M 7s
  4800K .......... .......... .......... .......... ..........  6%  252M 7s
  4850K .......... .......... .......... .......... ..........  6% 97.3M 7s
  4900K .......... .......... .......... .......... ..........  6%  151M 7s
  4950K .......... .......... .......... .......... ..........  6%  132M 7s
  5000K .......... .......... .......... .......... ..........  6%  284M 7s
  5050K .......... .......... .......... .......... ..........  6%  441M 7s
  5100K .......... .......... .......... .......... ..........  7%  232M 7s
  5150K .......... .......... .......... .......... ..........  7%  530M 7s
  5200K .......... .......... .......... .......... ..........  7%  528M 7s
  5250K .......... .......... .......... .......... ..........  7%  340M 7s
  5300K .......... .......... .......... .......... ..........  7% 68.0M 7s
  5350K .......... .......... .......... .......... ..........  7%  234M 7s
  5400K .......... .......... .......... .......... ..........  7%  601M 7s
  5450K .......... .......... .......... .......... ..........  7%  433M 7s
  5500K .......... .......... .......... .......... ..........  7%  178M 6s
  5550K .......... .......... .......... .......... ..........  7% 69.4M 6s
  5600K .......... .......... .......... .......... ..........  7%  489M 6s
  5650K .......... .......... .......... .......... ..........  7%  593M 6s
  5700K .......... .......... .......... .......... ..........  7%  130M 6s
  5750K .......... .......... .......... .......... ..........  7%  127M 6s
  5800K .......... .......... .......... .......... ..........  8%  183M 6s
  5850K .......... .......... .......... .......... ..........  8%  556M 6s
  5900K .......... .......... .......... .......... ..........  8%  478M 6s
  5950K .......... .......... .......... .......... ..........  8%  129M 6s
  6000K .......... .......... .......... .......... ..........  8%  397M 6s
  6050K .......... .......... .......... .......... ..........  8%  354M 6s
  6100K .......... .......... .......... .......... ..........  8% 92.2M 6s
  6150K .......... .......... .......... .......... ..........  8%  136M 6s
  6200K .......... .......... .......... .......... ..........  8% 62.7M 6s
  6250K .......... .......... .......... .......... ..........  8%  231M 6s
  6300K .......... .......... .......... .......... ..........  8%  534M 6s
  6350K .......... .......... .......... .......... ..........  8%  402M 6s
  6400K .......... .......... .......... .......... ..........  8%  461M 6s
  6450K .......... .......... .......... .......... ..........  8%  593M 5s
  6500K .......... .......... .......... .......... ..........  8%  645M 5s
  6550K .......... .......... .......... .......... ..........  9%  488M 5s
  6600K .......... .......... .......... .......... ..........  9%  376M 5s
  6650K .......... .......... .......... .......... ..........  9%  522M 5s
  6700K .......... .......... .......... .......... ..........  9%  535M 5s
  6750K .......... .......... .......... .......... ..........  9%  280M 5s
  6800K .......... .......... .......... .......... ..........  9%  638M 5s
  6850K .......... .......... .......... .......... ..........  9%  487M 5s
  6900K .......... .......... .......... .......... ..........  9%  513M 5s
  6950K .......... .......... .......... .......... ..........  9%  590M 5s
  7000K .......... .......... .......... .......... ..........  9%  561M 5s
  7050K .......... .......... .......... .......... ..........  9%  619M 5s
  7100K .......... .......... .......... .......... ..........  9%  413M 5s
  7150K .......... .......... .......... .......... ..........  9%  630M 5s
  7200K .......... .......... .......... .......... ..........  9%  440M 5s
  7250K .......... .......... .......... .......... .......... 10%  652M 5s
  7300K .......... .......... .......... .......... .......... 10%  368M 5s
  7350K .......... .......... .......... .......... .......... 10%  510M 5s
  7400K .......... .......... .......... .......... .......... 10%  548M 5s
  7450K .......... .......... .......... .......... .......... 10%  596M 5s
  7500K .......... .......... .......... .......... .......... 10%  463M 5s
  7550K .......... .......... .......... .......... .......... 10%  569M 5s
  7600K .......... .......... .......... .......... .......... 10%  377M 5s
  7650K .......... .......... .......... .......... .......... 10%  443M 5s
  7700K .......... .......... .......... .......... .......... 10%  602M 5s
  7750K .......... .......... .......... .......... .......... 10%  638M 4s
  7800K .......... .......... .......... .......... .......... 10%  543M 4s
  7850K .......... .......... .......... .......... .......... 10%  555M 4s
  7900K .......... .......... .......... .......... .......... 10%  517M 4s
  7950K .......... .......... .......... .......... .......... 10%  671M 4s
  8000K .......... .......... .......... .......... .......... 11%  609M 4s
  8050K .......... .......... .......... .......... .......... 11%  495M 4s
  8100K .......... .......... .......... .......... .......... 11%  637M 4s
  8150K .......... .......... .......... .......... .......... 11%  579M 4s
  8200K .......... .......... .......... .......... .......... 11%  305M 4s
  8250K .......... .......... .......... .......... .......... 11%  238M 4s
  8300K .......... .......... .......... .......... .......... 11%  468M 4s
  8350K .......... .......... .......... .......... .......... 11%  556M 4s
  8400K .......... .......... .......... .......... .......... 11%  662M 4s
  8450K .......... .......... .......... .......... .......... 11%  656M 4s
  8500K .......... .......... .......... .......... .......... 11%  898K 4s
  8550K .......... .......... .......... .......... .......... 11% 72.4M 4s
  8600K .......... .......... .......... .......... .......... 11%  477M 4s
  8650K .......... .......... .......... .......... .......... 11%  503M 4s
  8700K .......... .......... .......... .......... .......... 12%  610M 4s
  8750K .......... .......... .......... .......... .......... 12%  526M 4s
  8800K .......... .......... .......... .......... .......... 12%  552M 4s
  8850K .......... .......... .......... .......... .......... 12%  641M 4s
  8900K .......... .......... .......... .......... .......... 12%  498M 4s
  8950K .......... .......... .......... .......... .......... 12%  487M 4s
  9000K .......... .......... .......... .......... .......... 12%  605M 4s
  9050K .......... .......... .......... .......... .......... 12%  610M 4s
  9100K .......... .......... .......... .......... .......... 12%  687M 4s
  9150K .......... .......... .......... .......... .......... 12%  588M 4s
  9200K .......... .......... .......... .......... .......... 12% 73.7M 4s
  9250K .......... .......... .......... .......... .......... 12%  125M 4s
  9300K .......... .......... .......... .......... .......... 12%  470M 4s
  9350K .......... .......... .......... .......... .......... 12%  565M 4s
  9400K .......... .......... .......... .......... .......... 12%  390M 4s
  9450K .......... .......... .......... .......... .......... 13%  407M 4s
  9500K .......... .......... .......... .......... .......... 13%  423M 4s
  9550K .......... .......... .......... .......... .......... 13%  614M 4s
  9600K .......... .......... .......... .......... .......... 13%  502M 4s
  9650K .......... .......... .......... .......... .......... 13%  566M 4s
  9700K .......... .......... .......... .......... .......... 13%  614M 4s
  9750K .......... .......... .......... .......... .......... 13%  250M 4s
  9800K .......... .......... .......... .......... .......... 13%  185M 4s
  9850K .......... .......... .......... .......... .......... 13%  573M 4s
  9900K .......... .......... .......... .......... .......... 13%  394M 4s
  9950K .......... .......... .......... .......... .......... 13%  373M 4s
 10000K .......... .......... .......... .......... .......... 13%  520M 4s
 10050K .......... .......... .......... .......... .......... 13%  600M 4s
 10100K .......... .......... .......... .......... .......... 13%  624M 4s
 10150K .......... .......... .......... .......... .......... 13%  268M 4s
 10200K .......... .......... .......... .......... .......... 14%  524M 4s
 10250K .......... .......... .......... .......... .......... 14%  648M 4s
 10300K .......... .......... .......... .......... .......... 14%  483M 4s
 10350K .......... .......... .......... .......... .......... 14%  520M 4s
 10400K .......... .......... .......... .......... .......... 14%  418M 4s
 10450K .......... .......... .......... .......... .......... 14%  468M 4s
 10500K .......... .......... .......... .......... .......... 14%  623M 4s
 10550K .......... .......... .......... .......... .......... 14%  637M 4s
 10600K .......... .......... .......... .......... .......... 14%  295M 4s
 10650K .......... .......... .......... .......... .......... 14%  599M 3s
 10700K .......... .......... .......... .......... .......... 14%  607M 3s
 10750K .......... .......... .......... .......... .......... 14%  559M 3s
 10800K .......... .......... .......... .......... .......... 14%  284M 3s
 10850K .......... .......... .......... .......... .......... 14%  503M 3s
 10900K .......... .......... .......... .......... .......... 15%  467M 3s
 10950K .......... .......... .......... .......... .......... 15%  572M 3s
 11000K .......... .......... .......... .......... .......... 15%  544M 3s
 11050K .......... .......... .......... .......... .......... 15%  634M 3s
 11100K .......... .......... .......... .......... .......... 15% 66.9M 3s
 11150K .......... .......... .......... .......... .......... 15%  556M 3s
 11200K .......... .......... .......... .......... .......... 15%  520M 3s
 11250K .......... .......... .......... .......... .......... 15%  555M 3s
 11300K .......... .......... .......... .......... .......... 15%  490M 3s
 11350K .......... .......... .......... .......... .......... 15%  593M 3s
 11400K .......... .......... .......... .......... .......... 15%  647M 3s
 11450K .......... .......... .......... .......... .......... 15%  498M 3s
 11500K .......... .......... .......... .......... .......... 15%  678M 3s
 11550K .......... .......... .......... .......... .......... 15%  566M 3s
 11600K .......... .......... .......... .......... .......... 15% 28.8M 3s
 11650K .......... .......... .......... .......... .......... 16%  255M 3s
 11700K .......... .......... .......... .......... .......... 16%  490M 3s
 11750K .......... .......... .......... .......... .......... 16%  409M 3s
 11800K .......... .......... .......... .......... .......... 16%  326M 3s
 11850K .......... .......... .......... .......... .......... 16%  371M 3s
 11900K .......... .......... .......... .......... .......... 16%  181M 3s
 11950K .......... .......... .......... .......... .......... 16%  173M 3s
 12000K .......... .......... .......... .......... .......... 16% 21.1M 3s
 12050K .......... .......... .......... .......... .......... 16%  379M 3s
 12100K .......... .......... .......... .......... .......... 16% 77.0M 3s
 12150K .......... .......... .......... .......... .......... 16%  457M 3s
 12200K .......... .......... .......... .......... .......... 16%  374M 3s
 12250K .......... .......... .......... .......... .......... 16%  364M 3s
 12300K .......... .......... .......... .......... .......... 16%  212M 3s
 12350K .......... .......... .......... .......... .......... 17%  270M 3s
 12400K .......... .......... .......... .......... .......... 17%  945K 3s
 12450K .......... .......... .......... .......... .......... 17%  311M 3s
 12500K .......... .......... .......... .......... .......... 17%  531M 3s
 12550K .......... .......... .......... .......... .......... 17%  525M 3s
 12600K .......... .......... .......... .......... .......... 17%  348M 3s
 12650K .......... .......... .......... .......... .......... 17%  145M 3s
 12700K .......... .......... .......... .......... .......... 17%  165M 3s
 12750K .......... .......... .......... .......... .......... 17%  271M 3s
 12800K .......... .......... .......... .......... .......... 17%  552M 3s
 12850K .......... .......... .......... .......... .......... 17%  283M 3s
 12900K .......... .......... .......... .......... .......... 17%  377M 3s
 12950K .......... .......... .......... .......... .......... 17%  281M 3s
 13000K .......... .......... .......... .......... .......... 17%  532M 3s
 13050K .......... .......... .......... .......... .......... 17%  586M 3s
 13100K .......... .......... .......... .......... .......... 18%  431M 3s
 13150K .......... .......... .......... .......... .......... 18%  570M 3s
 13200K .......... .......... .......... .......... .......... 18%  566M 3s
 13250K .......... .......... .......... .......... .......... 18%  519M 3s
 13300K .......... .......... .......... .......... .......... 18%  288M 3s
 13350K .......... .......... .......... .......... .......... 18%  294M 3s
 13400K .......... .......... .......... .......... .......... 18%  544M 3s
 13450K .......... .......... .......... .......... .......... 18%  503M 3s
 13500K .......... .......... .......... .......... .......... 18%  503M 3s
 13550K .......... .......... .......... .......... .......... 18%  257M 3s
 13600K .......... .......... .......... .......... .......... 18%  612M 3s
 13650K .......... .......... .......... .......... .......... 18%  413M 3s
 13700K .......... .......... .......... .......... .......... 18%  597M 3s
 13750K .......... .......... .......... .......... .......... 18%  566M 3s
 13800K .......... .......... .......... .......... .......... 19%  316M 3s
 13850K .......... .......... .......... .......... .......... 19%  479M 3s
 13900K .......... .......... .......... .......... .......... 19%  340M 3s
 13950K .......... .......... .......... .......... .......... 19%  599M 3s
 14000K .......... .......... .......... .......... .......... 19%  617M 3s
 14050K .......... .......... .......... .......... .......... 19%  434M 3s
 14100K .......... .......... .......... .......... .......... 19%  435M 3s
 14150K .......... .......... .......... .......... .......... 19%  601M 3s
 14200K .......... .......... .......... .......... .......... 19%  480M 3s
 14250K .......... .......... .......... .......... .......... 19%  287M 3s
 14300K .......... .......... .......... .......... .......... 19%  550M 3s
 14350K .......... .......... .......... .......... .......... 19%  365M 3s
 14400K .......... .......... .......... .......... .......... 19%  425M 3s
 14450K .......... .......... .......... .......... .......... 19%  586M 3s
 14500K .......... .......... .......... .......... .......... 19%  191M 3s
 14550K .......... .......... .......... .......... .......... 20%  483M 3s
 14600K .......... .......... .......... .......... .......... 20%  472M 3s
 14650K .......... .......... .......... .......... .......... 20%  311M 3s
 14700K .......... .......... .......... .......... .......... 20%  362M 3s
 14750K .......... .......... .......... .......... .......... 20%  567M 3s
 14800K .......... .......... .......... .......... .......... 20%  495M 3s
 14850K .......... .......... .......... .......... .......... 20%  631M 3s
 14900K .......... .......... .......... .......... .......... 20% 43.4M 3s
 14950K .......... .......... .......... .......... .......... 20%  619M 3s
 15000K .......... .......... .......... .......... .......... 20%  165M 3s
 15050K .......... .......... .......... .......... .......... 20%  480M 3s
 15100K .......... .......... .......... .......... .......... 20%  513M 3s
 15150K .......... .......... .......... .......... .......... 20%  169M 3s
 15200K .......... .......... .......... .......... .......... 20%  188M 3s
 15250K .......... .......... .......... .......... .......... 20%  269M 3s
 15300K .......... .......... .......... .......... .......... 21%  162M 3s
 15350K .......... .......... .......... .......... .......... 21%  416K 3s
 15400K .......... .......... .......... .......... .......... 21%  509M 3s
 15450K .......... .......... .......... .......... .......... 21% 3.73M 3s
 15500K .......... .......... .......... .......... .......... 21%  263M 3s
 15550K .......... .......... .......... .......... .......... 21%  485M 3s
 15600K .......... .......... .......... .......... .......... 21%  300M 3s
 15650K .......... .......... .......... .......... .......... 21%  115M 3s
 15700K .......... .......... .......... .......... .......... 21%  101M 3s
 15750K .......... .......... .......... .......... .......... 21%  402M 3s
 15800K .......... .......... .......... .......... .......... 21%  601M 3s
 15850K .......... .......... .......... .......... .......... 21%  106M 3s
 15900K .......... .......... .......... .......... .......... 21%  118M 3s
 15950K .......... .......... .......... .......... .......... 21%  503M 3s
 16000K .......... .......... .......... .......... .......... 22%  489M 3s
 16050K .......... .......... .......... .......... .......... 22%  298M 3s
 16100K .......... .......... .......... .......... .......... 22% 47.7M 3s
 16150K .......... .......... .......... .......... .......... 22%  481M 3s
 16200K .......... .......... .......... .......... .......... 22%  561M 3s
 16250K .......... .......... .......... .......... .......... 22%  509M 3s
 16300K .......... .......... .......... .......... .......... 22%  483M 3s
 16350K .......... .......... .......... .......... .......... 22%  477M 3s
 16400K .......... .......... .......... .......... .......... 22%  638M 3s
 16450K .......... .......... .......... .......... .......... 22%  474M 3s
 16500K .......... .......... .......... .......... .......... 22%  392M 3s
 16550K .......... .......... .......... .......... .......... 22%  194M 3s
 16600K .......... .......... .......... .......... .......... 22%  149M 3s
 16650K .......... .......... .......... .......... .......... 22%  292M 3s
 16700K .......... .......... .......... .......... .......... 22%  464M 3s
 16750K .......... .......... .......... .......... .......... 23% 40.5M 3s
 16800K .......... .......... .......... .......... .......... 23%  606M 3s
 16850K .......... .......... .......... .......... .......... 23%  671M 3s
 16900K .......... .......... .......... .......... .......... 23%  560M 3s
 16950K .......... .......... .......... .......... .......... 23% 63.8M 3s
 17000K .......... .......... .......... .......... .......... 23%  206M 3s
 17050K .......... .......... .......... .......... .......... 23%  138M 3s
 17100K .......... .......... .......... .......... .......... 23%  622M 3s
 17150K .......... .......... .......... .......... .......... 23%  150M 3s
 17200K .......... .......... .......... .......... .......... 23%  239M 3s
 17250K .......... .......... .......... .......... .......... 23% 87.6M 3s
 17300K .......... .......... .......... .......... .......... 23% 48.8M 3s
 17350K .......... .......... .......... .......... .......... 23%  448M 3s
 17400K .......... .......... .......... .......... .......... 23%  533M 3s
 17450K .......... .......... .......... .......... .......... 24%  619M 3s
 17500K .......... .......... .......... .......... .......... 24%  556M 3s
 17550K .......... .......... .......... .......... .......... 24%  559M 3s
 17600K .......... .......... .......... .......... .......... 24%  632M 3s
 17650K .......... .......... .......... .......... .......... 24%  512M 3s
 17700K .......... .......... .......... .......... .......... 24%  357M 3s
 17750K .......... .......... .......... .......... .......... 24%  260M 3s
 17800K .......... .......... .......... .......... .......... 24% 97.3M 3s
 17850K .......... .......... .......... .......... .......... 24%  456M 3s
 17900K .......... .......... .......... .......... .......... 24%  431M 3s
 17950K .......... .......... .......... .......... .......... 24% 40.3M 2s
 18000K .......... .......... .......... .......... .......... 24%  507M 2s
 18050K .......... .......... .......... .......... .......... 24%  586M 2s
 18100K .......... .......... .......... .......... .......... 24%  568M 2s
 18150K .......... .......... .......... .......... .......... 24%  277M 2s
 18200K .......... .......... .......... .......... .......... 25%  172M 2s
 18250K .......... .......... .......... .......... .......... 25%  561M 2s
 18300K .......... .......... .......... .......... .......... 25%  413M 2s
 18350K .......... .......... .......... .......... .......... 25% 41.7M 2s
 18400K .......... .......... .......... .......... .......... 25%  425M 2s
 18450K .......... .......... .......... .......... .......... 25% 77.6M 2s
 18500K .......... .......... .......... .......... .......... 25%  482M 2s
 18550K .......... .......... .......... .......... .......... 25% 75.4M 2s
 18600K .......... .......... .......... .......... .......... 25%  508M 2s
 18650K .......... .......... .......... .......... .......... 25%  120M 2s
 18700K .......... .......... .......... .......... .......... 25%  539M 2s
 18750K .......... .......... .......... .......... .......... 25% 83.9M 2s
 18800K .......... .......... .......... .......... .......... 25%  559M 2s
 18850K .......... .......... .......... .......... .......... 25%  528M 2s
 18900K .......... .......... .......... .......... .......... 26%  563M 2s
 18950K .......... .......... .......... .......... .......... 26%  290M 2s
 19000K .......... .......... .......... .......... .......... 26%  450M 2s
 19050K .......... .......... .......... .......... .......... 26%  306M 2s
 19100K .......... .......... .......... .......... .......... 26% 99.4M 2s
 19150K .......... .......... .......... .......... .......... 26%  149M 2s
 19200K .......... .......... .......... .......... .......... 26%  558M 2s
 19250K .......... .......... .......... .......... .......... 26%  952K 2s
 19300K .......... .......... .......... .......... .......... 26%  458M 2s
 19350K .......... .......... .......... .......... .......... 26%  493M 2s
 19400K .......... .......... .......... .......... .......... 26%  571M 2s
 19450K .......... .......... .......... .......... .......... 26%  591M 2s
 19500K .......... .......... .......... .......... .......... 26%  410M 2s
 19550K .......... .......... .......... .......... .......... 26%  549M 2s
 19600K .......... .......... .......... .......... .......... 26%  559M 2s
 19650K .......... .......... .......... .......... .......... 27% 52.0M 2s
 19700K .......... .......... .......... .......... .......... 27%  483M 2s
 19750K .......... .......... .......... .......... .......... 27%  455M 2s
 19800K .......... .......... .......... .......... .......... 27%  448M 2s
 19850K .......... .......... .......... .......... .......... 27%  623M 2s
 19900K .......... .......... .......... .......... .......... 27%  485M 2s
 19950K .......... .......... .......... .......... .......... 27%  517M 2s
 20000K .......... .......... .......... .......... .......... 27%  551M 2s
 20050K .......... .......... .......... .......... .......... 27%  459M 2s
 20100K .......... .......... .......... .......... .......... 27%  525M 2s
 20150K .......... .......... .......... .......... .......... 27%  599M 2s
 20200K .......... .......... .......... .......... .......... 27%  505M 2s
 20250K .......... .......... .......... .......... .......... 27%  606M 2s
 20300K .......... .......... .......... .......... .......... 27%  565M 2s
 20350K .......... .......... .......... .......... .......... 27%  466M 2s
 20400K .......... .......... .......... .......... .......... 28%  602M 2s
 20450K .......... .......... .......... .......... .......... 28% 86.6M 2s
 20500K .......... .......... .......... .......... .......... 28%  526M 2s
 20550K .......... .......... .......... .......... .......... 28%  553M 2s
 20600K .......... .......... .......... .......... .......... 28%  547M 2s
 20650K .......... .......... .......... .......... .......... 28%  535M 2s
 20700K .......... .......... .......... .......... .......... 28%  498M 2s
 20750K .......... .......... .......... .......... .......... 28%  647M 2s
 20800K .......... .......... .......... .......... .......... 28%  529M 2s
 20850K .......... .......... .......... .......... .......... 28%  595M 2s
 20900K .......... .......... .......... .......... .......... 28%  528M 2s
 20950K .......... .......... .......... .......... .......... 28%  528M 2s
 21000K .......... .......... .......... .......... .......... 28%  620M 2s
 21050K .......... .......... .......... .......... .......... 28%  611M 2s
 21100K .......... .......... .......... .......... .......... 29%  538M 2s
 21150K .......... .......... .......... .......... .......... 29%  423M 2s
 21200K .......... .......... .......... .......... .......... 29%  503M 2s
 21250K .......... .......... .......... .......... .......... 29%  645M 2s
 21300K .......... .......... .......... .......... .......... 29%  125M 2s
 21350K .......... .......... .......... .......... .......... 29%  439M 2s
 21400K .......... .......... .......... .......... .......... 29%  567M 2s
 21450K .......... .......... .......... .......... .......... 29%  496M 2s
 21500K .......... .......... .......... .......... .......... 29%  603M 2s
 21550K .......... .......... .......... .......... .......... 29% 72.2M 2s
 21600K .......... .......... .......... .......... .......... 29%  483M 2s
 21650K .......... .......... .......... .......... .......... 29%  561M 2s
 21700K .......... .......... .......... .......... .......... 29%  279M 2s
 21750K .......... .......... .......... .......... .......... 29%  224M 2s
 21800K .......... .......... .......... .......... .......... 29%  196M 2s
 21850K .......... .......... .......... .......... .......... 30%  535M 2s
 21900K .......... .......... .......... .......... .......... 30%  522M 2s
 21950K .......... .......... .......... .......... .......... 30%  495M 2s
 22000K .......... .......... .......... .......... .......... 30%  566M 2s
 22050K .......... .......... .......... .......... .......... 30%  578M 2s
 22100K .......... .......... .......... .......... .......... 30% 46.0M 2s
 22150K .......... .......... .......... .......... .......... 30%  367M 2s
 22200K .......... .......... .......... .......... .......... 30%  616M 2s
 22250K .......... .......... .......... .......... .......... 30%  114M 2s
 22300K .......... .......... .......... .......... .......... 30%  381M 2s
 22350K .......... .......... .......... .......... .......... 30%  438M 2s
 22400K .......... .......... .......... .......... .......... 30%  129M 2s
 22450K .......... .......... .......... .......... .......... 30%  108M 2s
 22500K .......... .......... .......... .......... .......... 30%  389M 2s
 22550K .......... .......... .......... .......... .......... 31%  476M 2s
 22600K .......... .......... .......... .......... .......... 31%  228M 2s
 22650K .......... .......... .......... .......... .......... 31% 2.12M 2s
 22700K .......... .......... .......... .......... .......... 31% 46.0M 2s
 22750K .......... .......... .......... .......... .......... 31%  328M 2s
 22800K .......... .......... .......... .......... .......... 31%  548M 2s
 22850K .......... .......... .......... .......... .......... 31%  448M 2s
 22900K .......... .......... .......... .......... .......... 31%  362M 2s
 22950K .......... .......... .......... .......... .......... 31%  547M 2s
 23000K .......... .......... .......... .......... .......... 31% 67.3M 2s
 23050K .......... .......... .......... .......... .......... 31%  421M 2s
 23100K .......... .......... .......... .......... .......... 31%  588M 2s
 23150K .......... .......... .......... .......... .......... 31%  594M 2s
 23200K .......... .......... .......... .......... .......... 31% 1.57M 2s
 23250K .......... .......... .......... .......... .......... 31%  452M 2s
 23300K .......... .......... .......... .......... .......... 32%  524M 2s
 23350K .......... .......... .......... .......... .......... 32%  327M 2s
 23400K .......... .......... .......... .......... .......... 32%  572M 2s
 23450K .......... .......... .......... .......... .......... 32%  521M 2s
 23500K .......... .......... .......... .......... .......... 32%  331M 2s
 23550K .......... .......... .......... .......... .......... 32%  477M 2s
 23600K .......... .......... .......... .......... .......... 32%  298M 2s
 23650K .......... .......... .......... .......... .......... 32%  522M 2s
 23700K .......... .......... .......... .......... .......... 32%  480M 2s
 23750K .......... .......... .......... .......... .......... 32%  622M 2s
 23800K .......... .......... .......... .......... .......... 32%  464M 2s
 23850K .......... .......... .......... .......... .......... 32%  338M 2s
 23900K .......... .......... .......... .......... .......... 32%  593M 2s
 23950K .......... .......... .......... .......... .......... 32%  665M 2s
 24000K .......... .......... .......... .......... .......... 33%  509M 2s
 24050K .......... .......... .......... .......... .......... 33%  519M 2s
 24100K .......... .......... .......... .......... .......... 33%  632M 2s
 24150K .......... .......... .......... .......... .......... 33%  570M 2s
 24200K .......... .......... .......... .......... .......... 33%  518M 2s
 24250K .......... .......... .......... .......... .......... 33%  486M 2s
 24300K .......... .......... .......... .......... .......... 33%  456M 2s
 24350K .......... .......... .......... .......... .......... 33%  628M 2s
 24400K .......... .......... .......... .......... .......... 33%  396M 2s
 24450K .......... .......... .......... .......... .......... 33%  495M 2s
 24500K .......... .......... .......... .......... .......... 33%  586M 2s
 24550K .......... .......... .......... .......... .......... 33%  544M 2s
 24600K .......... .......... .......... .......... .......... 33%  570M 2s
 24650K .......... .......... .......... .......... .......... 33%  517M 2s
 24700K .......... .......... .......... .......... .......... 33%  431M 2s
 24750K .......... .......... .......... .......... .......... 34%  417M 2s
 24800K .......... .......... .......... .......... .......... 34%  450M 2s
 24850K .......... .......... .......... .......... .......... 34%  598M 2s
 24900K .......... .......... .......... .......... .......... 34%  518M 2s
 24950K .......... .......... .......... .......... .......... 34%  615M 2s
 25000K .......... .......... .......... .......... .......... 34% 32.4M 2s
 25050K .......... .......... .......... .......... .......... 34% 70.4M 2s
 25100K .......... .......... .......... .......... .......... 34%  572M 2s
 25150K .......... .......... .......... .......... .......... 34%  557M 2s
 25200K .......... .......... .......... .......... .......... 34%  576M 2s
 25250K .......... .......... .......... .......... .......... 34%  548M 2s
 25300K .......... .......... .......... .......... .......... 34%  494M 2s
 25350K .......... .......... .......... .......... .......... 34%  642M 2s
 25400K .......... .......... .......... .......... .......... 34%  528M 2s
 25450K .......... .......... .......... .......... .......... 34%  556M 2s
 25500K .......... .......... .......... .......... .......... 35%  593M 2s
 25550K .......... .......... .......... .......... .......... 35%  605M 2s
 25600K .......... .......... .......... .......... .......... 35%  602M 2s
 25650K .......... .......... .......... .......... .......... 35%  437M 2s
 25700K .......... .......... .......... .......... .......... 35%  570M 2s
 25750K .......... .......... .......... .......... .......... 35% 22.4M 2s
 25800K .......... .......... .......... .......... .......... 35%  313M 2s
 25850K .......... .......... .......... .......... .......... 35%  101M 2s
 25900K .......... .......... .......... .......... .......... 35%  237M 2s
 25950K .......... .......... .......... .......... .......... 35%  450M 2s
 26000K .......... .......... .......... .......... .......... 35%  281M 2s
 26050K .......... .......... .......... .......... .......... 35% 34.1M 2s
 26100K .......... .......... .......... .......... .......... 35%  156M 2s
 26150K .......... .......... .......... .......... .......... 35%  547M 2s
 26200K .......... .......... .......... .......... .......... 36%  546M 2s
 26250K .......... .......... .......... .......... .......... 36%  367M 2s
 26300K .......... .......... .......... .......... .......... 36%  508M 2s
 26350K .......... .......... .......... .......... .......... 36%  594M 2s
 26400K .......... .......... .......... .......... .......... 36%  595M 2s
 26450K .......... .......... .......... .......... .......... 36%  478M 2s
 26500K .......... .......... .......... .......... .......... 36%  667M 2s
 26550K .......... .......... .......... .......... .......... 36% 53.6M 2s
 26600K .......... .......... .......... .......... .......... 36% 2.06M 2s
 26650K .......... .......... .......... .......... .......... 36%  472M 2s
 26700K .......... .......... .......... .......... .......... 36%  649M 2s
 26750K .......... .......... .......... .......... .......... 36%  626M 2s
 26800K .......... .......... .......... .......... .......... 36%  466M 2s
 26850K .......... .......... .......... .......... .......... 36%  482M 2s
 26900K .......... .......... .......... .......... .......... 36%  538M 2s
 26950K .......... .......... .......... .......... .......... 37%  634M 2s
 27000K .......... .......... .......... .......... .......... 37%  599M 2s
 27050K .......... .......... .......... .......... .......... 37%  515M 2s
 27100K .......... .......... .......... .......... .......... 37%  561M 2s
 27150K .......... .......... .......... .......... .......... 37% 1.63M 2s
 27200K .......... .......... .......... .......... .......... 37%  436M 2s
 27250K .......... .......... .......... .......... .......... 37%  550M 2s
 27300K .......... .......... .......... .......... .......... 37%  533M 2s
 27350K .......... .......... .......... .......... .......... 37%  567M 2s
 27400K .......... .......... .......... .......... .......... 37%  542M 2s
 27450K .......... .......... .......... .......... .......... 37%  527M 2s
 27500K .......... .......... .......... .......... .......... 37%  115M 2s
 27550K .......... .......... .......... .......... .......... 37%  477M 2s
 27600K .......... .......... .......... .......... .......... 37%  618M 2s
 27650K .......... .......... .......... .......... .......... 38%  498M 2s
 27700K .......... .......... .......... .......... .......... 38%  588M 2s
 27750K .......... .......... .......... .......... .......... 38%  588M 2s
 27800K .......... .......... .......... .......... .......... 38%  433M 2s
 27850K .......... .......... .......... .......... .......... 38%  520M 2s
 27900K .......... .......... .......... .......... .......... 38%  535M 2s
 27950K .......... .......... .......... .......... .......... 38%  569M 2s
 28000K .......... .......... .......... .......... .......... 38%  635M 2s
 28050K .......... .......... .......... .......... .......... 38%  530M 2s
 28100K .......... .......... .......... .......... .......... 38%  514M 2s
 28150K .......... .......... .......... .......... .......... 38%  609M 2s
 28200K .......... .......... .......... .......... .......... 38%  547M 2s
 28250K .......... .......... .......... .......... .......... 38%  628M 2s
 28300K .......... .......... .......... .......... .......... 38% 3.25M 2s
 28350K .......... .......... .......... .......... .......... 38%  179M 2s
 28400K .......... .......... .......... .......... .......... 39%  266M 2s
 28450K .......... .......... .......... .......... .......... 39%  496M 2s
 28500K .......... .......... .......... .......... .......... 39% 44.7M 2s
 28550K .......... .......... .......... .......... .......... 39%  520M 2s
 28600K .......... .......... .......... .......... .......... 39% 24.1M 2s
 28650K .......... .......... .......... .......... .......... 39%  127M 2s
 28700K .......... .......... .......... .......... .......... 39%  521M 2s
 28750K .......... .......... .......... .......... .......... 39%  146M 2s
 28800K .......... .......... .......... .......... .......... 39%  314M 2s
 28850K .......... .......... .......... .......... .......... 39%  479M 2s
 28900K .......... .......... .......... .......... .......... 39%  170M 2s
 28950K .......... .......... .......... .......... .......... 39%  154M 2s
 29000K .......... .......... .......... .......... .......... 39% 94.5M 2s
 29050K .......... .......... .......... .......... .......... 39%  477M 2s
 29100K .......... .......... .......... .......... .......... 40%  191M 2s
 29150K .......... .......... .......... .......... .......... 40%  187M 2s
 29200K .......... .......... .......... .......... .......... 40%  145M 2s
 29250K .......... .......... .......... .......... .......... 40%  540M 2s
 29300K .......... .......... .......... .......... .......... 40%  205M 2s
 29350K .......... .......... .......... .......... .......... 40%  187M 2s
 29400K .......... .......... .......... .......... .......... 40% 18.4M 2s
 29450K .......... .......... .......... .......... .......... 40%  921K 2s
 29500K .......... .......... .......... .......... .......... 40%  394M 2s
 29550K .......... .......... .......... .......... .......... 40%  195M 2s
 29600K .......... .......... .......... .......... .......... 40%  574M 2s
 29650K .......... .......... .......... .......... .......... 40%  487M 2s
 29700K .......... .......... .......... .......... .......... 40%  301M 2s
 29750K .......... .......... .......... .......... .......... 40%  539M 2s
 29800K .......... .......... .......... .......... .......... 40% 21.2M 2s
 29850K .......... .......... .......... .......... .......... 41%  324M 2s
 29900K .......... .......... .......... .......... .......... 41%  210M 2s
 29950K .......... .......... .......... .......... .......... 41%  561M 2s
 30000K .......... .......... .......... .......... .......... 41%  108M 2s
 30050K .......... .......... .......... .......... .......... 41%  107M 2s
 30100K .......... .......... .......... .......... .......... 41%  564M 2s
 30150K .......... .......... .......... .......... .......... 41%  564M 2s
 30200K .......... .......... .......... .......... .......... 41%  124M 2s
 30250K .......... .......... .......... .......... .......... 41% 22.9M 2s
 30300K .......... .......... .......... .......... .......... 41%  549M 2s
 30350K .......... .......... .......... .......... .......... 41%  447M 2s
 30400K .......... .......... .......... .......... .......... 41%  485M 2s
 30450K .......... .......... .......... .......... .......... 41%  231M 2s
 30500K .......... .......... .......... .......... .......... 41%  136M 2s
 30550K .......... .......... .......... .......... .......... 41%  241M 2s
 30600K .......... .......... .......... .......... .......... 42%  264M 2s
 30650K .......... .......... .......... .......... .......... 42%  586M 2s
 30700K .......... .......... .......... .......... .......... 42%  353K 2s
 30750K .......... .......... .......... .......... .......... 42%  102M 2s
 30800K .......... .......... .......... .......... .......... 42% 3.01M 2s
 30850K .......... .......... .......... .......... .......... 42%  295M 2s
 30900K .......... .......... .......... .......... .......... 42%  133M 2s
 30950K .......... .......... .......... .......... .......... 42%  474M 2s
 31000K .......... .......... .......... .......... .......... 42%  262M 2s
 31050K .......... .......... .......... .......... .......... 42%  328M 2s
 31100K .......... .......... .......... .......... .......... 42%  210M 2s
 31150K .......... .......... .......... .......... .......... 42%  363M 2s
 31200K .......... .......... .......... .......... .......... 42%  183M 2s
 31250K .......... .......... .......... .......... .......... 42% 57.2M 2s
 31300K .......... .......... .......... .......... .......... 43%  478M 2s
 31350K .......... .......... .......... .......... .......... 43%  501M 2s
 31400K .......... .......... .......... .......... .......... 43%  559M 2s
 31450K .......... .......... .......... .......... .......... 43%  539M 2s
 31500K .......... .......... .......... .......... .......... 43%  619M 2s
 31550K .......... .......... .......... .......... .......... 43%  494M 2s
 31600K .......... .......... .......... .......... .......... 43% 44.1M 2s
 31650K .......... .......... .......... .......... .......... 43%  502M 2s
 31700K .......... .......... .......... .......... .......... 43%  601M 2s
 31750K .......... .......... .......... .......... .......... 43%  574M 2s
 31800K .......... .......... .......... .......... .......... 43%  588M 2s
 31850K .......... .......... .......... .......... .......... 43%  457M 2s
 31900K .......... .......... .......... .......... .......... 43%  520M 2s
 31950K .......... .......... .......... .......... .......... 43%  360M 2s
 32000K .......... .......... .......... .......... .......... 43%  104M 2s
 32050K .......... .......... .......... .......... .......... 44%  487M 2s
 32100K .......... .......... .......... .......... .......... 44%  100M 2s
 32150K .......... .......... .......... .......... .......... 44% 80.1M 2s
 32200K .......... .......... .......... .......... .......... 44%  419M 2s
 32250K .......... .......... .......... .......... .......... 44%  403M 2s
 32300K .......... .......... .......... .......... .......... 44% 69.7M 2s
 32350K .......... .......... .......... .......... .......... 44%  433M 2s
 32400K .......... .......... .......... .......... .......... 44% 56.4M 2s
 32450K .......... .......... .......... .......... .......... 44%  217M 2s
 32500K .......... .......... .......... .......... .......... 44%  108M 2s
 32550K .......... .......... .......... .......... .......... 44%  452M 2s
 32600K .......... .......... .......... .......... .......... 44%  501M 2s
 32650K .......... .......... .......... .......... .......... 44%  155M 2s
 32700K .......... .......... .......... .......... .......... 44% 23.9M 2s
 32750K .......... .......... .......... .......... .......... 45%  449M 2s
 32800K .......... .......... .......... .......... .......... 45%  544M 2s
 32850K .......... .......... .......... .......... .......... 45%  646M 2s
 32900K .......... .......... .......... .......... .......... 45% 60.5M 2s
 32950K .......... .......... .......... .......... .......... 45%  463M 2s
 33000K .......... .......... .......... .......... .......... 45%  588M 2s
 33050K .......... .......... .......... .......... .......... 45%  593M 2s
 33100K .......... .......... .......... .......... .......... 45%  156M 2s
 33150K .......... .......... .......... .......... .......... 45%  148M 2s
 33200K .......... .......... .......... .......... .......... 45%  243M 2s
 33250K .......... .......... .......... .......... .......... 45%  196M 2s
 33300K .......... .......... .......... .......... .......... 45%  506M 2s
 33350K .......... .......... .......... .......... .......... 45%  228M 2s
 33400K .......... .......... .......... .......... .......... 45% 29.8M 2s
 33450K .......... .......... .......... .......... .......... 45% 31.2M 2s
 33500K .......... .......... .......... .......... .......... 46% 44.4M 2s
 33550K .......... .......... .......... .......... .......... 46% 46.2M 1s
 33600K .......... .......... .......... .......... .......... 46%  486M 1s
 33650K .......... .......... .......... .......... .......... 46% 24.5M 1s
 33700K .......... .......... .......... .......... .......... 46% 33.7M 1s
 33750K .......... .......... .......... .......... .......... 46%  110M 1s
 33800K .......... .......... .......... .......... .......... 46%  596M 1s
 33850K .......... .......... .......... .......... .......... 46%  101M 1s
 33900K .......... .......... .......... .......... .......... 46% 36.4M 1s
 33950K .......... .......... .......... .......... .......... 46%  378M 1s
 34000K .......... .......... .......... .......... .......... 46%  557M 1s
 34050K .......... .......... .......... .......... .......... 46%  564M 1s
 34100K .......... .......... .......... .......... .......... 46%  592M 1s
 34150K .......... .......... .......... .......... .......... 46% 31.0M 1s
 34200K .......... .......... .......... .......... .......... 47%  514M 1s
 34250K .......... .......... .......... .......... .......... 47%  530M 1s
 34300K .......... .......... .......... .......... .......... 47%  583M 1s
 34350K .......... .......... .......... .......... .......... 47%  623M 1s
 34400K .......... .......... .......... .......... .......... 47%  520M 1s
 34450K .......... .......... .......... .......... .......... 47%  509M 1s
 34500K .......... .......... .......... .......... .......... 47%  603M 1s
 34550K .......... .......... .......... .......... .......... 47%  524M 1s
 34600K .......... .......... .......... .......... .......... 47% 1.14M 1s
 34650K .......... .......... .......... .......... .......... 47%  158M 1s
 34700K .......... .......... .......... .......... .......... 47%  220M 1s
 34750K .......... .......... .......... .......... .......... 47%  469M 1s
 34800K .......... .......... .......... .......... .......... 47%  163M 1s
 34850K .......... .......... .......... .......... .......... 47%  546M 1s
 34900K .......... .......... .......... .......... .......... 47% 58.3M 1s
 34950K .......... .......... .......... .......... .......... 48%  436M 1s
 35000K .......... .......... .......... .......... .......... 48%  591M 1s
 35050K .......... .......... .......... .......... .......... 48%  376M 1s
 35100K .......... .......... .......... .......... .......... 48%  445M 1s
 35150K .......... .......... .......... .......... .......... 48%  644M 1s
 35200K .......... .......... .......... .......... .......... 48%  107M 1s
 35250K .......... .......... .......... .......... .......... 48%  398M 1s
 35300K .......... .......... .......... .......... .......... 48%  506M 1s
 35350K .......... .......... .......... .......... .......... 48%  555M 1s
 35400K .......... .......... .......... .......... .......... 48%  629M 1s
 35450K .......... .......... .......... .......... .......... 48%  186M 1s
 35500K .......... .......... .......... .......... .......... 48%  520M 1s
 35550K .......... .......... .......... .......... .......... 48%  532M 1s
 35600K .......... .......... .......... .......... .......... 48%  541M 1s
 35650K .......... .......... .......... .......... .......... 48%  597M 1s
 35700K .......... .......... .......... .......... .......... 49%  546M 1s
 35750K .......... .......... .......... .......... .......... 49% 76.6M 1s
 35800K .......... .......... .......... .......... .......... 49%  526M 1s
 35850K .......... .......... .......... .......... .......... 49%  639M 1s
 35900K .......... .......... .......... .......... .......... 49%  609M 1s
 35950K .......... .......... .......... .......... .......... 49%  489M 1s
 36000K .......... .......... .......... .......... .......... 49%  109M 1s
 36050K .......... .......... .......... .......... .......... 49%  436M 1s
 36100K .......... .......... .......... .......... .......... 49%  607M 1s
 36150K .......... .......... .......... .......... .......... 49%  569M 1s
 36200K .......... .......... .......... .......... .......... 49%  622M 1s
 36250K .......... .......... .......... .......... .......... 49%  149M 1s
 36300K .......... .......... .......... .......... .......... 49%  616M 1s
 36350K .......... .......... .......... .......... .......... 49% 9.38M 1s
 36400K .......... .......... .......... .......... .......... 50%  315M 1s
 36450K .......... .......... .......... .......... .......... 50%  252M 1s
 36500K .......... .......... .......... .......... .......... 50%  544M 1s
 36550K .......... .......... .......... .......... .......... 50%  134M 1s
 36600K .......... .......... .......... .......... .......... 50%  535M 1s
 36650K .......... .......... .......... .......... .......... 50%  303M 1s
 36700K .......... .......... .......... .......... .......... 50%  266M 1s
 36750K .......... .......... .......... .......... .......... 50%  363M 1s
 36800K .......... .......... .......... .......... .......... 50%  373M 1s
 36850K .......... .......... .......... .......... .......... 50%  279M 1s
 36900K .......... .......... .......... .......... .......... 50%  267M 1s
 36950K .......... .......... .......... .......... .......... 50%  329M 1s
 37000K .......... .......... .......... .......... .......... 50%  556M 1s
 37050K .......... .......... .......... .......... .......... 50%  251M 1s
 37100K .......... .......... .......... .......... .......... 50%  529M 1s
 37150K .......... .......... .......... .......... .......... 51%  343M 1s
 37200K .......... .......... .......... .......... .......... 51%  323M 1s
 37250K .......... .......... .......... .......... .......... 51%  542M 1s
 37300K .......... .......... .......... .......... .......... 51%  559M 1s
 37350K .......... .......... .......... .......... .......... 51%  454M 1s
 37400K .......... .......... .......... .......... .......... 51%  535M 1s
 37450K .......... .......... .......... .......... .......... 51%  603M 1s
 37500K .......... .......... .......... .......... .......... 51%  581M 1s
 37550K .......... .......... .......... .......... .......... 51%  528M 1s
 37600K .......... .......... .......... .......... .......... 51%  556M 1s
 37650K .......... .......... .......... .......... .......... 51%  572M 1s
 37700K .......... .......... .......... .......... .......... 51%  160M 1s
 37750K .......... .......... .......... .......... .......... 51%  481M 1s
 37800K .......... .......... .......... .......... .......... 51%  117M 1s
 37850K .......... .......... .......... .......... .......... 52%  151M 1s
 37900K .......... .......... .......... .......... .......... 52%  261M 1s
 37950K .......... .......... .......... .......... .......... 52%  186M 1s
 38000K .......... .......... .......... .......... .......... 52%  119M 1s
 38050K .......... .......... .......... .......... .......... 52%  257M 1s
 38100K .......... .......... .......... .......... .......... 52%  159M 1s
 38150K .......... .......... .......... .......... .......... 52%  308M 1s
 38200K .......... .......... .......... .......... .......... 52%  135M 1s
 38250K .......... .......... .......... .......... .......... 52%  137M 1s
 38300K .......... .......... .......... .......... .......... 52%  462M 1s
 38350K .......... .......... .......... .......... .......... 52%  386M 1s
 38400K .......... .......... .......... .......... .......... 52%  148M 1s
 38450K .......... .......... .......... .......... .......... 52% 99.3M 1s
 38500K .......... .......... .......... .......... .......... 52%  126M 1s
 38550K .......... .......... .......... .......... .......... 52%  952K 1s
 38600K .......... .......... .......... .......... .......... 53%  289M 1s
 38650K .......... .......... .......... .......... .......... 53%  215M 1s
 38700K .......... .......... .......... .......... .......... 53%  155M 1s
 38750K .......... .......... .......... .......... .......... 53%  405M 1s
 38800K .......... .......... .......... .......... .......... 53%  215M 1s
 38850K .......... .......... .......... .......... .......... 53%  188M 1s
 38900K .......... .......... .......... .......... .......... 53%  400M 1s
 38950K .......... .......... .......... .......... .......... 53%  382M 1s
 39000K .......... .......... .......... .......... .......... 53%  151M 1s
 39050K .......... .......... .......... .......... .......... 53%  256M 1s
 39100K .......... .......... .......... .......... .......... 53%  319M 1s
 39150K .......... .......... .......... .......... .......... 53%  172M 1s
 39200K .......... .......... .......... .......... .......... 53%  566M 1s
 39250K .......... .......... .......... .......... .......... 53%  269M 1s
 39300K .......... .......... .......... .......... .......... 53%  306M 1s
 39350K .......... .......... .......... .......... .......... 54%  162M 1s
 39400K .......... .......... .......... .......... .......... 54%  554M 1s
 39450K .......... .......... .......... .......... .......... 54%  140M 1s
 39500K .......... .......... .......... .......... .......... 54%  404M 1s
 39550K .......... .......... .......... .......... .......... 54%  175M 1s
 39600K .......... .......... .......... .......... .......... 54%  347M 1s
 39650K .......... .......... .......... .......... .......... 54%  565M 1s
 39700K .......... .......... .......... .......... .......... 54%  198M 1s
 39750K .......... .......... .......... .......... .......... 54%  171M 1s
 39800K .......... .......... .......... .......... .......... 54%  284M 1s
 39850K .......... .......... .......... .......... .......... 54%  449M 1s
 39900K .......... .......... .......... .......... .......... 54% 80.3M 1s
 39950K .......... .......... .......... .......... .......... 54%  550M 1s
 40000K .......... .......... .......... .......... .......... 54%  132M 1s
 40050K .......... .......... .......... .......... .......... 55%  354M 1s
 40100K .......... .......... .......... .......... .......... 55%  543M 1s
 40150K .......... .......... .......... .......... .......... 55%  570M 1s
 40200K .......... .......... .......... .......... .......... 55%  512M 1s
 40250K .......... .......... .......... .......... .......... 55%  116M 1s
 40300K .......... .......... .......... .......... .......... 55% 15.1M 1s
 40350K .......... .......... .......... .......... .......... 55%  265M 1s
 40400K .......... .......... .......... .......... .......... 55%  264M 1s
 40450K .......... .......... .......... .......... .......... 55%  286M 1s
 40500K .......... .......... .......... .......... .......... 55%  516M 1s
 40550K .......... .......... .......... .......... .......... 55%  581M 1s
 40600K .......... .......... .......... .......... .......... 55%  492M 1s
 40650K .......... .......... .......... .......... .......... 55%  464M 1s
 40700K .......... .......... .......... .......... .......... 55%  504M 1s
 40750K .......... .......... .......... .......... .......... 55%  277M 1s
 40800K .......... .......... .......... .......... .......... 56%  545M 1s
 40850K .......... .......... .......... .......... .......... 56%  277M 1s
 40900K .......... .......... .......... .......... .......... 56%  470M 1s
 40950K .......... .......... .......... .......... .......... 56%  587M 1s
 41000K .......... .......... .......... .......... .......... 56%  582M 1s
 41050K .......... .......... .......... .......... .......... 56%  199M 1s
 41100K .......... .......... .......... .......... .......... 56%  627M 1s
 41150K .......... .......... .......... .......... .......... 56%  298M 1s
 41200K .......... .......... .......... .......... .......... 56%  327M 1s
 41250K .......... .......... .......... .......... .......... 56%  520M 1s
 41300K .......... .......... .......... .......... .......... 56%  397M 1s
 41350K .......... .......... .......... .......... .......... 56%  422M 1s
 41400K .......... .......... .......... .......... .......... 56%  579M 1s
 41450K .......... .......... .......... .......... .......... 56%  284M 1s
 41500K .......... .......... .......... .......... .......... 57%  521M 1s
 41550K .......... .......... .......... .......... .......... 57%  532M 1s
 41600K .......... .......... .......... .......... .......... 57%  466M 1s
 41650K .......... .......... .......... .......... .......... 57%  264M 1s
 41700K .......... .......... .......... .......... .......... 57%  490M 1s
 41750K .......... .......... .......... .......... .......... 57%  545M 1s
 41800K .......... .......... .......... .......... .......... 57%  445M 1s
 41850K .......... .......... .......... .......... .......... 57%  271M 1s
 41900K .......... .......... .......... .......... .......... 57%  132M 1s
 41950K .......... .......... .......... .......... .......... 57%  508M 1s
 42000K .......... .......... .......... .......... .......... 57% 84.7M 1s
 42050K .......... .......... .......... .......... .......... 57%  498M 1s
 42100K .......... .......... .......... .......... .......... 57%  611M 1s
 42150K .......... .......... .......... .......... .......... 57%  598M 1s
 42200K .......... .......... .......... .......... .......... 57%  447M 1s
 42250K .......... .......... .......... .......... .......... 58%  570M 1s
 42300K .......... .......... .......... .......... .......... 58%  524M 1s
 42350K .......... .......... .......... .......... .......... 58%  261M 1s
 42400K .......... .......... .......... .......... .......... 58%  509M 1s
 42450K .......... .......... .......... .......... .......... 58%  529M 1s
 42500K .......... .......... .......... .......... .......... 58% 1011K 1s
 42550K .......... .......... .......... .......... .......... 58%  419M 1s
 42600K .......... .......... .......... .......... .......... 58%  129M 1s
 42650K .......... .......... .......... .......... .......... 58%  390M 1s
 42700K .......... .......... .......... .......... .......... 58% 51.0M 1s
 42750K .......... .......... .......... .......... .......... 58%  296M 1s
 42800K .......... .......... .......... .......... .......... 58%  516M 1s
 42850K .......... .......... .......... .......... .......... 58%  593M 1s
 42900K .......... .......... .......... .......... .......... 58%  620M 1s
 42950K .......... .......... .......... .......... .......... 59%  496M 1s
 43000K .......... .......... .......... .......... .......... 59%  485M 1s
 43050K .......... .......... .......... .......... .......... 59%  543M 1s
 43100K .......... .......... .......... .......... .......... 59%  509M 1s
 43150K .......... .......... .......... .......... .......... 59%  567M 1s
 43200K .......... .......... .......... .......... .......... 59%  485M 1s
 43250K .......... .......... .......... .......... .......... 59%  444M 1s
 43300K .......... .......... .......... .......... .......... 59%  510M 1s
 43350K .......... .......... .......... .......... .......... 59%  481M 1s
 43400K .......... .......... .......... .......... .......... 59%  632M 1s
 43450K .......... .......... .......... .......... .......... 59%  544M 1s
 43500K .......... .......... .......... .......... .......... 59%  562M 1s
 43550K .......... .......... .......... .......... .......... 59%  443M 1s
 43600K .......... .......... .......... .......... .......... 59%  470M 1s
 43650K .......... .......... .......... .......... .......... 59%  603M 1s
 43700K .......... .......... .......... .......... .......... 60%  520M 1s
 43750K .......... .......... .......... .......... .......... 60%  482M 1s
 43800K .......... .......... .......... .......... .......... 60%  466M 1s
 43850K .......... .......... .......... .......... .......... 60%  608M 1s
 43900K .......... .......... .......... .......... .......... 60%  598M 1s
 43950K .......... .......... .......... .......... .......... 60%  600M 1s
 44000K .......... .......... .......... .......... .......... 60%  492M 1s
 44050K .......... .......... .......... .......... .......... 60%  599M 1s
 44100K .......... .......... .......... .......... .......... 60%  537M 1s
 44150K .......... .......... .......... .......... .......... 60%  528M 1s
 44200K .......... .......... .......... .......... .......... 60%  601M 1s
 44250K .......... .......... .......... .......... .......... 60% 5.75M 1s
 44300K .......... .......... .......... .......... .......... 60%  118M 1s
 44350K .......... .......... .......... .......... .......... 60%  284M 1s
 44400K .......... .......... .......... .......... .......... 60%  466M 1s
 44450K .......... .......... .......... .......... .......... 61%  546M 1s
 44500K .......... .......... .......... .......... .......... 61%  530M 1s
 44550K .......... .......... .......... .......... .......... 61%  606M 1s
 44600K .......... .......... .......... .......... .......... 61%  607M 1s
 44650K .......... .......... .......... .......... .......... 61%  526M 1s
 44700K .......... .......... .......... .......... .......... 61%  535M 1s
 44750K .......... .......... .......... .......... .......... 61% 40.0M 1s
 44800K .......... .......... .......... .......... .......... 61%  540M 1s
 44850K .......... .......... .......... .......... .......... 61%  463M 1s
 44900K .......... .......... .......... .......... .......... 61%  522M 1s
 44950K .......... .......... .......... .......... .......... 61%  608M 1s
 45000K .......... .......... .......... .......... .......... 61%  121M 1s
 45050K .......... .......... .......... .......... .......... 61%  470M 1s
 45100K .......... .......... .......... .......... .......... 61%  540M 1s
 45150K .......... .......... .......... .......... .......... 62%  457M 1s
 45200K .......... .......... .......... .......... .......... 62%  647M 1s
 45250K .......... .......... .......... .......... .......... 62%  495M 1s
 45300K .......... .......... .......... .......... .......... 62%  544M 1s
 45350K .......... .......... .......... .......... .......... 62%  609M 1s
 45400K .......... .......... .......... .......... .......... 62%  226M 1s
 45450K .......... .......... .......... .......... .......... 62%  527M 1s
 45500K .......... .......... .......... .......... .......... 62%  483M 1s
 45550K .......... .......... .......... .......... .......... 62%  504M 1s
 45600K .......... .......... .......... .......... .......... 62%  474M 1s
 45650K .......... .......... .......... .......... .......... 62%  607M 1s
 45700K .......... .......... .......... .......... .......... 62%  594M 1s
 45750K .......... .......... .......... .......... .......... 62%  379M 1s
 45800K .......... .......... .......... .......... .......... 62% 69.3M 1s
 45850K .......... .......... .......... .......... .......... 62%  320M 1s
 45900K .......... .......... .......... .......... .......... 63%  599M 1s
 45950K .......... .......... .......... .......... .......... 63%  501M 1s
 46000K .......... .......... .......... .......... .......... 63%  508M 1s
 46050K .......... .......... .......... .......... .......... 63%  361K 1s
 46100K .......... .......... .......... .......... .......... 63%  605M 1s
 46150K .......... .......... .......... .......... .......... 63%  518M 1s
 46200K .......... .......... .......... .......... .......... 63% 41.7M 1s
 46250K .......... .......... .......... .......... .......... 63%  552M 1s
 46300K .......... .......... .......... .......... .......... 63%  281M 1s
 46350K .......... .......... .......... .......... .......... 63%  131M 1s
 46400K .......... .......... .......... .......... .......... 63%  576M 1s
 46450K .......... .......... .......... .......... .......... 63%  111M 1s
 46500K .......... .......... .......... .......... .......... 63%  170M 1s
 46550K .......... .......... .......... .......... .......... 63%  190M 1s
 46600K .......... .......... .......... .......... .......... 64%  502M 1s
 46650K .......... .......... .......... .......... .......... 64%  141M 1s
 46700K .......... .......... .......... .......... .......... 64%  151M 1s
 46750K .......... .......... .......... .......... .......... 64%  196M 1s
 46800K .......... .......... .......... .......... .......... 64%  268M 1s
 46850K .......... .......... .......... .......... .......... 64% 29.9M 1s
 46900K .......... .......... .......... .......... .......... 64%  443M 1s
 46950K .......... .......... .......... .......... .......... 64%  268M 1s
 47000K .......... .......... .......... .......... .......... 64%  546M 1s
 47050K .......... .......... .......... .......... .......... 64%  442M 1s
 47100K .......... .......... .......... .......... .......... 64%  398M 1s
 47150K .......... .......... .......... .......... .......... 64%  374M 1s
 47200K .......... .......... .......... .......... .......... 64%  331M 1s
 47250K .......... .......... .......... .......... .......... 64%  607M 1s
 47300K .......... .......... .......... .......... .......... 64%  379M 1s
 47350K .......... .......... .......... .......... .......... 65%  534M 1s
 47400K .......... .......... .......... .......... .......... 65%  106M 1s
 47450K .......... .......... .......... .......... .......... 65%  219M 1s
 47500K .......... .......... .......... .......... .......... 65% 23.4M 1s
 47550K .......... .......... .......... .......... .......... 65%  407M 1s
 47600K .......... .......... .......... .......... .......... 65%  581M 1s
 47650K .......... .......... .......... .......... .......... 65%  589M 1s
 47700K .......... .......... .......... .......... .......... 65%  560M 1s
 47750K .......... .......... .......... .......... .......... 65%  486M 1s
 47800K .......... .......... .......... .......... .......... 65%  636M 1s
 47850K .......... .......... .......... .......... .......... 65%  598M 1s
 47900K .......... .......... .......... .......... .......... 65%  495M 1s
 47950K .......... .......... .......... .......... .......... 65%  311M 1s
 48000K .......... .......... .......... .......... .......... 65% 41.0M 1s
 48050K .......... .......... .......... .......... .......... 66%  457M 1s
 48100K .......... .......... .......... .......... .......... 66%  562M 1s
 48150K .......... .......... .......... .......... .......... 66%  539M 1s
 48200K .......... .......... .......... .......... .......... 66%  568M 1s
 48250K .......... .......... .......... .......... .......... 66%  588M 1s
 48300K .......... .......... .......... .......... .......... 66% 25.2M 1s
 48350K .......... .......... .......... .......... .......... 66%  144M 1s
 48400K .......... .......... .......... .......... .......... 66%  229M 1s
 48450K .......... .......... .......... .......... .......... 66%  115M 1s
 48500K .......... .......... .......... .......... .......... 66%  458M 1s
 48550K .......... .......... .......... .......... .......... 66% 91.2M 1s
 48600K .......... .......... .......... .......... .......... 66%  544M 1s
 48650K .......... .......... .......... .......... .......... 66%  440M 1s
 48700K .......... .......... .......... .......... .......... 66%  584M 1s
 48750K .......... .......... .......... .......... .......... 66%  192M 1s
 48800K .......... .......... .......... .......... .......... 67%  394M 1s
 48850K .......... .......... .......... .......... .......... 67%  152M 1s
 48900K .......... .......... .......... .......... .......... 67%  528M 1s
 48950K .......... .......... .......... .......... .......... 67%  533M 1s
 49000K .......... .......... .......... .......... .......... 67%  152M 1s
 49050K .......... .......... .......... .......... .......... 67%  199M 1s
 49100K .......... .......... .......... .......... .......... 67%  495M 1s
 49150K .......... .......... .......... .......... .......... 67% 84.6M 1s
 49200K .......... .......... .......... .......... .......... 67%  555M 1s
 49250K .......... .......... .......... .......... .......... 67%  443M 1s
 49300K .......... .......... .......... .......... .......... 67%  534M 1s
 49350K .......... .......... .......... .......... .......... 67%  614M 1s
 49400K .......... .......... .......... .......... .......... 67%  578M 1s
 49450K .......... .......... .......... .......... .......... 67%  460M 1s
 49500K .......... .......... .......... .......... .......... 67%  453M 1s
 49550K .......... .......... .......... .......... .......... 68%  119M 1s
 49600K .......... .......... .......... .......... .......... 68%  507M 1s
 49650K .......... .......... .......... .......... .......... 68% 57.0M 1s
 49700K .......... .......... .......... .......... .......... 68%  567M 1s
 49750K .......... .......... .......... .......... .......... 68%  658M 1s
 49800K .......... .......... .......... .......... .......... 68%  570M 1s
 49850K .......... .......... .......... .......... .......... 68%  112M 1s
 49900K .......... .......... .......... .......... .......... 68%  607M 1s
 49950K .......... .......... .......... .......... .......... 68%  946K 1s
 50000K .......... .......... .......... .......... .......... 68%  484M 1s
 50050K .......... .......... .......... .......... .......... 68%  343M 1s
 50100K .......... .......... .......... .......... .......... 68%  113M 1s
 50150K .......... .......... .......... .......... .......... 68%  128M 1s
 50200K .......... .......... .......... .......... .......... 68%  105M 1s
 50250K .......... .......... .......... .......... .......... 69%  452M 1s
 50300K .......... .......... .......... .......... .......... 69%  228M 1s
 50350K .......... .......... .......... .......... .......... 69%  360M 1s
 50400K .......... .......... .......... .......... .......... 69%  559M 1s
 50450K .......... .......... .......... .......... .......... 69%  534M 1s
 50500K .......... .......... .......... .......... .......... 69%  610M 1s
 50550K .......... .......... .......... .......... .......... 69%  430M 1s
 50600K .......... .......... .......... .......... .......... 69%  625M 1s
 50650K .......... .......... .......... .......... .......... 69%  243M 1s
 50700K .......... .......... .......... .......... .......... 69%  536M 1s
 50750K .......... .......... .......... .......... .......... 69%  526M 1s
 50800K .......... .......... .......... .......... .......... 69%  599M 1s
 50850K .......... .......... .......... .......... .......... 69%  185M 1s
 50900K .......... .......... .......... .......... .......... 69%  271M 1s
 50950K .......... .......... .......... .......... .......... 69%  611M 1s
 51000K .......... .......... .......... .......... .......... 70%  274M 1s
 51050K .......... .......... .......... .......... .......... 70%  492M 1s
 51100K .......... .......... .......... .......... .......... 70%  115M 1s
 51150K .......... .......... .......... .......... .......... 70%  288M 1s
 51200K .......... .......... .......... .......... .......... 70%  505M 1s
 51250K .......... .......... .......... .......... .......... 70%  526M 1s
 51300K .......... .......... .......... .......... .......... 70%  561M 1s
 51350K .......... .......... .......... .......... .......... 70%  521M 1s
 51400K .......... .......... .......... .......... .......... 70%  622M 1s
 51450K .......... .......... .......... .......... .......... 70%  556M 1s
 51500K .......... .......... .......... .......... .......... 70%  400M 1s
 51550K .......... .......... .......... .......... .......... 70%  533M 1s
 51600K .......... .......... .......... .......... .......... 70%  591M 1s
 51650K .......... .......... .......... .......... .......... 70%  595M 1s
 51700K .......... .......... .......... .......... .......... 71%  467M 1s
 51750K .......... .......... .......... .......... .......... 71%  493M 1s
 51800K .......... .......... .......... .......... .......... 71%  561M 1s
 51850K .......... .......... .......... .......... .......... 71%  590M 1s
 51900K .......... .......... .......... .......... .......... 71%  563M 1s
 51950K .......... .......... .......... .......... .......... 71%  287M 1s
 52000K .......... .......... .......... .......... .......... 71%  506M 1s
 52050K .......... .......... .......... .......... .......... 71%  601M 1s
 52100K .......... .......... .......... .......... .......... 71%  551M 1s
 52150K .......... .......... .......... .......... .......... 71% 7.21M 1s
 52200K .......... .......... .......... .......... .......... 71%  148M 1s
 52250K .......... .......... .......... .......... .......... 71%  463M 1s
 52300K .......... .......... .......... .......... .......... 71%  445M 1s
 52350K .......... .......... .......... .......... .......... 71%  530M 1s
 52400K .......... .......... .......... .......... .......... 71%  536M 1s
 52450K .......... .......... .......... .......... .......... 72%  577M 1s
 52500K .......... .......... .......... .......... .......... 72%  505M 1s
 52550K .......... .......... .......... .......... .......... 72%  561M 1s
 52600K .......... .......... .......... .......... .......... 72%  421M 1s
 52650K .......... .......... .......... .......... .......... 72%  465M 1s
 52700K .......... .......... .......... .......... .......... 72%  609M 1s
 52750K .......... .......... .......... .......... .......... 72%  610M 1s
 52800K .......... .......... .......... .......... .......... 72%  456M 1s
 52850K .......... .......... .......... .......... .......... 72%  584M 1s
 52900K .......... .......... .......... .......... .......... 72%  102M 1s
 52950K .......... .......... .......... .......... .......... 72%  452M 1s
 53000K .......... .......... .......... .......... .......... 72%  593M 1s
 53050K .......... .......... .......... .......... .......... 72%  540M 1s
 53100K .......... .......... .......... .......... .......... 72%  554M 1s
 53150K .......... .......... .......... .......... .......... 73%  434M 1s
 53200K .......... .......... .......... .......... .......... 73% 80.6M 1s
 53250K .......... .......... .......... .......... .......... 73%  363M 1s
 53300K .......... .......... .......... .......... .......... 73%  504M 1s
 53350K .......... .......... .......... .......... .......... 73%  488M 1s
 53400K .......... .......... .......... .......... .......... 73%  557M 1s
 53450K .......... .......... .......... .......... .......... 73%  570M 1s
 53500K .......... .......... .......... .......... .......... 73%  251M 1s
 53550K .......... .......... .......... .......... .......... 73%  231M 1s
 53600K .......... .......... .......... .......... .......... 73%  352M 1s
 53650K .......... .......... .......... .......... .......... 73%  552M 1s
 53700K .......... .......... .......... .......... .......... 73%  588M 1s
 53750K .......... .......... .......... .......... .......... 73% 89.4M 1s
 53800K .......... .......... .......... .......... .......... 73%  489M 1s
 53850K .......... .......... .......... .......... .......... 73%  438M 1s
 53900K .......... .......... .......... .......... .......... 74% 1010K 1s
 53950K .......... .......... .......... .......... .......... 74%  488M 1s
 54000K .......... .......... .......... .......... .......... 74%  521M 1s
 54050K .......... .......... .......... .......... .......... 74%  552M 1s
 54100K .......... .......... .......... .......... .......... 74%  500M 1s
 54150K .......... .......... .......... .......... .......... 74%  553M 1s
 54200K .......... .......... .......... .......... .......... 74%  484M 1s
 54250K .......... .......... .......... .......... .......... 74%  523M 1s
 54300K .......... .......... .......... .......... .......... 74%  303M 1s
 54350K .......... .......... .......... .......... .......... 74%  435M 1s
 54400K .......... .......... .......... .......... .......... 74%  498M 1s
 54450K .......... .......... .......... .......... .......... 74%  143M 1s
 54500K .......... .......... .......... .......... .......... 74%  428M 1s
 54550K .......... .......... .......... .......... .......... 74%  586M 1s
 54600K .......... .......... .......... .......... .......... 74% 66.5M 1s
 54650K .......... .......... .......... .......... .......... 75%  461M 1s
 54700K .......... .......... .......... .......... .......... 75%  502M 1s
 54750K .......... .......... .......... .......... .......... 75%  605M 1s
 54800K .......... .......... .......... .......... .......... 75%  626M 1s
 54850K .......... .......... .......... .......... .......... 75% 93.7M 1s
 54900K .......... .......... .......... .......... .......... 75%  503M 1s
 54950K .......... .......... .......... .......... .......... 75%  459M 1s
 55000K .......... .......... .......... .......... .......... 75%  414M 1s
 55050K .......... .......... .......... .......... .......... 75%  630M 1s
 55100K .......... .......... .......... .......... .......... 75%  559M 1s
 55150K .......... .......... .......... .......... .......... 75%  605M 1s
 55200K .......... .......... .......... .......... .......... 75%  543M 1s
 55250K .......... .......... .......... .......... .......... 75% 70.7M 1s
 55300K .......... .......... .......... .......... .......... 75%  528M 1s
 55350K .......... .......... .......... .......... .......... 76%  551M 1s
 55400K .......... .......... .......... .......... .......... 76%  482M 1s
 55450K .......... .......... .......... .......... .......... 76%  520M 1s
 55500K .......... .......... .......... .......... .......... 76%  601M 1s
 55550K .......... .......... .......... .......... .......... 76%  543M 1s
 55600K .......... .......... .......... .......... .......... 76%  603M 1s
 55650K .......... .......... .......... .......... .......... 76%  612M 1s
 55700K .......... .......... .......... .......... .......... 76% 93.7M 1s
 55750K .......... .......... .......... .......... .......... 76%  503M 1s
 55800K .......... .......... .......... .......... .......... 76%  452M 1s
 55850K .......... .......... .......... .......... .......... 76%  570M 1s
 55900K .......... .......... .......... .......... .......... 76%  521M 1s
 55950K .......... .......... .......... .......... .......... 76%  607M 1s
 56000K .......... .......... .......... .......... .......... 76%  545M 1s
 56050K .......... .......... .......... .......... .......... 76%  624M 1s
 56100K .......... .......... .......... .......... .......... 77% 7.88M 1s
 56150K .......... .......... .......... .......... .......... 77%  341M 1s
 56200K .......... .......... .......... .......... .......... 77%  427M 1s
 56250K .......... .......... .......... .......... .......... 77%  490M 1s
 56300K .......... .......... .......... .......... .......... 77%  471M 1s
 56350K .......... .......... .......... .......... .......... 77%  561M 1s
 56400K .......... .......... .......... .......... .......... 77%  571M 1s
 56450K .......... .......... .......... .......... .......... 77%  149M 1s
 56500K .......... .......... .......... .......... .......... 77%  494M 1s
 56550K .......... .......... .......... .......... .......... 77%  347M 1s
 56600K .......... .......... .......... .......... .......... 77%  467M 1s
 56650K .......... .......... .......... .......... .......... 77%  385M 1s
 56700K .......... .......... .......... .......... .......... 77%  593M 1s
 56750K .......... .......... .......... .......... .......... 77%  552M 1s
 56800K .......... .......... .......... .......... .......... 78%  526M 1s
 56850K .......... .......... .......... .......... .......... 78%  508M 1s
 56900K .......... .......... .......... .......... .......... 78%  475M 0s
 56950K .......... .......... .......... .......... .......... 78%  507M 0s
 57000K .......... .......... .......... .......... .......... 78%  534M 0s
 57050K .......... .......... .......... .......... .......... 78%  439M 0s
 57100K .......... .......... .......... .......... .......... 78%  538M 0s
 57150K .......... .......... .......... .......... .......... 78%  587M 0s
 57200K .......... .......... .......... .......... .......... 78%  512M 0s
 57250K .......... .......... .......... .......... .......... 78%  473M 0s
 57300K .......... .......... .......... .......... .......... 78%  564M 0s
 57350K .......... .......... .......... .......... .......... 78%  540M 0s
 57400K .......... .......... .......... .......... .......... 78%  360M 0s
 57450K .......... .......... .......... .......... .......... 78%  394M 0s
 57500K .......... .......... .......... .......... .......... 78%  565M 0s
 57550K .......... .......... .......... .......... .......... 79%  621M 0s
 57600K .......... .......... .......... .......... .......... 79%  505M 0s
 57650K .......... .......... .......... .......... .......... 79%  453M 0s
 57700K .......... .......... .......... .......... .......... 79%  481M 0s
 57750K .......... .......... .......... .......... .......... 79%  584M 0s
 57800K .......... .......... .......... .......... .......... 79%  523M 0s
 57850K .......... .......... .......... .......... .......... 79%  952K 0s
 57900K .......... .......... .......... .......... .......... 79%  426M 0s
 57950K .......... .......... .......... .......... .......... 79%  579M 0s
 58000K .......... .......... .......... .......... .......... 79%  187M 0s
 58050K .......... .......... .......... .......... .......... 79%  506M 0s
 58100K .......... .......... .......... .......... .......... 79%  408M 0s
 58150K .......... .......... .......... .......... .......... 79%  514M 0s
 58200K .......... .......... .......... .......... .......... 79%  494M 0s
 58250K .......... .......... .......... .......... .......... 80%  436M 0s
 58300K .......... .......... .......... .......... .......... 80%  444M 0s
 58350K .......... .......... .......... .......... .......... 80%  456M 0s
 58400K .......... .......... .......... .......... .......... 80%  523M 0s
 58450K .......... .......... .......... .......... .......... 80%  411M 0s
 58500K .......... .......... .......... .......... .......... 80%  305M 0s
 58550K .......... .......... .......... .......... .......... 80%  530M 0s
 58600K .......... .......... .......... .......... .......... 80%  382M 0s
 58650K .......... .......... .......... .......... .......... 80%  515M 0s
 58700K .......... .......... .......... .......... .......... 80%  521M 0s
 58750K .......... .......... .......... .......... .......... 80%  483M 0s
 58800K .......... .......... .......... .......... .......... 80%  516M 0s
 58850K .......... .......... .......... .......... .......... 80%  499M 0s
 58900K .......... .......... .......... .......... .......... 80%  597M 0s
 58950K .......... .......... .......... .......... .......... 80% 86.6M 0s
 59000K .......... .......... .......... .......... .......... 81%  532M 0s
 59050K .......... .......... .......... .......... .......... 81%  432M 0s
 59100K .......... .......... .......... .......... .......... 81%  554M 0s
 59150K .......... .......... .......... .......... .......... 81%  535M 0s
 59200K .......... .......... .......... .......... .......... 81%  517M 0s
 59250K .......... .......... .......... .......... .......... 81%  585M 0s
 59300K .......... .......... .......... .......... .......... 81%  589M 0s
 59350K .......... .......... .......... .......... .......... 81%  105M 0s
 59400K .......... .......... .......... .......... .......... 81%  527M 0s
 59450K .......... .......... .......... .......... .......... 81%  571M 0s
 59500K .......... .......... .......... .......... .......... 81%  593M 0s
 59550K .......... .......... .......... .......... .......... 81%  569M 0s
 59600K .......... .......... .......... .......... .......... 81% 70.8M 0s
 59650K .......... .......... .......... .......... .......... 81%  461M 0s
 59700K .......... .......... .......... .......... .......... 81%  506M 0s
 59750K .......... .......... .......... .......... .......... 82%  611M 0s
 59800K .......... .......... .......... .......... .......... 82% 32.1M 0s
 59850K .......... .......... .......... .......... .......... 82%  157M 0s
 59900K .......... .......... .......... .......... .......... 82%  181M 0s
 59950K .......... .......... .......... .......... .......... 82%  109M 0s
 60000K .......... .......... .......... .......... .......... 82% 21.2M 0s
 60050K .......... .......... .......... .......... .......... 82%  249M 0s
 60100K .......... .......... .......... .......... .......... 82%  100M 0s
 60150K .......... .......... .......... .......... .......... 82%  547M 0s
 60200K .......... .......... .......... .......... .......... 82%  566M 0s
 60250K .......... .......... .......... .......... .......... 82%  406M 0s
 60300K .......... .......... .......... .......... .......... 82%  617M 0s
 60350K .......... .......... .......... .......... .......... 82%  443M 0s
 60400K .......... .......... .......... .......... .......... 82%  342M 0s
 60450K .......... .......... .......... .......... .......... 83%  273M 0s
 60500K .......... .......... .......... .......... .......... 83%  564M 0s
 60550K .......... .......... .......... .......... .......... 83%  633M 0s
 60600K .......... .......... .......... .......... .......... 83% 27.6M 0s
 60650K .......... .......... .......... .......... .......... 83%  170M 0s
 60700K .......... .......... .......... .......... .......... 83%  341M 0s
 60750K .......... .......... .......... .......... .......... 83%  378M 0s
 60800K .......... .......... .......... .......... .......... 83%  341M 0s
 60850K .......... .......... .......... .......... .......... 83%  373M 0s
 60900K .......... .......... .......... .......... .......... 83%  259M 0s
 60950K .......... .......... .......... .......... .......... 83%  489M 0s
 61000K .......... .......... .......... .......... .......... 83%  494M 0s
 61050K .......... .......... .......... .......... .......... 83%  204M 0s
 61100K .......... .......... .......... .......... .......... 83%  579M 0s
 61150K .......... .......... .......... .......... .......... 83%  492M 0s
 61200K .......... .......... .......... .......... .......... 84% 99.8M 0s
 61250K .......... .......... .......... .......... .......... 84% 62.8M 0s
 61300K .......... .......... .......... .......... .......... 84%  213M 0s
 61350K .......... .......... .......... .......... .......... 84%  554M 0s
 61400K .......... .......... .......... .......... .......... 84%  596K 0s
 61450K .......... .......... .......... .......... .......... 84%  307M 0s
 61500K .......... .......... .......... .......... .......... 84%  417M 0s
 61550K .......... .......... .......... .......... .......... 84% 4.93M 0s
 61600K .......... .......... .......... .......... .......... 84%  327M 0s
 61650K .......... .......... .......... .......... .......... 84%  500M 0s
 61700K .......... .......... .......... .......... .......... 84%  466M 0s
 61750K .......... .......... .......... .......... .......... 84%  486M 0s
 61800K .......... .......... .......... .......... .......... 84%  301M 0s
 61850K .......... .......... .......... .......... .......... 84%  580M 0s
 61900K .......... .......... .......... .......... .......... 85%  471M 0s
 61950K .......... .......... .......... .......... .......... 85%  495M 0s
 62000K .......... .......... .......... .......... .......... 85% 78.9M 0s
 62050K .......... .......... .......... .......... .......... 85%  463M 0s
 62100K .......... .......... .......... .......... .......... 85%  568M 0s
 62150K .......... .......... .......... .......... .......... 85%  429M 0s
 62200K .......... .......... .......... .......... .......... 85% 82.0M 0s
 62250K .......... .......... .......... .......... .......... 85%  505M 0s
 62300K .......... .......... .......... .......... .......... 85%  545M 0s
 62350K .......... .......... .......... .......... .......... 85%  254M 0s
 62400K .......... .......... .......... .......... .......... 85%  340M 0s
 62450K .......... .......... .......... .......... .......... 85%  473M 0s
 62500K .......... .......... .......... .......... .......... 85% 27.9M 0s
 62550K .......... .......... .......... .......... .......... 85%  401M 0s
 62600K .......... .......... .......... .......... .......... 85%  222M 0s
 62650K .......... .......... .......... .......... .......... 86%  549M 0s
 62700K .......... .......... .......... .......... .......... 86% 20.4M 0s
 62750K .......... .......... .......... .......... .......... 86%  335M 0s
 62800K .......... .......... .......... .......... .......... 86%  183M 0s
 62850K .......... .......... .......... .......... .......... 86%  189M 0s
 62900K .......... .......... .......... .......... .......... 86%  123M 0s
 62950K .......... .......... .......... .......... .......... 86%  320M 0s
 63000K .......... .......... .......... .......... .......... 86% 21.2M 0s
 63050K .......... .......... .......... .......... .......... 86%  437M 0s
 63100K .......... .......... .......... .......... .......... 86%  449M 0s
 63150K .......... .......... .......... .......... .......... 86%  140M 0s
 63200K .......... .......... .......... .......... .......... 86%  494M 0s
 63250K .......... .......... .......... .......... .......... 86%  247M 0s
 63300K .......... .......... .......... .......... .......... 86%  271M 0s
 63350K .......... .......... .......... .......... .......... 87%  507M 0s
 63400K .......... .......... .......... .......... .......... 87%  603M 0s
 63450K .......... .......... .......... .......... .......... 87%  570M 0s
 63500K .......... .......... .......... .......... .......... 87%  621M 0s
 63550K .......... .......... .......... .......... .......... 87%  495M 0s
 63600K .......... .......... .......... .......... .......... 87%  365M 0s
 63650K .......... .......... .......... .......... .......... 87%  150M 0s
 63700K .......... .......... .......... .......... .......... 87%  130M 0s
 63750K .......... .......... .......... .......... .......... 87%  539M 0s
 63800K .......... .......... .......... .......... .......... 87%  276M 0s
 63850K .......... .......... .......... .......... .......... 87%  308M 0s
 63900K .......... .......... .......... .......... .......... 87%  213M 0s
 63950K .......... .......... .......... .......... .......... 87% 90.2M 0s
 64000K .......... .......... .......... .......... .......... 87%  104M 0s
 64050K .......... .......... .......... .......... .......... 87%  536M 0s
 64100K .......... .......... .......... .......... .......... 88%  547M 0s
 64150K .......... .......... .......... .......... .......... 88%  362M 0s
 64200K .......... .......... .......... .......... .......... 88%  172M 0s
 64250K .......... .......... .......... .......... .......... 88% 46.3M 0s
 64300K .......... .......... .......... .......... .......... 88%  516M 0s
 64350K .......... .......... .......... .......... .......... 88%  474M 0s
 64400K .......... .......... .......... .......... .......... 88%  151M 0s
 64450K .......... .......... .......... .......... .......... 88%  185M 0s
 64500K .......... .......... .......... .......... .......... 88% 46.7M 0s
 64550K .......... .......... .......... .......... .......... 88% 6.47M 0s
 64600K .......... .......... .......... .......... .......... 88%  497M 0s
 64650K .......... .......... .......... .......... .......... 88%  417M 0s
 64700K .......... .......... .......... .......... .......... 88%  491M 0s
 64750K .......... .......... .......... .......... .......... 88%  527M 0s
 64800K .......... .......... .......... .......... .......... 88%  193M 0s
 64850K .......... .......... .......... .......... .......... 89%  353M 0s
 64900K .......... .......... .......... .......... .......... 89%  143M 0s
 64950K .......... .......... .......... .......... .......... 89%  197M 0s
 65000K .......... .......... .......... .......... .......... 89%  378M 0s
 65050K .......... .......... .......... .......... .......... 89%  149M 0s
 65100K .......... .......... .......... .......... .......... 89%  596M 0s
 65150K .......... .......... .......... .......... .......... 89%  468M 0s
 65200K .......... .......... .......... .......... .......... 89% 56.0M 0s
 65250K .......... .......... .......... .......... .......... 89%  550M 0s
 65300K .......... .......... .......... .......... .......... 89% 1.10M 0s
 65350K .......... .......... .......... .......... .......... 89% 82.7M 0s
 65400K .......... .......... .......... .......... .......... 89%  518M 0s
 65450K .......... .......... .......... .......... .......... 89%  593M 0s
 65500K .......... .......... .......... .......... .......... 89%  500M 0s
 65550K .......... .......... .......... .......... .......... 90%  651M 0s
 65600K .......... .......... .......... .......... .......... 90%  432M 0s
 65650K .......... .......... .......... .......... .......... 90%  564M 0s
 65700K .......... .......... .......... .......... .......... 90%  552M 0s
 65750K .......... .......... .......... .......... .......... 90%  139M 0s
 65800K .......... .......... .......... .......... .......... 90%  670M 0s
 65850K .......... .......... .......... .......... .......... 90%  550M 0s
 65900K .......... .......... .......... .......... .......... 90%  521M 0s
 65950K .......... .......... .......... .......... .......... 90%  603M 0s
 66000K .......... .......... .......... .......... .......... 90%  564M 0s
 66050K .......... .......... .......... .......... .......... 90%  504M 0s
 66100K .......... .......... .......... .......... .......... 90%  368M 0s
 66150K .......... .......... .......... .......... .......... 90%  564M 0s
 66200K .......... .......... .......... .......... .......... 90%  506M 0s
 66250K .......... .......... .......... .......... .......... 90%  555M 0s
 66300K .......... .......... .......... .......... .......... 91%  480M 0s
 66350K .......... .......... .......... .......... .......... 91%  613M 0s
 66400K .......... .......... .......... .......... .......... 91%  626M 0s
 66450K .......... .......... .......... .......... .......... 91%  402M 0s
 66500K .......... .......... .......... .......... .......... 91%  200M 0s
 66550K .......... .......... .......... .......... .......... 91%  530M 0s
 66600K .......... .......... .......... .......... .......... 91%  175M 0s
 66650K .......... .......... .......... .......... .......... 91%  240M 0s
 66700K .......... .......... .......... .......... .......... 91%  532M 0s
 66750K .......... .......... .......... .......... .......... 91%  185M 0s
 66800K .......... .......... .......... .......... .......... 91%  590M 0s
 66850K .......... .......... .......... .......... .......... 91%  607M 0s
 66900K .......... .......... .......... .......... .......... 91%  176M 0s
 66950K .......... .......... .......... .......... .......... 91%  541M 0s
 67000K .......... .......... .......... .......... .......... 92%  634M 0s
 67050K .......... .......... .......... .......... .......... 92%  493M 0s
 67100K .......... .......... .......... .......... .......... 92%  506M 0s
 67150K .......... .......... .......... .......... .......... 92%  104M 0s
 67200K .......... .......... .......... .......... .......... 92%  616M 0s
 67250K .......... .......... .......... .......... .......... 92%  499M 0s
 67300K .......... .......... .......... .......... .......... 92%  549M 0s
 67350K .......... .......... .......... .......... .......... 92%  599M 0s
 67400K .......... .......... .......... .......... .......... 92%  112M 0s
 67450K .......... .......... .......... .......... .......... 92%  240M 0s
 67500K .......... .......... .......... .......... .......... 92%  515M 0s
 67550K .......... .......... .......... .......... .......... 92% 75.9M 0s
 67600K .......... .......... .......... .......... .......... 92%  545M 0s
 67650K .......... .......... .......... .......... .......... 92%  602M 0s
 67700K .......... .......... .......... .......... .......... 92% 31.5M 0s
 67750K .......... .......... .......... .......... .......... 93%  564M 0s
 67800K .......... .......... .......... .......... .......... 93%  628M 0s
 67850K .......... .......... .......... .......... .......... 93%  508M 0s
 67900K .......... .......... .......... .......... .......... 93%  554M 0s
 67950K .......... .......... .......... .......... .......... 93%  440M 0s
 68000K .......... .......... .......... .......... .......... 93%  125M 0s
 68050K .......... .......... .......... .......... .......... 93%  528M 0s
 68100K .......... .......... .......... .......... .......... 93%  118M 0s
 68150K .......... .......... .......... .......... .......... 93%  161M 0s
 68200K .......... .......... .......... .......... .......... 93%  368M 0s
 68250K .......... .......... .......... .......... .......... 93%  328M 0s
 68300K .......... .......... .......... .......... .......... 93%  551M 0s
 68350K .......... .......... .......... .......... .......... 93%  420M 0s
 68400K .......... .......... .......... .......... .......... 93%  479M 0s
 68450K .......... .......... .......... .......... .......... 94% 1.74M 0s
 68500K .......... .......... .......... .......... .......... 94% 72.6M 0s
 68550K .......... .......... .......... .......... .......... 94% 84.4M 0s
 68600K .......... .......... .......... .......... .......... 94%  563M 0s
 68650K .......... .......... .......... .......... .......... 94%  529M 0s
 68700K .......... .......... .......... .......... .......... 94%  514M 0s
 68750K .......... .......... .......... .......... .......... 94%  564M 0s
 68800K .......... .......... .......... .......... .......... 94%  578M 0s
 68850K .......... .......... .......... .......... .......... 94%  639M 0s
 68900K .......... .......... .......... .......... .......... 94%  119M 0s
 68950K .......... .......... .......... .......... .......... 94%  233M 0s
 69000K .......... .......... .......... .......... .......... 94%  541M 0s
 69050K .......... .......... .......... .......... .......... 94%  369M 0s
 69100K .......... .......... .......... .......... .......... 94%  344M 0s
 69150K .......... .......... .......... .......... .......... 94% 98.2M 0s
 69200K .......... .......... .......... .......... .......... 95%  640M 0s
 69250K .......... .......... .......... .......... .......... 95% 1.89M 0s
 69300K .......... .......... .......... .......... .......... 95%  468M 0s
 69350K .......... .......... .......... .......... .......... 95%  270M 0s
 69400K .......... .......... .......... .......... .......... 95%  586M 0s
 69450K .......... .......... .......... .......... .......... 95%  532M 0s
 69500K .......... .......... .......... .......... .......... 95%  543M 0s
 69550K .......... .......... .......... .......... .......... 95%  569M 0s
 69600K .......... .......... .......... .......... .......... 95%  213M 0s
 69650K .......... .......... .......... .......... .......... 95%  554M 0s
 69700K .......... .......... .......... .......... .......... 95%  128M 0s
 69750K .......... .......... .......... .......... .......... 95%  205M 0s
 69800K .......... .......... .......... .......... .......... 95%  570M 0s
 69850K .......... .......... .......... .......... .......... 95%  614M 0s
 69900K .......... .......... .......... .......... .......... 95%  549M 0s
 69950K .......... .......... .......... .......... .......... 96%  335M 0s
 70000K .......... .......... .......... .......... .......... 96%  273M 0s
 70050K .......... .......... .......... .......... .......... 96%  503M 0s
 70100K .......... .......... .......... .......... .......... 96%  382M 0s
 70150K .......... .......... .......... .......... .......... 96%  577M 0s
 70200K .......... .......... .......... .......... .......... 96%  626M 0s
 70250K .......... .......... .......... .......... .......... 96%  493M 0s
 70300K .......... .......... .......... .......... .......... 96%  602M 0s
 70350K .......... .......... .......... .......... .......... 96%  596M 0s
 70400K .......... .......... .......... .......... .......... 96% 92.2M 0s
 70450K .......... .......... .......... .......... .......... 96%  559M 0s
 70500K .......... .......... .......... .......... .......... 96%  508M 0s
 70550K .......... .......... .......... .......... .......... 96%  564M 0s
 70600K .......... .......... .......... .......... .......... 96%  417M 0s
 70650K .......... .......... .......... .......... .......... 97%  210M 0s
 70700K .......... .......... .......... .......... .......... 97%  595M 0s
 70750K .......... .......... .......... .......... .......... 97%  467M 0s
 70800K .......... .......... .......... .......... .......... 97%  568M 0s
 70850K .......... .......... .......... .......... .......... 97%  488M 0s
 70900K .......... .......... .......... .......... .......... 97%  610M 0s
 70950K .......... .......... .......... .......... .......... 97%  341M 0s
 71000K .......... .......... .......... .......... .......... 97%  563M 0s
 71050K .......... .......... .......... .......... .......... 97%  601M 0s
 71100K .......... .......... .......... .......... .......... 97%  386M 0s
 71150K .......... .......... .......... .......... .......... 97%  497M 0s
 71200K .......... .......... .......... .......... .......... 97%  553M 0s
 71250K .......... .......... .......... .......... .......... 97%  306M 0s
 71300K .......... .......... .......... .......... .......... 97%  583M 0s
 71350K .......... .......... .......... .......... .......... 97%  510M 0s
 71400K .......... .......... .......... .......... .......... 98%  619M 0s
 71450K .......... .......... .......... .......... .......... 98%  478M 0s
 71500K .......... .......... .......... .......... .......... 98%  478M 0s
 71550K .......... .......... .......... .......... .......... 98%  196M 0s
 71600K .......... .......... .......... .......... .......... 98% 43.7M 0s
 71650K .......... .......... .......... .......... .......... 98%  522M 0s
 71700K .......... .......... .......... .......... .......... 98% 79.7M 0s
 71750K .......... .......... .......... .......... .......... 98%  522M 0s
 71800K .......... .......... .......... .......... .......... 98% 25.2M 0s
 71850K .......... .......... .......... .......... .......... 98%  143M 0s
 71900K .......... .......... .......... .......... .......... 98%  585M 0s
 71950K .......... .......... .......... .......... .......... 98% 22.4M 0s
 72000K .......... .......... .......... .......... .......... 98%  272M 0s
 72050K .......... .......... .......... .......... .......... 98% 1.87M 0s
 72100K .......... .......... .......... .......... .......... 99%  407M 0s
 72150K .......... .......... .......... .......... .......... 99%  567M 0s
 72200K .......... .......... .......... .......... .......... 99%  591M 0s
 72250K .......... .......... .......... .......... .......... 99%  535M 0s
 72300K .......... .......... .......... .......... .......... 99%  599M 0s
 72350K .......... .......... .......... .......... .......... 99%  534M 0s
 72400K .......... .......... .......... .......... .......... 99% 1.73M 0s
 72450K .......... .......... .......... .......... .......... 99%  228M 0s
 72500K .......... .......... .......... .......... .......... 99%  190M 0s
 72550K .......... .......... .......... .......... .......... 99%  514M 0s
 72600K .......... .......... .......... .......... .......... 99%  558M 0s
 72650K .......... .......... .......... .......... .......... 99%  197M 0s
 72700K .......... .......... .......... .......... .......... 99%  181M 0s
 72750K .......... .......... .......... .......... .......... 99%  474M 0s
 72800K .......... .......... .......... .......... .......... 99%  507M 0s
 72850K .......... ..........                                 100%  575M=2.2sdata
EXIT=0
